noticeIdentifier,noticeVersion,procedureIdentifier,procedureLegalBasis,formType,noticeType,publicationDate
c5ef3499-a4b9-47ec-bc70-26f11a16f0c3,01,f2e48922-8595-4df6-9476-0cfd16fe9572,32014L0024,competition,cn-standard,2026-09-16T00:00:00+02:00
3c8225a9-791b-49f1-b08d-a65ecfcb0076,01,7b87d77c-3e44-414f-ae2a-26cad15e42e1,32014L0024,cont-modif,can-modif,2026-09-16T00:00:00+02:00
c69749e4-68cc-4d41-aabc-ab5cf295998f,1,f3164ff6-d820-49aa-ba51-93f524b610c5,de-uvgo,competition,cn-standard,2026-09-15T22:06:04Z
7b083735-d2fe-4149-b920-ca6a524868e3,1,574598ca-9d26-4356-90e0-b5948cf3c008,de-vob,competition,cn-standard,2026-09-15T22:06:05Z
62017582-b322-43ba-b234-99c6d10e7cde,1,abafd342-469e-4d96-8610-36e7995742bb,de-vob,competition,cn-standard,2026-09-15T22:06:05Z
8168d760-e364-4120-9df0-b30c308f22c7,1,c6f352b0-7187-42c8-a6aa-e8f1267720d0,de-vob,competition,cn-standard,2026-09-15T22:06:06Z
f9f456db-7d9a-4aa3-bb60-6dced2f58bcf,01,afa515e6-9716-4cdf-a603-107432c1d7a2,32014L0024,cont-modif,can-modif,2026-09-16T02:04:04Z
3aa224f3-9873-4526-9c23-7271cf89efd8,01,e0abeb32-079d-411b-ba4f-b14cb5805e03,32014L0024,result,can-standard,2026-09-16T02:04:04Z
ca6a9d29-4645-4b9f-9cbf-ec837f1587f9,01,db31529a-adaf-4e7e-bdb0-49dfc2070b69,32014L0024,competition,cn-standard,2026-09-16T02:04:04Z
1fddcaa3-767c-4634-bea9-8c172601ff9e,01,360a3e76-1a54-4d12-b376-00623f2fb745,32014L0024,competition,cn-standard,2026-09-16T02:04:04Z
041a3b4a-d1d4-4009-9dcc-6ff36b793ef3,01,bebe579c-6b3b-4eca-97ca-d6d172fe5fec,32014L0024,competition,cn-standard,2026-09-16T02:04:04Z
6bf5b4f6-4a92-47f9-bc92-0d3e550a2fe2,01,1e4ebb23-53f9-4db5-b720-7161fe928e9e,32014L0024,competition,cn-standard,2026-09-16T02:04:04Z
69e0360e-ef46-4cfc-93dc-c2f1a34d1292,01,d291dac5-66a3-4912-a892-f1ce94025c71,32014L0024,competition,cn-standard,2026-09-16T02:04:04Z
008f59f2-eb85-4cae-abb1-fc517ee97374,01,9e7490ac-19d5-43ee-90ea-f2241171e0d3,32014L0024,competition,cn-standard,2026-09-16T02:04:04Z
a530858f-6d25-4f15-85a0-5947d0f21719,01,f898ecf8-54c6-437a-8401-d62092997e5b,32014L0024,competition,cn-standard,2026-09-16T02:04:04Z
298f0d7c-fb8d-4be7-8010-aa46e2328aed,01,29d53b90-2360-4f45-8d7b-5d2be7f87836,32014L0024,competition,cn-social,2026-09-16T02:04:04Z
5b3d9c41-6b95-444b-951c-01eecb8f850e,01,2dc091e7-06e7-4031-b096-37edbd98ca6f,32014L0024,result,can-standard,2026-09-16T02:04:05Z
7520388b-9b97-457f-90b9-f475ba5e4f0d,01,9315b16e-0d1b-4f32-9df6-f63e6b5c874f,32014L0024,dir-awa-pre,veat,2026-09-16T02:04:06Z
e6f5cf35-ea68-40a6-b4e7-9cda0aa4174b,01,fb310742-e78d-4df0-99a2-f272eda3ea40,32014L0024,competition,cn-standard,2026-09-16T02:04:06Z
bd27ea21-4be0-43b2-ade5-0789e54cbaee,01,629193d7-cae6-43dc-b664-fb26dd88fff6,32014L0024,competition,cn-standard,2026-09-16T02:04:06Z
307bbb8e-7821-42e3-bebc-c5ce607d6d58,01,78ff0bbc-8ea7-4ee9-8b87-30b63dc1ef2d,32014L0024,competition,cn-standard,2026-09-16T02:04:06Z
5bf0da81-04b4-4540-a2a1-fa832e81b42d,01,72cd818f-6919-4d9e-b7c8-8cf5faab5669,32014L0024,competition,cn-standard,2026-09-16T02:04:06Z
c99ad21f-5df0-4684-8d10-23135c1e8b85,01,2f7c1f38-3302-4e55-b240-3500b5aa7a44,32014L0024,result,can-standard,2026-09-16T02:04:06Z
381330e9-a9a0-4bc7-a13c-dcca11451662,01,40d4a23f-1233-4466-9f43-e235ccb7a849,32014L0024,competition,cn-standard,2026-09-16T02:04:06Z
fcd29cc5-5683-4216-98b9-bce47074c29b,01,49d1d34c-b66c-4079-ae62-7d5c38b977fc,32014L0024,competition,cn-standard,2026-09-16T02:04:06Z
55e88b1c-8f87-4059-a5e7-b883f368db49,01,437be4ec-91dd-4be0-b13d-363168a3b8cc,32014L0024,competition,cn-standard,2026-09-16T02:04:07Z
50fa43f2-fdd1-496b-92b0-37c5682c5e27,01,35cb70b8-13ac-4476-b195-d0f686af821e,32014L0025,result,can-standard,2026-09-16T02:04:07Z
c321c95c-20c6-4bbc-827b-02d8b709daea,01,b97d8a5f-a345-4648-afa4-902549e8654a,32014L0024,competition,cn-standard,2026-09-16T02:04:07Z
80a70f68-a454-456f-b5ea-c7d81027ef8b,01,31266109-aea3-4530-ae18-f07963d30d49,32014L0024,competition,cn-standard,2026-09-16T02:04:07Z
bef6cc00-924a-4e51-a18e-0439bd51379d,01,50400cf0-cbc9-4684-b54a-cc684ca9d29c,32014L0024,result,can-standard,2026-09-16T02:04:07Z
a1ee4560-73ee-44ca-879c-b81b4a3e500b,01,a1ee4560-73ee-44ca-879c-b81b4a3e500b,32014L0024,competition,cn-standard,2026-09-16T02:04:07Z
e336f93b-93c1-488d-ab33-497cd88996cf,01,abb00230-278e-463a-80d4-1bb24fa34047,32014L0025,competition,cn-standard,2026-09-16T02:04:07Z
deebdf92-64cc-4802-981c-de0c3eef80e2,01,12e05295-b880-4ee5-8fed-4669b300c361,32014L0023,competition,cn-standard,2026-09-16T02:04:07Z
975a9fd6-729e-45a6-b6e0-5042d1b52752,01,791998f3-10c8-46fe-b639-b1b77916e1c8,32014L0024,competition,cn-standard,2026-09-16T02:04:07Z
907f675f-60c4-4f5c-a630-1b14f3ce81f7,01,e544489a-a7db-43e4-8204-216707a995ab,32014L0024,competition,cn-standard,2026-09-16T02:04:07Z
6a370408-13db-4e37-84b8-9a80e96a5610,01,4e75ff2f-a882-47cd-9481-697b351190cd,32014L0024,result,can-standard,2026-09-16T02:04:08Z
c9c6916d-697f-4b01-b55a-5cb570bbc304,01,769e9eb7-3440-4c9c-a7a3-26f2179a9a1a,32014L0025,result,can-standard,2026-09-16T02:04:09Z
d915e6fc-98f1-4026-b89a-ca71511550d7,01,11053734-d8f3-4631-94cc-5923913a9333,32014L0024,competition,cn-standard,2026-09-16T02:04:09Z
7b607828-d2b7-4030-b1f8-ccfa850420c5,01,906c38c2-ca6d-4137-9cdf-3bbe1c19c848,32014L0024,competition,cn-standard,2026-09-16T02:06:04Z
de166c56-23c7-4c31-9f0e-9846fb8ea264,01,a0567889-bc02-4c03-8d62-b7f35f2fbc11,32014L0024,result,can-standard,2026-09-16T02:06:04Z
05406422-b01c-4501-81f5-f3a35c83851f,01,0ec29503-1d0e-44ec-86a0-8334186572b0,32014L0024,result,can-standard,2026-09-16T02:06:04Z
32a921fc-6099-482a-b50f-05bab94d8660,01,247efcd6-6fb5-4404-b37e-0c8839dd03ec,32014L0024,competition,cn-standard,2026-09-16T02:06:05Z
671a062d-0e72-4040-807f-446ce257be29,01,3564d924-d876-48b6-afba-26c14a792226,32014L0024,result,can-standard,2026-09-16T02:06:05Z
b8d6782f-fde0-4efd-88f2-7be05e488c82,01,009ffda8-062d-4bd2-b407-0086c33eeb97,32014L0024,competition,cn-standard,2026-09-16T02:06:05Z
01a0a017-b599-47f5-bb96-ad3a5279dfb2,01,01a0a011-b6e8-4e99-a72d-486e50b5e02c,32014L0024,competition,cn-standard,2026-09-16T02:06:05Z
13749400-50bc-453b-af41-538d48435248,01,035651f1-021e-4459-9d32-1cc5d9f6a01b,32014L0025,competition,cn-standard,2026-09-16T02:06:05Z
d944448a-9232-41c7-b2a5-5ba1ef6b0c51,01,bb70ac05-8d32-4f2f-b3c7-e737074658ac,32014L0024,result,can-standard,2026-09-16T02:06:05Z
46665f56-3961-43b7-9815-fee8452fef01,01,c2febcc3-954a-463a-98b0-b6c527578fa2,32014L0024,competition,cn-standard,2026-09-16T02:06:06Z
515eea47-64b4-43a9-b2b1-fdb7d7895ef0,01,d0cd45a9-48e7-4831-961b-4c5f708af5b7,32014L0024,result,can-standard,2026-09-16T02:06:06Z
441bf2d2-b2ab-4701-85af-025a1d352a34,01,328f6e4d-9203-46bc-8ecc-c7ae14c2d6d9,32014L0024,competition,cn-standard,2026-09-16T02:06:06Z
5872a17b-44fb-4261-96de-d8513acb1c67,01,eac0228c-a0c9-424f-8676-29efbf501723,32014L0024,competition,cn-standard,2026-09-16T02:06:06Z
1ac5b191-c43e-4f22-9002-0d527b55fcd2,01,3e97a9c8-1771-4d83-952d-5e606271868d,32014L0024,competition,cn-standard,2026-09-16T02:06:06Z
c04ac815-abf6-4327-b5a9-43ba95631cae,01,7924ff13-ba37-40eb-aeac-f02233fb4dbe,32014L0024,result,can-standard,2026-09-16T02:06:06Z
a963e896-11ba-49ba-b2e8-8717d30a7a31,01,69922fab-17af-418e-8a81-787f95014953,32014L0024,result,can-standard,2026-09-16T02:06:06Z
4d11e71f-98dd-451f-b082-d5af534b3236,01,0adcceec-e69d-44f6-ac2c-668730c07214,32014L0024,result,can-standard,2026-09-16T02:06:06Z
93613bd8-3bcd-4118-bbce-f56adce48bb4,01,27a16657-4cea-4bef-8f2e-7a4c01c290dc,32014L0024,competition,cn-standard,2026-09-16T02:06:06Z
5bace31b-17d6-4672-a429-62870fd8e5a5,01,5375332b-e82f-4dd8-abe0-c5ca88091661,32014L0024,competition,cn-standard,2026-09-16T02:06:06Z
b6d328f5-cd55-4d41-9421-3734043c6787,01,ab85edc8-cc4d-447e-afdc-a60b3eda5d1e,32014L0024,result,can-standard,2026-09-16T02:06:06Z
eca54e1b-066b-4624-9b25-52c469e4b387,01,74ec1684-2e6e-4bd3-992e-a66ead3971e1,32014L0024,competition,cn-standard,2026-09-16T02:06:06Z
2bbbdc07-fa5f-4af9-99a4-7b2e9248396f,01,2ef32db1-90dc-420b-b9b3-2cc5b2723604,32014L0024,result,can-standard,2026-09-16T02:06:07Z
31817d6c-02a0-4088-8949-b5a7f9edc13e,01,c8aa4c34-2c4d-433a-885c-888fdf822fe5,32014L0024,competition,cn-standard,2026-09-16T02:06:08Z
1604bfc0-df6f-4412-a9b8-6bbff0548131,01,500043b6-8f23-406e-a75c-2184fb63b23d,32014L0024,result,can-standard,2026-09-16T02:06:08Z
7a2bc9a7-8015-4b5e-b0de-841f3a78496b,01,ff11dc4f-7b86-467e-8c7a-287e3f85adac,32014L0024,competition,cn-standard,2026-09-16T02:06:08Z
f1f4f430-22aa-4217-9c09-8d7d94a5516c,01,d98399f1-7433-430a-8067-28c7d73d4b44,32014L0025,competition,cn-standard,2026-09-16T02:06:08Z
452cdf46-ea32-4091-af28-6a63ef8c9c74,01,6bcfced3-a40d-49ab-8d23-32cde0e56d03,32014L0024,result,can-standard,2026-09-16T02:06:08Z
0154f570-03d0-4766-90ab-501c3e9c9727,01,ca4f5f4b-76f8-47a2-aa18-5fa2f34d81c6,32014L0025,competition,cn-standard,2026-09-16T02:06:08Z
e4ea949f-6d96-43b3-ba0f-8f48f6c8c175,01,3a6e8185-fe7c-481d-9768-778c05f07f11,32014L0024,competition,cn-standard,2026-09-16T02:06:08Z
ea96b9d2-128d-4482-bda5-b62255a3569c,01,,32014L0024,planning,pin-only,2026-09-16T02:06:09Z
d96a9962-729c-44a2-a060-f4fa4fa5caa6,01,da77b348-047d-4d24-813e-e1a9b446aff3,32014L0024,competition,cn-standard,2026-09-16T02:06:08Z
e43bf811-04c1-4456-a92e-b8059fc60905,01,b30df55d-e50f-4f1b-981e-823d454b6566,32014L0024,competition,cn-standard,2026-09-16T02:06:08Z
c1bb7efc-f32e-4d8a-a28b-7c7768dba9c8,01,b2717d12-c344-4563-b2cc-15b82cbe5229,32014L0024,result,can-standard,2026-09-16T02:06:10Z
bcfd3845-ebc1-44b8-9c34-c2d124b10fe7,01,86db8831-b249-4d83-be12-559fe8d94302,32014L0024,result,can-standard,2026-09-16T02:06:10Z
9a1b2062-053c-47dc-bc6c-b4cd4604c5f2,01,9a1b2062-053c-47dc-bc6c-b4cd4604c5f2,32014L0024,competition,cn-standard,2026-09-16T02:06:10Z
2f51da30-ace1-438c-87f3-d453fea657eb,01,a89f6ea5-5a93-4910-ab53-f3b13e41ca78,32014L0024,competition,cn-standard,2026-09-16T02:06:10Z
89a419d8-3f95-4702-993f-d8beec8f6caa,01,3018e17b-de87-4af9-9b61-4a16427f3da0,32014L0024,result,can-standard,2026-09-16T02:06:10Z
ddcd7ad8-87a6-4630-8e5c-2b280cfcc3dc,01,4f54f6e2-fea7-49d0-943a-d01ccea43161,32014L0024,competition,cn-standard,2026-09-16T02:06:10Z
f9130abe-6656-41ee-90e5-fa88244bc975,01,297aaec1-453d-4d10-958e-a59dccb3ed94,32014L0024,result,can-standard,2026-09-16T02:06:10Z
0e1e53c6-2e9a-43e0-b379-157699a278b1,01,,32014L0024,planning,pin-only,2026-09-16T02:06:11Z
99e8a48e-55be-4c76-b600-3777e7cba28e,01,f736affa-3854-42af-8b1f-ff2a2d2de2f2,32014L0024,competition,cn-standard,2026-09-16T02:06:10Z
a32e0e5f-cbf6-4bc8-9fe1-c6a3af7ef5f3,01,6fb823ea-1738-49f1-9779-14ea0cd15f31,32014L0024,result,can-standard,2026-09-16T02:06:12Z
db17c97d-c656-41ab-a10b-25b187f9f62b,01,a4a69102-3406-49c1-920c-d288a005e9e3,32014L0024,competition,cn-standard,2026-09-16T02:06:12Z
9a166902-52db-4456-b8e2-5fe3f2c51e39,01,2a7205c4-47b1-45fe-ab72-8c2a255694e4,32014L0024,result,can-standard,2026-09-16T02:06:12Z
d108fbfa-8380-49ee-89d5-e5b47b1b8533,01,b881f09b-7df2-4f06-a899-4267dc74de06,32014L0024,competition,cn-standard,2026-09-16T02:06:12Z
c214e855-82c8-4204-94b5-4a8bc3c188b8,01,9f8534e9-f5da-49b7-ab0b-3a0c80527a28,32014L0024,competition,cn-standard,2026-09-16T02:06:12Z
80fc2cde-cc93-4d94-8f2e-8a53c6c4a93c,01,2309190c-71fb-4f41-a6ea-505882a70cef,32014L0024,competition,cn-standard,2026-09-16T02:06:12Z
f2f288d1-4d81-4487-abf7-c6bd0c996e22,01,6032f164-2d19-4ad0-a0b8-4c35e0e3e36c,32014L0024,competition,cn-standard,2026-09-16T02:06:12Z
d66220d5-2fb6-4e0a-b885-ebd544cee9e6,01,45892c6f-5f9b-44b3-812d-08e58c4345d4,32014L0024,competition,cn-standard,2026-09-16T02:06:12Z
00d958fa-1508-46e7-8b03-2e3cfab170a4,01,bd1a83be-ab31-41f9-b9d3-617040c89650,32014L0024,competition,cn-standard,2026-09-16T02:06:12Z
68799396-9c0b-41bc-84f6-3c646b99051e,01,c230608c-9389-4ad7-b0c2-8b36c74d82f3,32014L0024,competition,cn-standard,2026-09-16T02:06:13Z
6c0e64fd-a181-465d-a3ad-b4585d2758dd,01,708e4c93-aeff-4d43-87dd-f35d1ced1cb9,32014L0024,result,can-standard,2026-09-16T02:06:13Z
172ae66a-09d6-41d6-aa39-f7a293f9a600,01,41d0cdf5-7685-459e-aa43-a019620c6b7e,32014L0024,competition,cn-standard,2026-09-16T02:06:13Z
f183c2f1-a1f6-4252-8ac6-5866d30c6ca4,01,c4338ec1-03fa-4d64-a713-b4243fbe2083,32014L0024,competition,cn-standard,2026-09-16T02:06:14Z
38598773-63fb-48eb-b6aa-a255ff4040fa,01,ee603c1f-47ce-4f33-ab73-309c0873c278,32014L0024,competition,cn-standard,2026-09-16T02:06:14Z
3678614b-4cd2-4a0b-9d07-b3bf8b21c1cb,01,d9e7b1fa-4773-41ec-8a8f-f95f5fd60d24,32014L0025,cont-modif,can-modif,2026-09-16T02:06:15Z
08ecd73b-ffc2-45a7-8132-f92a89d11b94,01,bc73c480-dc15-4da0-9195-4ca46cffb2eb,32014L0024,result,can-standard,2026-09-16T02:06:15Z
c4745a16-5769-4144-a01f-0802676c2ac0,01,802b0f1c-2268-4860-8cb7-76c0e1283901,32014L0024,result,can-standard,2026-09-16T02:06:15Z
de9b5ae4-c01d-4d0c-acfa-5a1de3ff16a4,01,7f230bc1-1a3e-41b2-940b-f14fdff40af1,32014L0024,competition,cn-standard,2026-09-16T02:06:15Z
9a8ae6f7-4ea4-4b56-a73e-05759cff10a9,01,,32014L0024,planning,pin-rtl,2026-09-16T02:06:15Z
f6da07ed-feae-40a5-9eac-0aa287f95e78,01,64e5eece-3162-4fd0-9f92-1ff5107b6b8e,32014L0024,competition,cn-standard,2026-09-16T02:06:15Z
6f7f8e44-08f4-4d44-9904-cd2117e84eee,01,73565153-6076-4ec0-805a-63def1064622,32014L0024,competition,cn-standard,2026-09-16T02:06:16Z
63de9706-6f8e-416b-9d0c-617396a34c87,01,9b1fe511-2ec1-4f0d-ba92-60ce39fb8eee,32014L0024,cont-modif,can-modif,2026-09-16T02:06:17Z
8014ade7-eefd-4ab9-b5aa-c3f0725bdf40,01,1e410322-1e09-4dd9-bbe4-b41f2b7b4a92,32014L0024,result,can-standard,2026-09-16T02:06:17Z
f77e1a90-902b-4f00-8bbc-42e977721d7f,01,ad7741bc-b727-420e-9ce5-0bb1b9914ad9,32014L0024,result,can-standard,2026-09-16T02:06:17Z
fb71ece0-27b2-42e6-8bcd-e8707b08ac24,01,af2011d7-f735-4157-b044-a047a0f5bfc7,32014L0024,competition,cn-standard,2026-09-16T02:06:17Z
29c52430-b029-4424-8ca7-24374715bf58,01,741a243a-4dd4-4296-8e78-4920d9e42521,32014L0024,result,can-standard,2026-09-16T02:06:17Z
4b6da03a-87a6-453f-a25a-669cc405f290,01,f2d78fb6-b891-44d6-bc47-ca11892c7151,32014L0024,result,can-standard,2026-09-16T02:06:17Z
4ad66f02-72eb-45a0-95b6-68f73ee7e093,01,4ad66f02-72eb-45a0-95b6-68f73ee7e093,32014L0025,competition,cn-standard,2026-09-16T02:06:17Z
b7d8db51-786a-4c0a-9bb5-cf046d701d5b,01,c3c1a696-5130-4dab-9f19-49c0078c67b8,32014L0024,result,can-standard,2026-09-16T02:06:17Z
3416f20b-ef8f-4c6f-93f1-ccdaad7ed079,01,443b324e-b9a6-43ea-bebd-e4261ff7e764,32014L0024,competition,cn-standard,2026-09-16T02:06:17Z
c08a2d81-686f-463a-8dba-252b629bfd0a,01,88acadd2-682c-455d-8cda-9c2495db0c38,32014L0024,competition,cn-social,2026-09-16T02:06:17Z
4e332a71-bcc9-4ecd-8802-5dbb477b85e3,01,452b8e46-50e7-4e03-bbc3-b7f69734c74c,32014L0023,competition,cn-standard,2026-09-16T02:06:19Z
ea2006a9-9224-467d-865e-5dd8134a2dbd,01,3384780c-d875-4864-8415-c13318df4187,32014L0024,result,can-standard,2026-09-16T02:06:19Z
921b9e0b-9696-467e-a913-ccc15ad1abe6,01,953fa5a9-68e2-40b7-9932-cc9c0832b4fe,32014L0024,competition,cn-standard,2026-09-16T02:06:19Z
28c8aa4c-208a-46f3-b333-35c568928d49,01,e32d82c3-8697-401b-a3fe-99dade07aa91,32014L0024,result,can-standard,2026-09-16T02:06:19Z
7974c8fb-a1a8-4c8a-a703-742399e2eca0,01,168a55de-65db-4a99-a507-a75ae0b4f924,32014L0024,result,can-standard,2026-09-16T02:06:19Z
ed0a655f-db5b-484a-9441-0a84ea90eb6c,01,00fde823-af05-48ce-8f38-80861f2ef3b1,32014L0024,result,can-standard,2026-09-16T02:06:19Z
41a21091-13a1-4673-a9eb-5fa733cadcc1,01,758395a9-6834-47cb-98a0-f6cc86279563,32014L0024,competition,cn-standard,2026-09-16T02:06:19Z
e4037a44-d382-4130-95c5-b24bacec472a,01,b0adb7bd-d071-4f4d-b0cc-888a1644603f,32014L0024,competition,cn-standard,2026-09-16T02:06:19Z
0991a754-c9fb-47f7-841c-63d3e0dbf409,01,05d071d6-28c3-44bb-805f-accdd7543c32,32014L0024,competition,cn-standard,2026-09-16T02:06:19Z
4c566805-3ed7-43b2-8ce1-71ad7da16729,01,ffb3d0d2-2709-4a45-bac9-24c8c51a11c8,32014L0024,dir-awa-pre,veat,2026-09-16T02:06:20Z
9064fef8-44a9-45f0-8afc-b6f1dc65cac4,01,5dad629c-37f7-4c8a-8533-49b6e95c96b0,32009L0081,competition,cn-standard,2026-09-16T02:06:20Z
a5c274cd-00ec-4f70-9018-5d0604857d3f,01,a25a768f-7174-49f9-a25e-03d833bf7944,32014L0024,competition,cn-standard,2026-09-16T02:06:21Z
403a86dd-da15-41c7-934d-8cb2d71dfc0e,01,bcbfc5a8-94bb-4bdb-8c58-ee1b4d2e1e63,32014L0024,result,can-standard,2026-09-16T02:06:21Z
3f142d74-b342-4a09-8751-0e24d8730a44,01,dc42ca0f-1e89-453a-be76-921af7b3c225,32014L0024,competition,cn-standard,2026-09-16T02:06:21Z
1ae6335f-2b2f-4554-abf4-993aa797aea1,01,1ae6335f-2b2f-4554-abf4-993aa797aea1,32014L0023,competition,cn-standard,2026-09-16T02:06:21Z
01a3c317-3099-4370-8c57-b8578c02eec7,01,0cdd2047-dd02-490e-9900-7b1e4b682d4a,32014L0024,result,can-standard,2026-09-16T02:06:21Z
d5ddbef6-2140-4c2a-8864-c07abe57cb37,01,1cf63e54-c426-4968-95a0-104becc9be98,32014L0024,result,can-standard,2026-09-16T02:06:21Z
e4e39e7b-6fec-4f52-b6a0-57445932f388,01,ad482b9b-c0c5-47a0-b19c-3f9616b94c76,32014L0024,result,can-standard,2026-09-16T02:06:21Z
531ef96a-411b-4e8d-9e60-ba326a97f149,01,3e6064fd-f95e-4d94-8fa9-a10a4a6eb0ee,32014L0024,competition,cn-standard,2026-09-16T02:06:21Z
d3432434-d211-4b5e-a23f-82df491ed7e6,01,a2673309-b7a2-42bd-9ca0-7f5c84958f76,32014L0024,competition,cn-standard,2026-09-16T02:06:22Z
a3beabad-c6af-4c42-804c-bbcc86f3b382,01,e06e5a49-d0ad-46ea-811f-b4787acbec01,32014L0024,competition,cn-standard,2026-09-16T02:06:23Z
b24c4956-df4a-4280-851f-1a21bc105482,01,ef7545d6-0a32-4b7a-bbfd-dbe1d3d177cf,32014L0025,competition,cn-standard,2026-09-16T02:06:23Z
5024b561-9182-4174-8d54-bee71dd951b7,01,cde197fb-7474-41b3-9ed7-40a0c394025b,32014L0024,result,can-standard,2026-09-16T02:06:23Z
21d51fc0-d44e-49b6-994b-e6a9ecc383cd,01,4ccfc2f4-2d23-447c-957d-875b34f02c84,32014L0024,competition,cn-standard,2026-09-16T02:06:23Z
df00f846-986d-43e7-ad47-14eaf79dc6fc,01,3cf5dfe7-d7fa-4827-9548-c0d7dfa9a308,32014L0024,competition,cn-standard,2026-09-16T02:06:23Z
79c1dce7-77d6-41e7-9836-2f9005e66ae3,01,5c53ab28-8bd4-4644-9e09-53b94f9d6af9,32014L0024,result,can-standard,2026-09-16T02:06:23Z
9019b0c5-b6a7-40dc-9662-3f3615c31234,01,43881dea-929b-48e6-84cc-0fe4f287d9a0,32014L0024,result,can-standard,2026-09-16T02:06:23Z
eb0d1ca3-431e-4780-896b-0e67b20290a0,01,ad8a96d1-1931-4ece-a1c6-d6946941630e,32014L0024,competition,cn-standard,2026-09-16T02:06:23Z
f3dbf992-f72d-453e-91fa-e4875a88efd7,01,bf31c3ae-20e9-4def-a8d1-087c78b3dc40,32014L0024,result,can-standard,2026-09-16T02:06:23Z
697d148e-d366-4d4c-a115-5476bbf2f0ac,01,ada4724c-2f8a-426c-8a90-76ea4fbedb18,32014L0024,result,can-standard,2026-09-16T02:06:24Z
28dac269-fd17-419e-afc3-18b5e18ac138,01,488b1043-ea57-4212-a1a9-9d1f9282036b,32014L0024,result,can-standard,2026-09-16T02:06:25Z
e3ca66ee-8c29-4425-ae6d-250aeb67f87a,01,921ea137-3a08-4415-801c-94b47b10a74a,32014L0024,competition,cn-standard,2026-09-16T02:06:25Z
50e20b67-265d-4b6d-a1cc-a2c8cab29bd0,01,d703ec4e-fd16-4039-9ba3-9d3f7625af2b,32014L0024,competition,cn-standard,2026-09-16T02:06:25Z
19472414-7e91-4b88-ac14-f8a29741a6f5,01,d9e7b1fa-4773-41ec-8a8f-f95f5fd60d24,32014L0025,cont-modif,can-modif,2026-09-16T02:06:25Z
8d9ec30c-94f5-42b1-8ed0-44602bf43431,01,2271cf02-68ef-4ddb-9492-f59e0540471a,32014L0024,competition,cn-standard,2026-09-16T02:06:25Z
c2602d20-d12b-49c1-97bb-ab127e523c19,01,a60a605b-5877-42a0-ab1b-9af09bf39ec8,32014L0024,competition,cn-standard,2026-09-16T02:06:25Z
c804d707-ce16-4d9e-a0ff-1fc1acf61105,01,ef2c4d82-2886-4d83-a44f-0bc3563e54a9,32014L0024,result,can-standard,2026-09-16T02:06:25Z
b49f51c2-db9f-42aa-ba47-8275f2b947ab,01,4dbf042d-ca0f-43bd-9b1a-8cd33b6d1906,32014L0024,competition,cn-standard,2026-09-16T02:06:25Z
1077025c-9104-45b0-8184-c7b1e3d129a7,01,36f14799-e1fd-4de4-8d0b-ae15bb088775,32014L0024,competition,cn-standard,2026-09-16T02:06:25Z
499397aa-ef0e-4e1b-abc0-fc43d36f22b4,01,86383f6d-3ba9-47aa-8f51-a49e9497554e,32014L0024,competition,cn-standard,2026-09-16T02:06:25Z
7b8f6aaa-7500-4a2b-8907-776408f3a189,01,f896163e-ab19-4b6c-8003-6fe9f5857088,32014L0024,dir-awa-pre,veat,2026-09-16T02:06:26Z
ff280699-9dcb-44bd-9cc0-5be2fb8bc31d,01,790a1649-c92f-44b5-b7ad-3c1f973db668,32014L0024,result,can-standard,2026-09-16T02:06:26Z
63841dbe-939a-4d6b-a36e-3bb9f4a67060,01,47dcc47a-3b9e-4562-a6e1-3117cfbaa8ed,32014L0024,competition,cn-standard,2026-09-16T02:06:26Z
f0460a11-fd44-40db-82c9-78fb4582a636,01,2aa5d3e7-69a7-4ffd-974d-b9843af67791,32014L0024,competition,cn-standard,2026-09-16T02:06:26Z
53e57289-7224-4e7c-b80e-e70c3eafd7ec,01,2ebc344d-4cdf-4f67-aca4-dcc33a54b61c,32014L0024,competition,cn-standard,2026-09-16T02:06:26Z
36bf9a8d-d13a-42dc-92b3-0e5e314a39a6,01,79751f96-bf6b-4cc8-99a1-5dce95bd9ab3,32014L0024,competition,cn-standard,2026-09-16T02:06:27Z
03ddf5d7-0650-411f-a1ac-d0fca9374811,01,77618279-65ad-42d7-93e2-e4d5dcc91b57,32014L0024,competition,cn-standard,2026-09-16T02:06:26Z
93fe2072-3b93-4cfb-a11e-5e9a8297a9ee,01,86f6648f-3d6b-48ec-a722-908bf44435ee,32014L0024,competition,cn-social,2026-09-16T02:06:26Z
80b2687f-449b-49f2-b1e5-b2b8d7ea7196,01,3615f1e0-436b-4526-bfe7-87579152c0c3,32014L0025,competition,cn-standard,2026-09-16T02:06:27Z
87865198-cdf9-4dd6-bd2d-f1e92723c465,01,0b785ae4-2498-472d-becc-7362d4474ed6,32014L0025,cont-modif,can-modif,2026-09-16T02:06:27Z
22ada15a-2249-4bd4-a671-8e8897670f68,01,0b785ae4-2498-472d-becc-7362d4474ed6,32014L0025,cont-modif,can-modif,2026-09-16T02:06:28Z
bd7642d8-4463-4602-8602-19e6282d684c,01,b1974b89-4c97-4ab7-bc4f-ebb82fb4a18d,32014L0024,competition,cn-standard,2026-09-16T02:06:28Z
0010ea9b-1249-49d6-afe2-6a10ac0d7b74,01,f96533a2-d790-4874-8b0d-3dd88d695b15,32014L0024,competition,cn-standard,2026-09-16T02:06:28Z
39e93420-e42a-4bb1-98d8-82065ded5ff7,01,866cd852-1e01-4af2-ab69-2a0b6421f93e,32014L0024,competition,cn-standard,2026-09-16T02:06:28Z
c7672e7d-503f-42ee-acc7-5406d8fa8918,01,406880d7-6cc2-4200-ac65-13f34e6f5f3f,32014L0024,competition,cn-standard,2026-09-16T02:06:28Z
caa45dc9-fc51-462d-bba4-d63ab3b28536,01,eb2a6164-f425-4987-9434-fb8d02c36491,32014L0024,competition,cn-standard,2026-09-16T02:06:28Z
1dea86c8-4d21-4e3f-99ef-0c7b9affc2f3,01,90e8b684-4635-4ddc-be4e-604a6455c84f,32014L0024,result,can-standard,2026-09-16T02:06:28Z
6e40078a-968e-4451-a6f9-0066cfea02be,01,6e40078a-968e-4451-a6f9-0066cfea02be,32014L0024,competition,cn-standard,2026-09-16T02:06:28Z
d0413b88-e4ff-4670-80a4-bd8c90178d61,01,9ce2e1a9-3c2c-4846-9bcd-2ca37d21325a,32014L0024,competition,cn-standard,2026-09-16T02:06:29Z
01a09f71-aedb-42a9-a01c-dcf8f6e6d57f,01,01a08bd2-f4d2-4f37-a8ad-1a479b8a6e90,32014L0024,competition,cn-standard,2026-09-16T02:06:30Z
36bd70d5-a3c2-46af-b6ad-fb9365b5cdc0,01,15db1e12-21cf-465d-9d3d-482810049cd7,32014L0024,competition,cn-standard,2026-09-16T02:06:30Z
fa3b2024-c9bd-45dc-89a1-59df6965bc46,01,fee433a1-6baf-4231-b56d-6d87c524b167,32014L0024,result,can-standard,2026-09-16T02:06:30Z
a1922220-370b-4b20-9468-db1dcc39e4e2,01,cd5337de-0ea8-451f-85b1-d7e4e609f73b,32014L0024,competition,cn-standard,2026-09-16T02:06:30Z
d8a37cbb-1fd9-4cdc-be92-43d9784ee74e,01,159f4929-474c-4c9b-bf37-471e31411dfd,32014L0024,competition,cn-standard,2026-09-16T02:06:30Z
ddda550b-8e79-492f-8c1c-1f8558261896,01,c7a1e9b9-facb-4798-aec6-5154e12502d6,32014L0024,competition,cn-standard,2026-09-16T02:06:30Z
ab1a2196-3b3e-400c-88a6-8b410e918be1,01,fa6fe5d0-54e2-4cc0-828e-689305b6201a,32014L0024,result,can-standard,2026-09-16T02:06:30Z
d9f6395a-527b-49cd-a0ec-bf43a062cdf0,01,5bbddeca-c6a6-4599-9eb5-07153d45e8f6,32014L0024,competition,cn-standard,2026-09-16T02:06:30Z
89cb5b35-440d-4641-86a9-c4d96eb3adc6,01,5d0c4b72-5830-4421-a248-5fa0b2251132,32014L0024,cont-modif,can-modif,2026-09-16T02:06:31Z
9ae1067f-71f7-4ef3-874e-52d6c4dcad8c,01,9ec1af8d-daae-4e9f-9b5c-7927071c3078,32009L0081,competition,cn-standard,2026-09-16T02:06:31Z
2a65f837-7dff-4d67-8571-a798cef1350f,01,0f3608d0-fe05-4519-8832-6be4102136d7,32009L0081,competition,cn-standard,2026-09-16T02:06:31Z
41d7ac31-f585-4156-af42-5415f9f2b774,01,e42d2c9a-e8f3-4676-81c4-648b9d94748a,32014L0024,competition,cn-standard,2026-09-16T02:06:31Z
1d7eb9ce-d42c-41f0-a4f3-1cc0c4d87e20,01,2842373c-afd0-476f-ab72-2ab0f556baa3,32014L0024,result,can-standard,2026-09-16T02:06:31Z
6b20f242-021d-4a08-8e14-0fc9b29a4e17,01,66ef8ef3-5a72-4c72-b27d-ddc70cecaaae,32014L0024,competition,cn-standard,2026-09-16T02:06:31Z
947fc897-edd4-43ea-b443-63e8d47a9149,01,2de8dc96-1946-4e0f-bfa2-8956bfaaa69f,32014L0024,competition,cn-standard,2026-09-16T02:06:31Z
f25e66fd-bd2e-4aea-b339-b37895bbf089,01,5ea41bef-5b59-4866-a23f-5e073e29b2ab,32014L0024,competition,cn-standard,2026-09-16T02:06:32Z
d44abc03-50f0-4083-aab5-466efac05753,01,23d2cbb8-5b0a-438e-aa7e-691e34619d8e,32014L0024,result,can-standard,2026-09-16T02:06:32Z
ed4e3ad6-5358-410f-8b45-9cbba1f7afef,01,ef875cdb-f487-4c3e-be7d-741a4d4f9d50,32014L0024,competition,cn-standard,2026-09-16T02:06:32Z
40c92953-19e6-4dd6-beac-39c302fd25cc,01,9adab234-28c7-495d-a9e4-7649bdca677a,32014L0024,cont-modif,can-modif,2026-09-16T02:06:32Z
49d4a12a-7b77-437a-a031-1d1260b427a4,01,5072117a-7757-4f95-908a-f897cf41b2db,32014L0024,result,can-standard,2026-09-16T02:06:32Z
afeff892-c330-4fb8-973c-6b65d1d3c1c1,01,6290b82e-52ab-4d5a-8ace-28e57eaeab13,32014L0024,competition,cn-standard,2026-09-16T02:06:32Z
49272a08-0469-437d-bf1f-ba641417f443,01,b17efc94-dcc8-4c33-a9d2-ab6e41a5bc8a,32014L0024,result,can-standard,2026-09-16T02:06:32Z
01a0a3e8-422f-4756-96c5-d2a2a05e53bf,01,01a066be-e26d-4b9e-8088-217e45b7d1ee,32014L0024,competition,cn-standard,2026-09-16T02:06:32Z
76042013-ac39-4932-9f1a-4656a0011b6b,01,,32014L0025,planning,pin-only,2026-09-16T02:06:33Z
a9f62a24-31b1-425a-b9aa-ca085ced8bf4,01,28687f20-bfcc-447d-bb9e-8b2165aeb120,32014L0024,competition,cn-social,2026-09-16T02:06:33Z
20176d84-f18c-4068-b17c-d013cf0cfe0f,01,4e105228-9e87-4fdb-8508-a1bcd526418e,32014L0024,result,can-standard,2026-09-16T02:06:33Z
eeb9ef5a-0b01-43d5-8496-53b81772b15d,01,2b3b8016-d0c2-4139-85ca-393cefe46da7,32014L0024,result,can-standard,2026-09-16T02:06:33Z
e4f3839a-4932-42c0-9b85-f1745d43c9c6,01,d4484161-9cc3-44bf-a8ca-b122e55e429c,32014L0024,result,can-standard,2026-09-16T02:06:33Z
a040d776-b7d8-40d6-81c9-b50e1aa6daeb,01,b1000000-c0de-4000-a000-00d462814098,32014L0024,competition,cn-standard,2026-09-16T02:06:33Z
9ad7cb70-56ac-4e93-ad85-e249a639d263,01,e8562774-ea69-4cf1-b6d6-aa1a2fb0014a,32014L0024,result,can-standard,2026-09-16T02:06:33Z
f1c9a3f9-c8d4-42b4-9e98-1838d72567e0,01,eb939ce1-3b77-4fd8-b844-dd0cb978bc92,32014L0024,competition,cn-standard,2026-09-16T02:06:33Z
2a892d69-436e-4ab9-b235-22191b2a0817,01,98b197cb-94fb-4088-808c-aee069635017,32014L0024,result,can-standard,2026-09-16T02:06:33Z
0a1d2ce8-8ee7-4d56-a411-9ddfdfcad7f9,01,e69a73f1-fa90-4a9f-85da-e2c3542c8e3e,32014L0024,result,can-standard,2026-09-16T02:06:33Z
a98df0ee-02df-4926-a699-f0264bc70ae4,01,bb06f8de-4a0b-420f-b767-3563456dbf65,32014L0024,competition,cn-standard,2026-09-16T02:06:34Z
2c665769-7e2e-4628-991e-28dcf9c3821a,01,2ce1c10e-c6a2-4f5c-a8ed-cce9d716424c,32014L0024,competition,cn-standard,2026-09-16T02:06:34Z
1ccd2bd7-0f11-41f1-899f-4de6866a4092,01,2b690a24-d0dc-467c-b5a4-f5be87ec7e91,32014L0024,competition,cn-standard,2026-09-16T02:06:34Z
a9485f5f-9d7f-4d89-b14e-948fc88864b9,01,baa485f7-c080-4e24-a98a-88ca51b917f3,32014L0025,cont-modif,can-modif,2026-09-16T02:06:34Z
38cb1b71-db55-447b-9dcf-7928fa9b9652,01,fc714d3d-ef51-4af7-8492-96f9d32dcfbd,32014L0025,result,can-standard,2026-09-16T02:06:34Z
4c995852-f3a4-4bec-b31c-16ee0f73a0e2,01,27285af4-55c6-40ea-a169-fa1917f027a1,32014L0024,competition,cn-standard,2026-09-16T02:06:34Z
68ed286a-7dcd-4fa8-8fe1-cef357b78bb9,01,e72d23b0-8f33-4ed0-aed4-63d5617f64bd,32014L0024,competition,cn-standard,2026-09-16T02:06:34Z
d67d21b0-4b54-4ba6-96e2-3b6b23819299,01,2993a750-6de7-40ba-b6b5-32ba182049b2,32014L0024,competition,cn-standard,2026-09-16T02:06:34Z
1b85bfe4-fb5b-49bb-84de-474fa2eb9ef5,01,5556e19c-4701-4f76-900a-424ed2410f2f,32014L0024,competition,cn-standard,2026-09-16T02:06:34Z
adbbb2a3-a548-485c-b584-b649f0cff1b3,01,54ad0dc0-f953-46d5-afae-91ac5523d1d5,32014L0024,competition,cn-standard,2026-09-16T02:06:34Z
5cbe1b0e-18eb-4c76-90b1-d36ed71801c1,01,c1b87674-4f93-4d1b-b263-9c46d32c79f7,32014L0024,competition,cn-standard,2026-09-16T02:06:35Z
071a393b-8c2d-42cd-9d57-551d42b58813,01,71ffc83f-c265-43b9-9a32-6b459fc77e36,32014L0025,competition,cn-standard,2026-09-16T02:06:36Z
bba1b515-3a6b-4be6-9618-db66267d5f72,01,47e03e9e-9db8-4570-9979-3320ffb3a13d,32014L0024,result,can-standard,2026-09-16T02:06:36Z
2063f8a7-8d9a-4395-9834-8ab5d4a62d1d,01,9f89d344-696e-40dd-a9eb-e5aa43f4c243,32014L0025,result,can-standard,2026-09-16T02:06:37Z
5d6248d2-bbeb-4359-8df1-2c2b5dfe2de7,01,254e8859-e6d5-4167-83b9-21b2440a0606,32014L0024,result,can-standard,2026-09-16T02:06:38Z
f1f7f1b8-2e26-45ae-bb75-30766d4f2c89,01,01a8bdee-a71e-4ea8-80cd-32666ff8bfbc,32014L0024,result,can-standard,2026-09-16T02:06:38Z
f964782e-bf72-4c36-bf5f-035b9b1ed8f3,01,e3218b84-7ea0-4265-8a6f-1e8c4a44f2eb,32014L0024,result,can-standard,2026-09-16T02:06:38Z
c937ed17-050d-4d82-a8c8-4c8f5e7b1f9e,01,ce7f9ea6-31ef-4e7e-98f9-b68f18ac8811,32014L0024,result,can-standard,2026-09-16T02:06:38Z
37b9ca59-76f8-4f86-95c3-350b3f85e457,01,8cb685e7-4e9c-4708-be3f-7cfe64074640,32014L0024,competition,cn-standard,2026-09-16T02:06:38Z
0b0cee46-7028-48a3-ab93-706252419a34,01,5d63381b-0f2e-474d-a184-146470121bb6,32014L0024,result,can-standard,2026-09-16T02:06:38Z
abae6b4a-5a2e-4a62-a6e8-61a0d99ac0f0,01,e23ab9a0-1321-4398-bcb8-be7baa9d3168,32014L0024,result,can-standard,2026-09-16T02:06:38Z
eb6cb358-277f-463a-a7b6-10419bb6b2b5,01,31b9cca2-b0fd-49ff-91ed-d29ee8ed0754,32014L0024,result,can-standard,2026-09-16T02:06:39Z
ba79a82e-ba20-40d5-a701-698daf07eeb9,01,1a5c17e6-4eda-412f-8298-93fbd70b311c,32014L0024,result,can-standard,2026-09-16T02:06:39Z
892cd313-409d-4d28-89fb-e9c5c15b141b,01,5777d56a-342d-401a-8f76-dc957e19edcc,32014L0024,cont-modif,can-modif,2026-09-16T02:06:39Z
e4219d9f-af23-4f38-8d05-842a51bb2395,01,31107d9d-f1a5-4c50-8da9-17d5005a06ca,32014L0024,result,can-standard,2026-09-16T02:06:39Z
358aa36b-0b4d-406d-b3f0-3823146a9ea6,01,7d07abd5-f013-4a62-883b-880b9c3fd933,32014L0024,competition,cn-standard,2026-09-16T02:06:39Z
81ef8785-328d-45a5-aa26-05b430f1424f,01,ac7e831e-d093-4450-80db-230d3b943b55,32014L0024,competition,cn-standard,2026-09-16T02:06:39Z
005970e4-fa83-4d72-b88d-6b8acfe47c4a,01,b6ef3da2-c7e0-4d41-a41e-42c3eef90f2d,32014L0024,competition,cn-standard,2026-09-16T02:06:39Z
7cba3224-ed9b-4557-912a-b89e03238035,01,dbcc086a-8f50-4c6a-b91d-664f513ac12f,32014L0024,result,can-standard,2026-09-16T02:06:39Z
eccaf8a7-61f2-4d8b-b5b5-46950178c568,01,49742064-f1ae-4a3e-9d1b-6246496b6dbc,32014L0024,competition,cn-standard,2026-09-16T02:06:39Z
ead3b499-cf64-4888-823d-7737ad787045,01,2e0056e0-0bc0-4436-a695-385a5797e43b,32014L0024,result,can-standard,2026-09-16T02:06:40Z
40a54a1a-4422-4c9b-b817-9b085061ad44,01,86222d99-39b4-42eb-86a9-f9581dfd3e35,32009L0081,competition,cn-standard,2026-09-16T02:06:39Z
9b92da70-5f05-4da6-8f36-63c00ccc4bfd,01,d964bd59-d77a-4978-a373-160e3022bf09,32014L0024,result,can-standard,2026-09-16T02:06:41Z
7bbe3e4a-e8f3-4ce7-8fac-f9899a31ebc0,01,9591738a-cdb9-4e23-bd6a-433b0221af38,32014L0024,result,can-standard,2026-09-16T02:06:41Z
415228ba-c998-4c5b-a88e-4badc9d2e4dc,01,83284569-6c6e-40da-b81e-921cacee4681,32014L0024,result,can-standard,2026-09-16T02:06:41Z
01a0a3dd-0de3-4c82-9bff-894ee83e347d,01,019f8909-bdc8-4ead-a4ea-2e89ef3f2893,32014L0024,result,can-standard,2026-09-16T02:06:41Z
125814cb-3fd3-45fb-8ee4-1940fc409986,01,afb1b476-851d-4ec5-979d-d84215e805b6,32014L0024,competition,cn-standard,2026-09-16T02:06:41Z
a673c7df-5a09-4230-a1f0-8c32c383c6a7,01,1faca2cb-b6ce-4a8a-899d-ae7182e07c9f,32014L0024,cont-modif,can-modif,2026-09-16T02:06:41Z
5136b73e-1a8c-4623-ba6e-68446d10b433,01,71546fd4-bd6a-4fe3-92a9-63c8ebc5246a,32014L0024,competition,cn-standard,2026-09-16T02:06:41Z
63ced94b-e3ff-42f0-9b7c-b0a68e642465,01,fe3b4737-53d3-4b0a-b65f-8e0c952e0252,32014L0025,result,can-standard,2026-09-16T02:06:41Z
4e2efa0e-8630-465b-beb5-fe2dc2e116e2,01,c57bb32f-7c2b-4dbb-8ecf-4e83f0b46754,32014L0024,result,can-standard,2026-09-16T02:06:41Z
615b5280-a5cf-40f2-b7b9-3da4726c7de4,01,05e7f7a4-9862-4338-8a2b-541ddce982e0,32014L0024,competition,cn-standard,2026-09-16T02:06:41Z
c27ce215-7d21-4d3f-8032-3718f85a797b,01,cec93c9f-5279-4732-bef0-81f93b925b6d,32014L0024,competition,cn-standard,2026-09-16T02:06:43Z
dc250dbf-39dc-4f59-b567-cfe9c7189181,01,353da3ed-48ee-47c3-8adf-f21e90908fc7,32014L0024,result,can-standard,2026-09-16T02:06:43Z
af5ff21e-3c05-4f2c-bd6d-2946bfe9f899,01,0634779a-1eaf-48dd-8d28-a2ff84776317,32014L0024,result,can-standard,2026-09-16T02:06:43Z
f02e7748-2050-4ac4-a922-cb0f4439e986,01,1ae59f00-7fda-49e9-b5ff-9c9554cafe1c,32014L0024,result,can-standard,2026-09-16T02:06:43Z
aa0363f1-766e-40ce-956c-9969d649029b,01,af9a318e-3f6a-4202-9253-7b8e7edd5b87,32014L0024,result,can-standard,2026-09-16T02:06:43Z
01a0a386-93b5-4920-903f-b03532554f28,01,019ec96e-847b-4478-96b9-a49940e54323,32014L0024,result,can-standard,2026-09-16T02:06:43Z
25ffc2dd-ffb6-484b-9642-475359ac01fc,01,be3c4405-a790-4d71-925d-e2619d2a3fd4,32014L0024,competition,cn-standard,2026-09-16T02:06:43Z
f2c6fd75-9a61-4140-a51a-5c616ff7c99d,01,7593a2a9-6747-47ab-9151-ee16da5fb1bf,32014L0025,competition,cn-standard,2026-09-16T02:06:43Z
1dcf98ce-459c-4042-9b70-dcc925ded5e5,01,0582d821-b965-44ff-95aa-a048a5ec9f07,32014L0024,competition,cn-standard,2026-09-16T02:06:43Z
0a084d8e-b409-46c3-8f38-42d0c38f4087,01,6a467b6a-d681-4cba-ad77-c961db25f642,32014L0024,competition,cn-standard,2026-09-16T02:06:43Z
f8f990a2-b9fb-452d-8a21-a403a2239e46,01,abbd05aa-f994-4b09-a7eb-06b4c33fa7ec,32014L0024,competition,cn-social,2026-09-16T02:06:43Z
0438fc4d-f4e0-43f1-8124-783654473a06,01,f0db6b0e-3c48-49da-bd13-7032f0eeee4c,32014L0025,result,can-standard,2026-09-16T02:06:45Z
4f3f43c4-b21a-4fe6-b95f-a02bcfaec978,01,4cbf7018-2d4f-42ce-ab82-542ca8930219,32014L0024,result,can-standard,2026-09-16T02:06:45Z
f142e565-038d-4c70-b79f-92083cfea0c8,01,2d5956ae-3de5-4dd5-891e-324b15be9a82,32014L0024,result,can-desg,2026-09-16T02:06:46Z
0e4c6765-b27b-4e7e-9cb1-a4cb71f87e03,01,3e72fd9a-0dec-4eae-a5b4-861f14fcf014,32014L0024,result,can-standard,2026-09-16T02:06:46Z
31c84d33-8204-4aeb-9bdc-6b03fe02d7b6,01,8f290842-ac2c-4e48-9ed8-98ddf20c0906,32014L0024,cont-modif,can-modif,2026-09-16T02:06:46Z
3b65793d-c78d-42bc-b654-1eac5dccdd27,01,7bc24e0d-3035-4594-82c5-747f5256cba3,32014L0024,result,can-standard,2026-09-16T02:06:46Z
77a17daa-1726-45b5-8710-0d9f238d3cb2,01,7667d723-b2bc-4106-9f18-bda5f4929cbe,32014L0024,competition,cn-standard,2026-09-16T02:06:47Z
01a0a39a-b1ce-41e2-a40e-d2a19840eef3,01,01a0a398-4eb3-49b9-97d0-539cef6a757c,32014L0024,competition,cn-standard,2026-09-16T02:06:48Z
9f47389f-4ff8-4452-bb85-29dc3fdbcacb,01,b5287902-9095-4d10-9802-9c946dc6d85b,32014L0024,result,can-standard,2026-09-16T02:06:48Z
37ef6440-39ad-4711-b6d8-50cd3e259338,01,7c6f5b24-d633-43f0-988b-d284b0845b88,32014L0024,competition,cn-standard,2026-09-16T02:06:48Z
975ec467-e4c0-41ee-93e8-9e85b58e3304,01,7720b23e-720b-4483-a210-d1943b60c39e,32014L0024,result,can-standard,2026-09-16T02:06:48Z
1a3ffe25-e783-42d6-85d9-06a72e6621ae,01,350fa9e1-306b-45a3-9e95-c95635ed691d,32014L0024,competition,cn-standard,2026-09-16T02:06:48Z
65a1fbb7-b8fa-47a1-81b3-19eb0aea6d81,01,8dcbda3a-b19a-4179-b377-cd3be72734ce,32014L0025,cont-modif,can-modif,2026-09-16T02:06:48Z
75b1656a-978d-42f1-bea4-282faba63fb7,01,28f88148-7cf6-495d-9110-786b9fd43a70,32014L0024,result,can-standard,2026-09-16T02:06:48Z
411eac10-5d12-40fb-a4d9-edbad677041b,01,985d2865-9695-4cb6-9d17-d1c581bdff3e,32014L0024,result,can-standard,2026-09-16T02:06:48Z
b66086b4-5a0c-43e5-beff-d9e5bd9b4747,01,b66086b4-5a0c-43e5-beff-d9e5bd9b4747,32014L0024,competition,cn-standard,2026-09-16T02:06:48Z
15fde072-07e6-480b-9309-bd9ffe950305,01,a84f3c49-c363-49cd-b579-f6f8f62ffa8b,32014L0024,result,can-standard,2026-09-16T02:06:48Z
bdb7cd0f-27a9-49e6-be6e-c80723885512,01,41bc9e89-9cce-4af7-9821-9d0d491e4b70,32014L0024,competition,cn-standard,2026-09-16T02:06:48Z
60e43b0a-8dfb-449e-b498-b09682344d0f,01,8839db1a-328c-4674-a797-05f3cb94478c,32014L0024,result,can-standard,2026-09-16T02:06:50Z
2fbce19e-8406-42b5-9a31-021c37f0693e,01,79123d22-1152-479b-932b-fe63293e7bbd,32014L0024,result,can-standard,2026-09-16T02:06:50Z
54a3c5e2-e83d-4d6d-b9b4-c8ef88801272,01,7bfa2df3-4bbb-4672-95c8-50e032bc8130,32014L0024,result,can-standard,2026-09-16T02:06:50Z
22be7dde-4ac6-4315-b87d-f19b7e9864cd,01,53c54ab2-5839-4011-9257-ee8d3a40a8f4,32014L0024,result,can-standard,2026-09-16T02:06:50Z
aa9e8b24-c04d-428d-bc89-8f1066e28c35,01,11074342-20a2-47a1-8681-5aa9e855b9a4,32014L0024,result,can-standard,2026-09-16T02:06:50Z
cef888de-af89-4526-849f-b65849ea460a,01,4dc4a573-5dda-4bcb-80d2-2e032c7604f7,32014L0024,competition,cn-standard,2026-09-16T02:06:50Z
5dbbe2be-5c22-4c3b-8923-6a3e9f4aa280,01,62a32b32-06dd-48ce-ac45-cf17302c5696,32014L0024,result,can-standard,2026-09-16T02:06:50Z
7d14c033-c833-4b40-8efc-e2ed271a3c3d,01,48d34c42-2cd0-4e53-a8d8-1dc39153e75e,32014L0024,competition,cn-standard,2026-09-16T02:06:50Z
32bcd728-4e98-499d-a4e3-75f506ec038a,01,eb9ed13e-b07b-45aa-b08b-3012a0a454da,32014L0024,competition,cn-standard,2026-09-16T02:06:50Z
07c57189-4238-4bcf-987b-80763a6d7e23,01,09a531bc-b47f-4528-8618-8e297fda18f5,32014L0024,competition,cn-standard,2026-09-16T02:06:50Z
a3358992-2707-49b2-822c-dcf07304f3b0,01,a3568473-d473-4239-a5ca-d04034771d4a,32014L0024,result,can-standard,2026-09-16T02:06:51Z
fb411cf6-4291-4ab1-9080-fb014f9a9c64,01,ea61f49c-ab41-41dd-8b48-6081bdc92747,32014L0024,result,can-standard,2026-09-16T02:06:51Z
9d83ea1f-2e6a-4af3-9974-0b8a7823c726,01,3d9c7baf-5e3f-4a53-a5f5-5eb49ff01fd7,32014L0024,competition,cn-standard,2026-09-16T02:06:51Z
741f8574-9ba3-434b-bf87-42f565cdff51,01,58af630b-f6e6-446a-806f-5ea247ccdd74,32014L0024,competition,cn-standard,2026-09-16T02:06:52Z
4d643fae-3e36-4698-9988-0d3e35879d8f,01,126919a4-093d-4e03-ad19-79a74e38c3e3,32014L0025,cont-modif,can-modif,2026-09-16T02:06:53Z
aecb6364-67b5-456f-ba2e-6dce58f64b21,01,20485b79-0768-4abb-8b6a-0aba1711e26e,32014L0024,result,can-standard,2026-09-16T02:06:53Z
bcb96a9b-2bd2-46b3-b7a6-dbe4b1a6fd26,01,03d8ee22-4317-4c0d-bae1-7844a0c55059,32014L0024,result,can-standard,2026-09-16T02:06:53Z
02251263-d5d8-4ccf-bb46-d4ef31ac41c5,01,cddbaeda-4297-4f0a-888a-064e5681660b,32014L0025,result,can-standard,2026-09-16T02:06:53Z
e72422bd-7b79-45d6-a647-dad18da6e4bc,01,6e6c372c-4688-49ad-b58e-7983a46dc6be,32014L0024,competition,cn-standard,2026-09-16T02:06:53Z
e5945add-25b2-4c37-ade8-426440996759,01,4237a371-be0c-4545-92ac-4ecb082da455,32014L0024,result,can-standard,2026-09-16T02:06:53Z
dc63569a-abdf-47f2-9210-616091d369de,01,8fc89496-77fa-421d-b841-7aa050736d79,32014L0024,result,can-standard,2026-09-16T02:06:53Z
4b78a193-a1fc-423c-8a38-0694dfd95972,01,c59dff03-b727-497a-a0a9-44f7b249e033,32014L0024,result,can-standard,2026-09-16T02:06:53Z
091398e0-7d25-4871-911c-9da98bd731fd,01,1ab9208c-4b1d-4e56-be78-3a471322a842,32014L0024,result,can-social,2026-09-16T02:06:54Z
a137db0e-224a-4bd9-86d4-5bb3b3404d4e,01,31679a4f-4129-4f27-8cef-2b40ba09d891,32014L0024,result,can-standard,2026-09-16T02:06:54Z
c2df0f6b-f6d4-4dc0-b3ad-25fa9a032e55,01,65d84954-c4d3-4a98-a6cc-c4356af642b6,32014L0024,competition,cn-standard,2026-09-16T02:06:54Z
6b47bdf2-1f73-4935-ba14-aee6a80304a3,01,26388055-f9ba-4a12-aa0e-3bcdcd65f6e7,32014L0024,competition,cn-standard,2026-09-16T02:06:54Z
01a08f76-3858-4723-afdc-294aca37ffad,01,019bdb29-c41f-4465-a5c6-a117ac5321ca,32014L0024,result,can-standard,2026-09-16T02:06:54Z
85c9a7bb-cf66-405a-93c9-50857968cd15,01,c25e175e-5491-41bb-a094-298773eb0ef8,32014L0024,competition,cn-standard,2026-09-16T02:06:54Z
80225e23-4152-4fd6-abf9-b18067c9b448,01,b150533c-73a7-4983-b099-528942cb5ea6,32014L0024,competition,cn-standard,2026-09-16T02:06:54Z
77b9119d-d72d-4bca-adc2-6341ef20117a,01,0276d292-e23b-43aa-8005-2329ab15b954,32014L0024,competition,cn-standard,2026-09-16T02:06:54Z
a87ddb58-7ced-47bf-afd4-8dcf5a1ae567,01,18f507e2-321c-4607-b37f-2415d2e031e6,32014L0024,competition,cn-standard,2026-09-16T02:06:54Z
0a256d31-3992-4c28-af2a-af2e7c9d54a3,01,30764d84-03b0-4ceb-a0e3-52d96307f473,32014L0024,competition,cn-standard,2026-09-16T02:06:54Z
ef3be2c8-73dd-4ce7-a0a5-5626e1d4def2,01,f87b3eaf-de3a-43f6-8426-58bfeb33d397,32014L0024,competition,cn-standard,2026-09-16T02:06:55Z
b37b8634-91f0-43a1-9a0b-524aae0ee02e,01,a94ebd3c-77e4-4a70-b4c4-e2501bfd2a4e,32014L0024,cont-modif,can-modif,2026-09-16T02:06:56Z
abadc72a-717a-45fc-9044-e7eb3dad334a,01,c30362e3-979b-48dd-92d8-0381ce9a724d,32014L0024,competition,cn-standard,2026-09-16T02:06:56Z
b01a3281-c302-440d-aa3a-0b3d7b665cea,01,35229604-459c-4767-ad21-c6dcf36f7550,32014L0024,result,can-standard,2026-09-16T02:06:56Z
1799fd7d-d455-45ec-84b3-f267bdf5d0e2,01,fe1be80e-7468-4c5c-a4c0-ac147d48b09e,32014L0024,dir-awa-pre,veat,2026-09-16T02:06:56Z
c9bdc192-58a1-4e7c-a260-cbdd646fd279,01,79768bf6-b97a-409a-a150-9446bb674f0d,32014L0024,competition,cn-standard,2026-09-16T02:06:56Z
3b62235d-ca80-4e03-9c3e-297de871fe80,01,e82b2807-f075-45da-a489-3dc0c60bd5fe,32014L0024,competition,cn-standard,2026-09-16T02:06:56Z
b502151c-0762-47f1-9b93-a51f389045d2,01,3b94ba93-1166-499f-bf57-178f3f40204b,32014L0024,result,can-standard,2026-09-16T02:06:56Z
ff86e7dd-9047-4ad8-9ddb-106f4c18e10f,01,4c77c589-82e3-4def-9606-a130ad295c3d,32014L0024,competition,cn-standard,2026-09-16T02:06:56Z
3084e989-acb5-4689-8ebb-6bf0ad8e0903,01,e2dfb18b-0387-4964-bf85-54b4f840a5cc,32014L0024,competition,cn-standard,2026-09-16T02:06:56Z
68395e6d-ee88-4b84-b477-68e4396c6059,01,130a2530-e6c0-4312-8ab5-b7e5a08c3a33,32014L0025,cont-modif,can-modif,2026-09-16T02:06:57Z
162d0079-0ada-4d8b-b2a3-db5d889299a2,01,c04c6a9c-00d6-4598-aae1-3cfecf65a3ee,32014L0024,competition,cn-standard,2026-09-16T02:06:57Z
b77e9652-6802-4103-a4e1-af42fab8cb9d,01,2468b668-ad62-4176-8632-cadadbec162d,32014L0024,cont-modif,can-modif,2026-09-16T02:06:58Z
430701f1-558e-4eee-a5d4-f58d6eeefab8,01,b1000000-c0de-4000-a000-00d462683917,32014L0024,competition,cn-standard,2026-09-16T02:06:58Z
52f6371b-39cc-4ec2-8721-e0b6e4e41699,01,eb30fdbb-4699-481a-aec8-9ae7db2e8082,32014L0024,result,can-standard,2026-09-16T02:06:58Z
03e2ee12-213d-4a93-9e86-fa369290166f,01,b5d63c97-637a-485d-af04-4bcc2d0f5dbd,32014L0024,result,can-standard,2026-09-16T02:06:58Z
07e2fa36-a8c8-4b6b-94d1-b5ec715848fc,01,46d1fe7b-045f-4d57-81cd-7054d273627a,32014L0024,competition,cn-standard,2026-09-16T02:06:58Z
5d1ac361-d019-4d42-902b-cbf8708a05bd,01,ecf98b33-0d3f-4eee-9470-a27704264dea,32014L0024,competition,cn-standard,2026-09-16T02:06:58Z
dee2c291-4257-440e-99c7-cdfab455b60a,01,1484ca8d-1bde-4e56-9364-8df97310fcd9,32014L0024,result,can-standard,2026-09-16T02:06:58Z
7a855c7f-8d65-411f-9126-6dcb4aec744d,01,d8a3611b-393a-40fb-b50a-660a3740c49b,32014L0024,competition,cn-standard,2026-09-16T02:06:58Z
10b4365a-23af-4cbd-874f-5faa960c37e5,01,bf1de018-962a-46ca-9d52-1bd48683a4d1,32014L0024,competition,cn-standard,2026-09-16T02:06:58Z
af9f35a0-65bc-4409-8b2d-339746ec18fa,01,8fc4788a-3ab4-468d-a2c4-aee66cb85676,32014L0024,competition,cn-standard,2026-09-16T02:06:59Z
bdf2df03-ecca-4e4a-834a-8c169022bab7,01,9619ffad-9628-4be3-969f-e94660182d0f,32014L0024,cont-modif,can-modif,2026-09-16T02:06:59Z
7005d76c-7d7c-4ac2-aad2-e48d7745a287,01,0241708c-dddb-4251-8ed6-3d3861e28af1,32014L0024,result,can-standard,2026-09-16T02:06:59Z
1c273480-662f-4557-999b-ee51263af361,01,5835e139-442e-4a48-8c7f-6d2372a4ab9f,32014L0024,competition,cn-standard,2026-09-16T02:06:59Z
2446e1a7-8dc7-4593-b2d7-3260e7e86389,01,3a8b1093-54e1-4e49-a8b7-b88b66b81217,32014L0024,result,can-standard,2026-09-16T02:06:59Z
3de46702-3005-4272-9212-60a743a822bf,01,6c51506c-f112-4fcf-98ca-afe00fe856bd,32014L0024,result,can-standard,2026-09-16T02:06:59Z
e5b06742-88fb-461f-b5a2-561a22b4947e,01,e4025e87-0ce2-4332-ac12-e6ae7c0411e3,32014L0024,competition,cn-standard,2026-09-16T02:06:59Z
d46eb7c9-65b4-4319-ae4f-b64aad501fec,01,eea5fc4b-181f-493c-bed2-f922ea7f6749,32014L0024,competition,cn-standard,2026-09-16T02:07:00Z
dfd696de-b38c-4233-9db9-86a8b768feb4,01,2f823e07-89d1-4428-9528-5c0632e85046,32014L0024,result,can-standard,2026-09-16T02:07:01Z
5e5c519f-e67b-43bd-aff3-fb2f08bf4814,01,98a7d303-5d61-461d-bbdc-8f7a2db37a18,32014L0024,result,can-standard,2026-09-16T02:07:01Z
5a91aec9-aee6-4c00-809a-5ac8845a61ec,01,80f00675-91ed-42cf-951c-e3fc9977321e,32014L0024,result,can-standard,2026-09-16T02:07:01Z
5d25dc37-cd12-454d-9a04-e023831a2f6b,01,d34f08d6-d0d5-418c-8160-911226ddcfb2,32014L0024,competition,cn-standard,2026-09-16T02:07:01Z
1b4499e0-c0e0-4052-976b-908f05d646fa,01,34db5ff7-e26f-429f-b321-f141e623a88b,32014L0024,result,can-standard,2026-09-16T02:07:02Z
7844bb7e-551c-4b80-8e27-efa3b24aeb75,01,2f1a15b5-f239-4f0d-b5da-da7cbe115c8c,32014L0024,result,can-standard,2026-09-16T02:07:02Z
d80782ed-7a0d-4d7b-9d1b-76c7cfbc136d,01,a52079d8-c68f-458e-a81c-7e87fe2fcd03,32014L0024,result,can-standard,2026-09-16T02:07:02Z
2d885c65-7f8d-466b-ae79-a214d09abef4,01,48240f0d-8b66-4987-808f-037aadb8754b,32014L0024,competition,cn-standard,2026-09-16T02:07:01Z
f3a5f1e0-9f72-4179-90d4-bcbd0ab4b850,01,814de215-39f7-4a73-866b-4bdf7df95d05,32014L0024,competition,cn-standard,2026-09-16T02:07:01Z
e57a5e81-925c-4497-a287-25ade645b989,01,e286381f-420e-40a9-a7f5-37e83f7e8567,32014L0024,competition,cn-standard,2026-09-16T02:07:01Z
ec4d8be1-1960-40c4-976d-87eb381e9f1e,01,2a7bd5f7-37e1-40b9-8446-9fd3d7142afa,32014L0024,result,can-standard,2026-09-16T02:07:02Z
506dd332-df90-4a82-a41a-7fd75b71a74a,01,ecf4b58f-4e24-49bf-b04e-7729d97eff0d,32014L0024,competition,cn-standard,2026-09-16T02:07:02Z
6c6fd5da-2d81-4cd1-9b7a-4f9af163c766,01,ada6dd92-a7fe-463a-a800-eaf5bd0c92ca,32014L0024,cont-modif,can-modif,2026-09-16T02:07:03Z
b9edd57c-869d-46a1-9b2f-e4d784c599f8,01,45fd8c73-7343-44d4-bda0-765fd353fb27,32014L0024,cont-modif,can-modif,2026-09-16T02:07:03Z
2370d38a-4a55-40fd-880f-484ba02afa04,01,f5df7df9-3c40-4ae0-802e-b31cb8b98d3a,32014L0024,competition,cn-standard,2026-09-16T02:07:03Z
cc0b1993-24c7-49b8-965b-2d87b7d6b61f,01,ba8ad7ed-2588-45ac-8c2a-e03893f8cf7f,32014L0024,result,can-standard,2026-09-16T02:07:03Z
04ff402f-4285-41f8-8377-bac1364d2807,01,ade89a88-057d-4b52-b045-681849294fac,32014L0024,competition,cn-standard,2026-09-16T02:07:03Z
d5be3ec2-f7c5-4017-bc4c-fae12b7f6ef7,01,4b340f8e-b070-470b-81a1-22c73a12d087,32014L0024,competition,cn-standard,2026-09-16T02:07:03Z
ec979362-0650-4ab1-8069-b5eb25d72e28,01,e3b2760b-041b-410f-b44d-9f4085a1cd5a,32014L0025,competition,cn-standard,2026-09-16T02:07:03Z
9eac5c2d-a869-4f51-aa20-65d23c0c2d8d,01,7a750214-45f9-4803-ad12-c8ca30e0b218,32014L0024,competition,cn-social,2026-09-16T02:07:04Z
7d420b5a-d751-4e71-8250-e817a7c35bc9,01,8b1cf140-b20f-4910-afa2-8af7c1ae0d6a,32014L0024,result,can-standard,2026-09-16T02:07:04Z
de46f8cc-3e1b-45a8-a1fb-b0c56e7a468d,01,1d6ec89d-a54f-40b0-ac62-5799f5fc6b6a,32014L0024,result,can-standard,2026-09-16T02:07:05Z
0f40a536-3868-4c78-8710-e1a04df5dfdc,01,0e19d356-1db7-47a6-b982-908c510779fc,32014L0025,result,can-standard,2026-09-16T02:07:05Z
81c6013b-1919-4756-861d-b75bb351baed,01,c7fea2eb-56e0-44cc-8b11-f21e513ae57e,32014L0024,competition,cn-standard,2026-09-16T02:07:05Z
acb8340a-bc54-4982-bae7-7945179d4c5e,02,cabbe000-d892-43c6-a3e1-28dc1abf5654,32014L0024,result,can-standard,2026-09-16T02:07:06Z
8b68c9cd-becc-4aae-b266-0d8fd532adde,02,9ab919d7-d21d-43ee-8979-c5cc5298e689,32014L0024,result,can-standard,2026-09-16T02:07:06Z
169c17c4-4961-4faf-b265-cf241ade7b03,02,fc20c066-1d69-4a6a-9324-458e7554a22b,32014L0024,result,can-standard,2026-09-16T02:07:06Z
8abc6569-ea2c-47c4-9535-5f7d00210f64,02,7eedba66-77bc-42d6-ae78-c730e76c7705,32014L0024,result,can-standard,2026-09-16T02:07:06Z
ebf0316c-dc1d-4aff-9f0c-9601ef0834b6,02,c23ef679-73cd-43ae-8105-098598d07625,32014L0024,result,can-standard,2026-09-16T02:07:07Z
a94fce7c-d20b-4801-a8a4-fa82599b306b,07,34fb8736-c426-4073-b5a1-3096b9c0679a,32014L0024,competition,cn-standard,2026-09-16T02:07:07Z
d054f781-67a9-4059-8661-386f0f62f944,07,d4f86b9d-aa2a-431c-9c2e-06174e7e502b,32014L0024,competition,cn-standard,2026-09-16T02:07:07Z
f1b8b89e-0c34-489c-8605-e48d0d0a5cb1,01,04b567e9-8b2b-47eb-9c4d-c691c56eac1e,32014L0024,competition,cn-standard,2026-09-16T02:07:06Z
9a8868e4-d7bb-4015-8909-1bf3484af77f,01,82f2d693-97b9-473b-842b-e1476e9374da,32014L0024,dir-awa-pre,veat,2026-09-16T02:08:04Z
10ab646d-012a-4acd-9d41-d2d5927addbb,01,dfed5b95-d45c-4117-a6a0-5a737bb2aed1,32014L0024,result,can-standard,2026-09-16T02:08:04Z
91690441-2088-4e96-99df-2b8ad32e5a1b,01,d9e7b1fa-4773-41ec-8a8f-f95f5fd60d24,32014L0025,cont-modif,can-modif,2026-09-16T02:08:04Z
ee3a9d8e-fe1e-4949-9e4a-4e9c190918de,01,e7db6eea-1e68-46b3-8d6c-0cc338fbbe07,32014L0024,result,can-standard,2026-09-16T02:08:04Z
6626a339-d511-4a4c-b0a7-54a84a14e72e,01,106eb3d3-b70b-4545-86fa-2e8f132c8397,32014L0024,result,can-standard,2026-09-16T02:08:04Z
78a13158-21b8-4927-8497-55f095cffba6,01,f182ceae-ad2f-4220-9b6c-a5cfdc896c0d,32014L0024,competition,cn-standard,2026-09-16T02:08:04Z
b74698a4-9f50-479c-b077-0a57c4ab0fb0,01,11b8022c-390e-4234-96a5-f7927db94e52,32014L0024,competition,cn-standard,2026-09-16T02:08:04Z
af09e797-6292-421c-b943-41d89a98d88e,01,8daa566c-2d20-417f-b83d-45784e82b056,32014L0024,competition,cn-standard,2026-09-16T02:08:04Z
98597e19-5747-4c1b-988b-56cbc7418509,01,6589f35c-a1fd-473b-8361-19b9a6b590bb,32014L0024,competition,cn-standard,2026-09-16T02:08:04Z
991c04fe-ca10-4e6b-9304-0ad31b4757ed,01,34bacfab-c1d0-49fd-8596-577fb31b96d7,32014L0024,competition,cn-standard,2026-09-16T02:08:04Z
37cdd9a6-65fb-4c7d-b7f5-ad7c7befc670,01,2d8ab304-7dca-470e-bc88-96fd5275315a,32014L0024,competition,cn-standard,2026-09-16T02:08:05Z
e7ffd4a2-72f0-4c60-b831-c4b32143062c,01,08e2332b-f5ce-4a3e-955a-1f187e94d14b,32014L0024,cont-modif,can-modif,2026-09-16T02:08:06Z
31a68589-dbd6-413e-9508-5e94c897fcc7,01,a31dad78-9e6a-4b29-9693-4e9cf3c0c911,32014L0024,competition,cn-standard,2026-09-16T02:08:06Z
9affc1f7-f387-4b6c-b221-a24ee46c41c6,01,0b785ae4-2498-472d-becc-7362d4474ed6,32014L0025,cont-modif,can-modif,2026-09-16T02:08:06Z
6bbaf2c8-f9d8-42ff-8696-dff505cb0366,01,08d374f8-eb4f-4a06-b19b-6bb416c4a344,32014L0024,competition,cn-standard,2026-09-16T02:08:06Z
46d59055-2d6b-4dd0-8259-86b3ae67397c,01,eee1f988-37a9-4c63-b226-6389d2a67b2b,32014L0024,competition,cn-standard,2026-09-16T02:08:06Z
f03cd7a8-f967-4d6c-8ce7-8fdc0ed14af6,01,72ce66cd-b058-4277-a822-004ec8e370e8,32014L0024,competition,cn-standard,2026-09-16T02:08:06Z
3eb98c24-107b-4db4-9bc7-13790e23b295,01,2d09a461-af30-4dc2-a603-c2e64753b587,32014L0024,competition,cn-standard,2026-09-16T02:08:06Z
d28f5c90-99bc-44f6-ab7f-b559d95655ec,01,3ec70e19-1fbd-4ed5-a011-634ad3e48dea,32014L0024,cont-modif,can-modif,2026-09-16T02:08:06Z
0ef9519d-3c29-4818-a4de-74d9d2fafdd5,01,cad4b105-075e-404a-a5c5-4c2c776a06f0,32014L0024,result,can-standard,2026-09-16T02:08:07Z
01a0908b-72d0-4605-806b-700f82b26738,01,01a09085-bf43-42a6-9805-535346aa836a,32014L0024,competition,cn-standard,2026-09-16T02:08:07Z
008cde4f-7c6c-45cd-8286-9111985fe572,01,e22e3781-f8af-4706-859f-e584ea673dc1,32014L0024,competition,cn-standard,2026-09-16T02:08:07Z
4d70dd3a-19b8-45bb-8fe1-cc4dbf9f9bc0,01,82a30f1b-1ebe-4f1a-97f8-4c247ef6cc34,32014L0024,competition,cn-standard,2026-09-16T02:08:07Z
3b86fd33-00b9-40dd-8ca9-ceabce92d4f0,01,54826d0a-774a-4aa0-a949-d4580751b894,32014L0024,competition,cn-standard,2026-09-16T02:08:07Z
fb31e81f-405c-4e29-a8ae-81702715ad54,01,07c575a3-6839-4b69-90d5-d00c4fb7d0e9,32014L0024,competition,cn-standard,2026-09-16T02:08:07Z
f9a8f375-5a0b-4757-8f63-3bb02d515e15,01,fbcfc195-a0b0-476e-8274-df647cd7d838,32014L0024,competition,cn-standard,2026-09-16T02:08:07Z
f3b9c031-9495-43d1-98ae-9b6965e5dcd5,01,af9f9980-23b6-471d-b755-2362216c8e53,32014L0024,competition,cn-standard,2026-09-16T02:08:07Z
c75374b3-68b2-4961-babf-eda69b82ddf5,01,4ed340cf-4d4d-4d39-a87e-fea7457d1977,32014L0024,competition,cn-standard,2026-09-16T02:08:07Z
eef2ee81-6ce1-44d3-a872-d7ef3172d45b,01,81b6d744-160c-4661-a35b-d41ab8d7fc4d,32014L0024,competition,cn-standard,2026-09-16T02:08:07Z
72116ef8-f365-4654-a1ae-dad48639eca7,01,789f7f8f-0c4e-4707-9204-bc37848f22f8,32014L0024,competition,cn-standard,2026-09-16T02:08:08Z
d6edcf37-85e7-4c5d-aadd-631777267c50,01,5c46881d-4e3d-4d28-9e74-6535eed512d7,32014L0025,cont-modif,can-modif,2026-09-16T02:08:08Z
1fae276e-8f0b-4dc6-86fe-d4f630f347b4,01,786d2dec-14a9-4437-aa3e-4a116773521d,32014L0024,competition,cn-standard,2026-09-16T02:08:10Z
2127b926-d426-4e4b-903f-6ca78cf49240,01,f1acf8e1-24ab-4606-afd5-03fa2c04b59e,32014L0024,competition,cn-standard,2026-09-16T02:08:10Z
b5167006-df6c-4516-b249-954d8e8f3df2,01,885ffa73-f0e4-4a6a-a129-632e31d2350e,32014L0024,competition,cn-standard,2026-09-16T02:08:10Z
00645247-2a18-4009-8d3c-86d79b0008cd,01,00645247-2a18-4009-8d3c-86d79b0008cd,32014L0024,competition,cn-standard,2026-09-16T02:08:10Z
41652100-e2a9-449d-b561-ec5cd19b8897,03,feb774ae-0fc1-408d-b1e0-4421989b96e0,32014L0024,competition,cn-standard,2026-09-16T02:08:10Z
afd9f95e-cfc5-4aa3-9657-683dc982242e,01,d9e7b1fa-4773-41ec-8a8f-f95f5fd60d24,32014L0025,cont-modif,can-modif,2026-09-16T02:08:10Z
bd789d45-0e90-47dc-bc95-938462f0599d,01,ac984050-56a1-4f27-a64f-6b6bd571a9da,32014L0025,result,can-standard,2026-09-16T02:08:10Z
9796d9b5-7bf5-46ad-8cfc-948b3723d87d,01,6028579c-c6ee-446f-ba85-3abb596ace22,32014L0024,competition,cn-social,2026-09-16T02:08:10Z
c14fa2a8-76dc-437b-bf6c-bd43c83bb3c9,01,66d5e3b2-8881-4517-a43d-b3c0b71bbd3f,32014L0024,result,can-standard,2026-09-16T02:10:04Z
01a0a3d5-6165-4f32-aef7-aa42a53416f8,01,01a0a3c2-d046-42eb-bd6b-2cc9cb3eac96,32014L0024,competition,cn-standard,2026-09-16T02:10:04Z
f313e41a-4633-4ba7-b1be-e4a4adc5eb12,01,ccdf41ac-beb8-4384-8e89-9c6f5a5148fc,32014L0024,result,can-standard,2026-09-16T02:10:04Z
77dd412a-f4af-4b1f-bc1b-77bcaf09e031,01,1e6e3a99-0c73-4dd9-9e10-2d62fc1777e1,32014L0025,cont-modif,can-modif,2026-09-16T02:10:04Z
74213ead-8e86-41f8-b1d4-eff6c6ab222a,01,f61979f2-55e1-411b-a194-5e0077b1a6ff,32014L0024,competition,cn-standard,2026-09-16T02:10:04Z
f67484c6-0ea9-45ec-98f4-f1afe4c46ecf,01,db38786d-92eb-445c-b86d-dabbc59f307d,32014L0024,result,can-standard,2026-09-16T02:10:04Z
dc8a5290-a8f6-4e7a-93be-cc3b6edf7b7f,01,a35c6c01-a8aa-45e2-82b9-744aa51321b2,32014L0024,competition,cn-standard,2026-09-16T02:10:04Z
8712ead9-715a-4650-ab3e-b34384a3359a,01,980b087f-7798-411f-8246-941ec25a0768,32014L0024,competition,cn-standard,2026-09-16T02:10:04Z
04f76f7a-e349-489a-a764-54850c2dea86,01,1254f489-7810-4e74-8e13-c22457458eef,32014L0024,competition,cn-standard,2026-09-16T02:10:04Z
d3248030-a348-43c2-a9dd-1f1b9f890f0d,01,a6e97dec-d948-4f6e-86a8-af3fe9da33bc,32014L0024,competition,cn-standard,2026-09-16T02:10:04Z
58ff65ad-ad0d-43da-9705-373a3e18d3db,01,a82fbbbd-4687-4ae0-b616-12e76d24b679,32014L0024,competition,cn-standard,2026-09-16T02:10:06Z
cd3f20d9-6470-470f-9daa-4132a2932046,01,,32014L0024,planning,pin-only,2026-09-16T02:10:07Z
43f1eed3-92c4-4888-a2ae-b1de0485dec9,01,8fd2d6ec-2242-42de-a4df-e09af894d726,32014L0024,result,can-standard,2026-09-16T02:10:07Z
cba98c7f-e41f-4ab9-81b8-7a3319fc583a,01,4474f843-e82d-4033-825f-8b2e940c8aba,32014L0025,cont-modif,can-modif,2026-09-16T02:10:08Z
c76203cb-e304-450e-ab70-f351183aeb21,01,592b1e72-3795-4d5b-9c3c-9e716fc6ae22,32014L0024,competition,cn-standard,2026-09-16T02:10:08Z
c0a87660-19a6-44c1-bbc8-c7fec1c7615d,01,b1000000-c0de-4000-a000-00d462814082,32014L0024,competition,cn-standard,2026-09-16T02:10:08Z
43e6cc1d-3b21-45dd-9238-1a0c606cbdac,01,cc8e5255-4dc7-4e4d-a67b-0f34343f0284,32014L0024,result,can-standard,2026-09-16T02:10:08Z
6f3b35b2-71c9-4abb-a5de-426cf16e85d8,01,10a27c3c-f64d-44c2-b80b-80adcc1245a3,32014L0024,cont-modif,can-modif,2026-09-16T02:10:08Z
81db0040-7ed0-434a-947e-7113d2568512,01,ddbda9c6-777a-4cb0-ad40-0e9a9f67448c,32014L0024,competition,cn-standard,2026-09-16T02:10:08Z
7ee8c71e-6e5c-48b4-bbd0-68c027e3724d,01,601c919c-0c97-458a-b329-97b33d0f5ee2,32014L0024,result,can-standard,2026-09-16T02:10:08Z
252e2ba7-7660-4d37-a9f0-0247365d28f8,01,6620a820-f3ed-4b55-9fa0-5229619bc29d,32014L0024,competition,cn-standard,2026-09-16T02:10:08Z
470072e8-59d4-460e-83d7-7ef747d9690f,01,0ee7bb74-5045-49b2-b9ca-39398baaf693,32014L0025,competition,cn-standard,2026-09-16T02:10:08Z
c3a9b49a-2f04-4f8c-8eb2-c8341bbafabe,01,613ca47a-f00c-4292-8732-7ddc230c0669,32014L0024,competition,cn-standard,2026-09-16T02:10:09Z
2339bde4-829b-43aa-b216-c75c2496c85f,01,4d659b55-a0f7-432f-a806-ec358534052f,32014L0024,result,can-standard,2026-09-16T02:10:10Z
f543cff6-5e02-459b-9d43-6a78f2f61da8,01,7f5dc49e-fb28-47fc-a016-422508992927,32014L0024,result,can-standard,2026-09-16T02:10:10Z
97e862d6-eeca-4870-8e35-1ec6806240b8,01,4ae97b11-1fb8-4bd7-8c29-41bd574c9347,32014L0024,competition,cn-standard,2026-09-16T02:10:10Z
fae26baa-4795-4ee7-95a1-db6fa841d07a,01,78c1c71d-5df8-4b44-89aa-ba21ef3ce879,32014L0024,competition,cn-standard,2026-09-16T02:10:10Z
ad444921-a025-4950-b270-afc0dd34dd39,01,6f7e8579-445b-43b3-b891-c7dba73333f8,32014L0024,competition,cn-standard,2026-09-16T02:10:10Z
b86b2a2d-f22f-4843-9c9e-47873e5a5838,01,09a44db3-36cf-4c45-948b-bfdfe0e2499e,32014L0024,competition,cn-standard,2026-09-16T02:10:10Z
5d148dca-836a-4cbe-8ad5-ef933ebbaa3b,01,5bb785b6-bdfa-48d8-8a9a-0ea8c3c4cd69,32014L0025,competition,cn-standard,2026-09-16T02:10:10Z
fddd9d32-d79e-4c0e-b40e-8d14b7ca2629,01,8d8e49bc-c6bd-4e8c-9025-d56ff5603422,32014L0024,result,can-standard,2026-09-16T02:10:11Z
d4619e7b-8b9e-4a4f-a8e2-fa3fbe3dcb44,01,769bd9cc-22aa-4371-bda4-0d0ab38c5b31,32014L0024,result,can-standard,2026-09-16T02:10:12Z
7b584af3-cd7a-4fa9-be87-2fa6755c77f4,01,18814890-13ee-4496-96c7-49f8c072121c,32014L0024,result,can-standard,2026-09-16T02:10:12Z
c4e11c05-c40c-401c-b0f0-a479f42067b7,01,51385f8e-86f4-4b34-acf7-59f354aa6cd4,32014L0024,result,can-standard,2026-09-16T02:10:12Z
193c6052-b39c-4044-9fec-9669ee69dfd8,01,17e5fa2f-8a0f-43a1-b8ac-ac9f16c6df51,32014L0024,result,can-standard,2026-09-16T02:10:12Z
2e8cce13-269e-4558-8b56-8c992ec1e00b,01,d4730a08-198a-49ce-b983-4b283eb6db17,32014L0024,competition,cn-standard,2026-09-16T02:10:12Z
8ec97d74-8d96-4e6a-a0e8-c75d7647570b,01,29eee14a-476a-43dd-8a36-eefb12310fc1,32014L0025,competition,cn-standard,2026-09-16T02:10:12Z
90f332ed-04ca-467f-9af8-5e6e8e9ac165,01,10ea5ab5-374f-4929-b75e-e726dbecf26d,32014L0024,competition,cn-standard,2026-09-16T02:10:12Z
3c3b2519-5588-45d3-a0ca-9d0e5dada4ce,01,f1c757f5-8daa-4114-a02f-4aef0f1ecada,32014L0024,result,can-standard,2026-09-16T02:10:13Z
fe0bd50e-647d-4bce-916a-4be5863cb38a,01,,32014L0024,planning,pin-only,2026-09-16T02:10:14Z
8bc44cd7-7b10-4f1d-84b6-c2b84c99bd77,01,ff9fff6b-63b8-4772-9cb1-adea3c3db062,32014L0024,result,can-standard,2026-09-16T02:10:14Z
e9684303-556d-4be9-b2f7-525e90f7aa61,01,2f0127f5-a231-41f2-942e-14ce746d47f8,32014L0024,competition,cn-standard,2026-09-16T02:10:14Z
39451e83-34bc-4104-841d-204bcaf0bfb1,01,a7d65c77-425e-4fa5-8edb-f43a30633ed0,32014L0024,result,can-standard,2026-09-16T02:10:14Z
08738828-2406-4dee-b294-31c6c16f7568,01,b06fe6e6-0dcf-4239-92ff-d9b3619a9a87,32014L0024,result,can-standard,2026-09-16T02:10:14Z
fffa5d0a-0257-4e98-b6e8-6a182061357d,01,43fb45ac-7017-4b25-aa5c-9296e614a241,32014L0024,result,can-standard,2026-09-16T02:10:14Z
b6497276-a5eb-4c66-ac56-f86604960788,01,f8411455-7aad-4f69-b960-20812a2d18f7,32014L0024,competition,cn-standard,2026-09-16T02:10:14Z
ca24ac0c-3c27-491e-a1e7-908958fd804d,01,76560828-c856-4a5a-b180-c2aa832e11e3,32014L0024,result,can-standard,2026-09-16T02:10:15Z
9847632d-4a97-4aaa-ad2a-30e63db92be3,01,03b54809-08ab-4071-b5c9-87062c56a7c2,32014L0024,competition,cn-standard,2026-09-16T02:10:14Z
01a0a444-1c07-471e-b755-941f4becd2ee,01,019ff4a0-b177-4cf0-a0fe-3e22056c76fd,32014L0025,competition,cn-standard,2026-09-16T02:10:14Z
c5130c2b-46f7-4e0e-9809-68b19283cd29,01,a3b52338-586b-4977-846b-c87237bf5e85,32009L0081,competition,cn-standard,2026-09-16T02:10:14Z
7267f9d3-1956-47a5-82d7-7d2d914a3ec0,01,2354ecf2-5f72-4f1d-b42d-b951b8a5143c,32014L0024,competition,cn-standard,2026-09-16T02:10:15Z
f38209f9-e539-4f4b-a401-83eb750ae9df,01,c67ca248-bcc7-4a5c-9405-9cd90b3e7d7d,32014L0024,result,can-standard,2026-09-16T02:10:15Z
1594f91b-44f6-456a-a325-ad98833404bc,01,e008eb87-dcbb-4a56-861f-840d0bd99a25,32014L0024,competition,cn-standard,2026-09-16T02:10:16Z
0430fc54-6625-452c-aaf0-0a8cbd97d010,01,6666d81f-6155-44bc-920d-8e1b1cae095e,32014L0025,cont-modif,can-modif,2026-09-16T02:10:16Z
da4582b1-8a28-481e-83a6-878d3f239556,01,e5835234-171f-4bfd-9a18-3b54b391647b,32014L0025,cont-modif,can-modif,2026-09-16T02:10:16Z
12d399d4-743f-4ef9-8d50-661c788e7327,01,12d399d4-743f-4ef9-8d50-661c788e7327,32014L0024,competition,cn-standard,2026-09-16T02:10:16Z
7ad430a7-26c5-4230-9ff4-1e948502c5e4,01,790971e8-fc87-4599-a83b-a44da65c2616,32014L0024,competition,cn-standard,2026-09-16T02:10:16Z
dc92350b-924f-472a-8ea4-53cee8ca4be7,01,a0e6c56b-ceda-49e2-8241-26f8c51bdb97,32014L0024,competition,cn-standard,2026-09-16T02:10:16Z
0ae13d17-8a39-4471-8be3-4cd0f7b60d7f,01,3167d812-d597-41b3-85a6-cabc012838db,32014L0024,competition,cn-standard,2026-09-16T02:10:16Z
47e9847c-09f7-46c9-8624-15b5de8a8f62,01,7ddf4e97-78c9-4136-9fdc-6026d41824ae,32014L0025,result,can-standard,2026-09-16T02:10:17Z
e6363aeb-0f90-4733-b245-4001b55ec7e6,01,97b1d878-9d1b-451c-9fbc-173c1f88c7c0,32014L0025,cont-modif,can-modif,2026-09-16T02:10:17Z
8ddab506-cf1b-4137-8c4e-d9def6330a29,01,32a13ffd-7ae1-40a6-b679-fcbeb9608191,32014L0024,dir-awa-pre,veat,2026-09-16T02:10:18Z
e2adf39c-21d6-4694-b513-9f76df32f968,01,c7969d4e-49a4-427e-9d19-99a044b42d1a,32009L0081,result,can-standard,2026-09-16T02:10:18Z
dbcf653b-8029-4098-a109-9b62fa738deb,01,704c7d02-44ed-4329-b120-e74adadfa906,32014L0024,result,can-standard,2026-09-16T02:10:18Z
d18415b2-37c4-4bb8-bca6-73e36fa44adf,01,bc0e054c-1686-405c-883b-6e09d54af547,32014L0024,result,can-standard,2026-09-16T02:10:18Z
de39d29e-8132-47bb-a227-fe06507d0371,01,babea238-de07-4308-b978-6ce2d2087e87,32014L0024,competition,cn-standard,2026-09-16T02:10:18Z
763c3a53-9692-49bb-add0-43db1fd0f91d,01,be4cd84f-d6f6-48f1-b0e2-936d864acd6f,32014L0024,result,can-standard,2026-09-16T02:10:18Z
810e6512-9092-4f9a-a6ab-93befebd7864,01,899ddf62-ddda-46d6-ad39-2d3e333cecd7,32014L0024,competition,cn-standard,2026-09-16T02:10:18Z
d29a2896-ac0d-4e81-87ca-6bca68477b0e,01,e517149a-0336-421f-9724-4c314186de38,32014L0024,competition,cn-standard,2026-09-16T02:10:18Z
69f42806-87d3-4f16-88fb-96f6bdee1dc0,01,5b34893a-a6b0-43b0-ab4f-e49892056287,32014L0024,competition,cn-standard,2026-09-16T02:10:19Z
6b0f4674-e061-4675-a513-14d54862e182,01,b061d450-435a-4756-bb38-22c38b8f06b7,32014L0024,result,can-standard,2026-09-16T02:10:20Z
95906661-a883-4219-9c5f-e89d254ce70b,01,02aaae7c-c0c7-4bd4-a7fd-e14a6169cf52,32014L0025,cont-modif,can-modif,2026-09-16T02:10:20Z
f9402825-f213-40c8-8453-1ad29277d8f7,01,bd0e85ec-8e4a-4c75-bd07-cba55aa4b9a9,32014L0024,result,can-standard,2026-09-16T02:10:20Z
8af347ed-e0b4-414f-8662-44a1be1556e0,01,44a9c9dc-f21f-4364-b80b-a9a85d5e3489,32014L0024,result,can-standard,2026-09-16T02:10:20Z
06d24af2-412b-48d0-b33c-74005b9380fe,01,daeae000-da0f-4bd3-83c1-0222ceefb60d,32014L0024,competition,cn-standard,2026-09-16T02:10:20Z
9506b95b-d588-4533-82ec-3e555f728b64,01,229c5fa7-999b-45c6-bf8f-479e57bcf2cb,32014L0024,competition,cn-standard,2026-09-16T02:10:20Z
20133507-4613-4ebd-95da-8a2f57f0d895,01,03fb96f9-aaa6-4686-b58f-a434c3df17aa,32014L0024,result,can-standard,2026-09-16T02:10:21Z
6022c182-3498-4ed0-9f3e-56e8ed37b231,01,149f80bb-6749-4a2d-bb09-57614d90c393,32014L0024,competition,cn-standard,2026-09-16T02:10:20Z
de65c969-dd52-4814-9c62-5b1b54856a7a,01,1e44dfe4-6c6e-4bee-9f34-844f916a1a7f,32014L0024,competition,cn-standard,2026-09-16T02:10:20Z
b8978155-5df0-4743-a47b-17b326208f78,01,82901cbf-7e13-44ec-8b03-3fde06a1d751,32014L0025,competition,cn-standard,2026-09-16T02:10:20Z
0cd5762f-6d15-42d5-bb02-89240c990c72,01,a4070c50-6f22-451d-847a-3a00238938c1,32014L0024,competition,cn-standard,2026-09-16T02:10:20Z
638de82a-f853-4b99-b7f6-276f72d8f122,01,3a89f3cb-2ebd-405f-9743-4aea9b7b24ef,32014L0024,result,can-standard,2026-09-16T02:10:22Z
8850e2ed-8211-4877-8ce3-ab6cabf3515f,01,03cd08e2-bdc1-4216-8d61-4331658b5ce1,32014L0024,competition,cn-standard,2026-09-16T02:10:21Z
625720a2-3dcb-4a88-b391-48aa63d0a10f,01,9a502cee-d7f1-4541-893a-a58237384f3f,32014L0024,competition,cn-standard,2026-09-16T02:10:22Z
dd8c3ec5-5ab2-46cc-b703-5ad9f5ae6000,01,736c8392-d692-401e-94c8-089a20c4b3a1,32014L0024,result,can-standard,2026-09-16T02:10:23Z
d86840df-3303-4c19-a3d3-777ee6813b73,01,8e6fcebe-6fbf-48c6-a7dc-d32683db1ec2,32014L0024,competition,cn-standard,2026-09-16T02:10:23Z
a72e859e-1800-4833-813a-9247ffdf31e7,01,ddf9d279-df7b-48c4-a0b8-bf358f2f6836,32014L0025,result,can-standard,2026-09-16T02:10:23Z
49715446-c1da-4691-9ef4-4f898af7c008,01,065327eb-ba70-4787-b40a-045dce08065c,32014L0024,result,can-standard,2026-09-16T02:10:23Z
4c8b8d25-5ca8-4a24-af95-19a6f5a0b651,01,87521c74-cf12-4d3b-8781-b22422d60989,32014L0024,result,can-standard,2026-09-16T02:10:23Z
d617515d-c861-42af-a1db-efb077422ddd,01,e5758dd5-ad8a-4cac-b754-f902d8c43485,32014L0024,competition,cn-standard,2026-09-16T02:10:24Z
48ad93c1-a5ef-48ec-b699-689d0bc29a11,01,6262b263-71b7-4d8f-88de-be4695afc90d,32014L0024,result,can-standard,2026-09-16T02:10:25Z
8eece87c-c8ed-4c58-8424-4bfc2e480153,01,16461f58-5d05-43d2-96ca-774097a17d31,32014L0025,result,can-standard,2026-09-16T02:10:25Z
a01b6767-8cce-49dc-b347-29b2254182ba,01,09171ad9-8865-45ff-a751-48d201334464,32014L0024,result,can-standard,2026-09-16T02:10:25Z
ea0e049a-a32c-4310-aeb3-6f1f61ea8b6c,01,1692f694-7b62-4722-85b3-bac8042ae06b,32014L0025,cont-modif,can-modif,2026-09-16T02:10:25Z
2f3259ec-494a-445b-8973-8e88ea4d982b,01,7378e634-5f54-459e-b555-223a07fecd55,32014L0024,competition,cn-standard,2026-09-16T02:10:25Z
5d629036-f05a-4442-bf94-3393a3cbddba,01,768f880d-e46b-4aaf-9463-bd2adc2a3262,32014L0025,competition,cn-standard,2026-09-16T02:10:25Z
8d4a29da-6d95-436d-a0f7-26429bbf0f10,01,5eb7d467-8566-41cb-a727-d1e686e6631b,32014L0025,competition,cn-standard,2026-09-16T02:10:25Z
ec8e8be2-d6eb-4729-8d2d-09bbef6c68a8,01,27d114df-be1b-4fda-9d97-63cd7934869b,32014L0024,competition,cn-standard,2026-09-16T02:10:25Z
bcc8ba50-6f9a-4203-b1b0-8e47f17b1d21,01,719fd44e-9652-4956-883b-9f3a299cafa9,32014L0024,competition,cn-standard,2026-09-16T02:10:25Z
443b1f65-33e9-470e-a0d4-bdfbe75a3894,01,a5a05784-9fd6-4fcd-9e4e-807f51dfcd63,32014L0024,result,can-standard,2026-09-16T02:10:25Z
58eb916b-42e7-4bae-a968-f2441fbbdf8e,01,9af527a0-0764-42c4-a943-4ec95cbf4e87,32014L0024,result,can-standard,2026-09-16T02:10:25Z
5b4b6b5d-0392-497a-9434-6a4c80f1c9ed,01,d69aac0b-a06b-4d3a-bd71-e3439c2f491b,32014L0024,result,can-desg,2026-09-16T02:10:26Z
6567e7d7-a73f-4743-95cc-1d79924e3da6,01,8c73ee4e-23e1-4a5c-8553-6fe00c2c05a9,32014L0025,cont-modif,can-modif,2026-09-16T02:10:27Z
fd32bf75-380b-4526-8219-1452e28c6aab,01,7542cd72-af07-4601-ac9d-188644353956,32014L0024,competition,cn-social,2026-09-16T02:10:27Z
6f53dfab-2e5b-4d3c-8c90-51b0e179ed28,01,54a4a27a-e9ad-44b7-a55c-1e205723e9f8,32014L0024,competition,cn-standard,2026-09-16T02:10:27Z
455f167a-a4f5-4731-9358-f35e7a72bbd8,01,503b0b1f-7935-404d-be55-ad9977d24395,32014L0024,result,can-standard,2026-09-16T02:10:27Z
c1420ad3-d5ad-45b3-aebd-ed9669ffe8fa,01,a67186ec-5d2a-4658-8267-0a4e308ebd2b,32014L0024,competition,cn-standard,2026-09-16T02:10:27Z
d2d48dc2-f531-4bcd-999c-62b90579b79f,01,2733630a-b230-48ed-aba8-ffec8276520c,32014L0024,result,can-standard,2026-09-16T02:10:27Z
915313db-1a99-4a68-802f-f0707033240b,01,770a0da2-8d2b-4ac1-b657-dcb84ff7b1e2,32014L0024,competition,cn-standard,2026-09-16T02:10:27Z
ed6675ff-7b24-4be8-8fe8-77d6714633f2,01,d3fda7ed-d9c0-4962-a940-131dd989e6b5,32014L0024,competition,cn-standard,2026-09-16T02:10:27Z
326d396e-a357-4ff6-8360-829eeff56814,01,bc01ecb7-0e93-4043-9daa-1d91ab843a16,32014L0024,competition,cn-standard,2026-09-16T02:10:27Z
4214b1f1-d072-4fe2-86a9-354f62166769,01,edf31fd5-216d-49e1-8485-78dce7c512d3,32014L0024,competition,cn-standard,2026-09-16T02:10:28Z
5bb66845-fee5-49e6-b2c8-f3077fa3ed32,01,d45f411a-a738-476a-8aa3-983c4162c67a,32014L0025,result,can-standard,2026-09-16T02:10:28Z
5efadda4-49d5-4acd-b026-868aa4239f3f,01,2d09fe9d-a3b7-4497-b346-23b9ab093b43,32014L0024,result,can-standard,2026-09-16T02:10:28Z
2ab32f0d-71a0-48ea-b7ce-574864ea9f96,01,485be10d-511f-4e5c-8b43-4d0c3636306d,32014L0024,result,can-standard,2026-09-16T02:10:29Z
19567368-13c7-4717-8adf-135ddae9aea6,01,275e2912-6a66-4011-a926-78c49002c05c,32014L0025,cont-modif,can-modif,2026-09-16T02:10:29Z
a6cbee04-9b79-44b1-bc02-954157bf1acc,01,8f43552a-5576-4671-af95-4e3363c6fe06,32014L0024,result,can-standard,2026-09-16T02:10:29Z
5262ea32-c945-4313-b24a-e1dc8ce0c833,01,318e4a04-d775-4a30-b733-57ba07a4f142,32014L0024,competition,cn-standard,2026-09-16T02:10:29Z
c02d75ff-4f73-41c3-8746-ab67f279f46b,01,73d82807-7c4d-41d3-922b-11691854bf59,32014L0024,competition,cn-standard,2026-09-16T02:10:29Z
9c21c7b4-fd30-4a13-b41c-fd92aa83e5f8,01,e00030ae-f46c-41ab-9e7c-89b76e9c4a3a,32014L0024,competition,cn-standard,2026-09-16T02:10:29Z
325cac3c-ba5f-4058-8524-ec5a6b5562c7,01,ec5b9406-f0ba-4dde-b369-37fb67efb86d,32014L0025,cont-modif,can-modif,2026-09-16T02:10:30Z
4466d3d1-354c-4dfd-80f1-470c81110cc7,01,faee7071-7797-4b6b-bb4d-52ec95a9faac,32014L0024,result,can-standard,2026-09-16T02:10:30Z
a450274a-fe7c-4dc9-99e0-a78b2904e3dd,01,4464885e-20df-488a-8173-6f8ad636fc99,32014L0024,dir-awa-pre,veat,2026-09-16T02:10:30Z
d9ab1893-476e-41db-ad82-62adfc75f439,01,2a6177d7-19a0-4e9d-89da-2a3eec364102,32014L0024,result,can-standard,2026-09-16T02:10:30Z
1cbc2be9-77e9-4ffa-9a20-800fad6e93c3,01,f98208e6-026d-421f-a92c-ac5a1800ddd2,32014L0024,result,can-standard,2026-09-16T02:10:30Z
a5a8d359-ffca-4d30-8c7f-1be5e578381a,01,653f5540-294f-482e-8b98-fc4c1fdf5b70,32014L0024,result,can-standard,2026-09-16T02:10:30Z
cbc38ace-ae5a-48fb-826f-0e56e65dcf44,01,5c3cf8e7-3c33-473f-b8f4-0c0e72a9a791,32014L0024,result,can-standard,2026-09-16T02:10:30Z
cc2d829a-34b8-48aa-a872-94a33787ac01,01,ec26af1a-71dc-44e5-97c4-e151950e7e95,32014L0024,result,can-standard,2026-09-16T02:10:30Z
722a34d1-9a70-44a5-b131-3aa7cecb3bf0,01,4daadfcd-5712-43e6-bf7c-cfb90a8dfe7a,32014L0024,competition,cn-standard,2026-09-16T02:10:30Z
9826794f-f8d4-41f5-94ae-1471d8dd3eaf,01,a2ce6c55-af5d-423a-aada-23ff75a67bb6,32014L0024,competition,cn-standard,2026-09-16T02:10:32Z
2cd44b0b-edc9-4120-b18a-2d8c35a43d9a,01,8a2d0004-1be6-45a4-9279-ec349c539613,32014L0024,competition,cn-standard,2026-09-16T02:10:32Z
af662d6d-6dd9-47a9-b947-69930e5be98a,01,4e095385-3848-435a-84b5-67bc80a6ec3b,32014L0024,result,can-standard,2026-09-16T02:10:32Z
76a4abec-70c6-4ed9-84f2-9cc496ac0c8d,01,26d24f0f-5b7e-4a7c-90d1-672d157c0d95,32014L0025,result,can-standard,2026-09-16T02:10:32Z
09b85bf3-4637-4ffe-b72a-f4a851f18c50,01,967583e6-6bd9-41dc-8f82-0c1b6e47d534,32014L0024,competition,cn-standard,2026-09-16T02:10:32Z
b8ee89a5-dff2-4f48-8e18-3179c15c7176,01,5bda6bce-2074-498c-9286-90617afa44df,32014L0025,result,can-standard,2026-09-16T02:10:32Z
f913dfbe-62c2-4805-8fe3-57bcb9b041c4,01,8bd6137f-cbc0-4243-b9c7-3038b9bcc70f,32014L0024,competition,cn-standard,2026-09-16T02:10:32Z
508ca28a-585d-4af7-ae3e-01f3b25617b3,01,4fc4cade-0c59-4281-a166-4247c97f3c36,32014L0024,result,can-standard,2026-09-16T02:10:32Z
b96be751-fb7a-4b0e-8c51-95cf2f0b6932,01,ec66824d-cbfc-4485-bd5a-7beaa305a3ec,32014L0024,result,can-standard,2026-09-16T02:10:32Z
f9dc1e05-3689-41bc-b82b-4ebe5fc1ffb5,01,fe7de158-3205-40ca-908f-a6b68886b299,32014L0024,competition,cn-standard,2026-09-16T02:10:33Z
2cffc857-8981-4b4c-b243-57cfade63ceb,01,f8a6444b-f171-44f6-9c50-69349c10afe5,32014L0024,result,can-desg,2026-09-16T02:10:34Z
1287fcbe-fcb9-41ca-bf3c-a0de9daf4b9e,01,11cf71cc-01d3-407e-9a42-49d77f78b216,32014L0024,competition,cn-standard,2026-09-16T02:10:34Z
f439fc31-d3e0-4ed6-b2be-171c7602f2de,01,cb48e4ac-922d-4346-958e-3ec340cd1e52,32014L0024,result,can-standard,2026-09-16T02:10:34Z
1ab5d1a7-fe8d-419a-9db7-79d39fe0c7e2,01,d7894111-e482-42b5-8d3e-c8011a8df05c,32014L0024,result,can-standard,2026-09-16T02:10:34Z
5cff7c10-1e0e-4abe-8f0b-b6345a1362a0,01,b743e769-58d5-4b76-9c2f-45c67c04f441,32014L0024,competition,cn-standard,2026-09-16T02:10:34Z
ff2104f9-1865-47f2-9eb6-492ec5350a0f,01,9012dc49-369c-463b-8017-a36ff9cbb583,32014L0024,result,can-standard,2026-09-16T02:10:34Z
01a0a407-b934-4e84-9bc5-759b0283b54d,01,01a0a3fd-1e50-495d-95b2-07ea444841c6,32014L0024,competition,cn-standard,2026-09-16T02:10:34Z
c9741f16-aea4-4b1f-905d-999a6eff6661,01,cdb5b7d3-860b-4720-a252-52d84ae03677,32014L0024,result,can-standard,2026-09-16T02:10:34Z
7cf2f3fd-2cfd-4bdc-a91f-0617a3c607bb,01,72706765-2165-443a-adc6-6411c3be41b8,32014L0024,competition,cn-standard,2026-09-16T02:10:34Z
dd867525-7c3b-4ca7-be75-717b59eb4294,01,9ee6b502-514e-4864-a9a4-763313044cb8,32014L0024,competition,cn-standard,2026-09-16T02:10:34Z
4c0e180b-bc9a-43e6-bac7-35fc4082df54,01,b59cd601-6f86-409e-8cce-022e14bb5e2c,32014L0024,cont-modif,can-modif,2026-09-16T02:10:34Z
50d1e5cc-c1ae-45b5-a685-505c1595d0c8,01,c91c0fe7-6e67-46ea-b190-6dbc203b2022,32014L0024,competition,cn-standard,2026-09-16T02:10:35Z
a9cb14a8-596e-478a-a3e9-d94670549370,01,5830c3c1-f8c1-4c73-9a7d-f296b0f42f65,32014L0024,competition,cn-standard,2026-09-16T02:10:35Z
ce81ab80-ec22-4e38-96c7-a762aaf4761a,01,709392c7-1fb1-404f-8394-e6a49f451c11,32014L0024,result,can-standard,2026-09-16T02:10:35Z
154276a1-4b77-4421-affc-870c5617d15b,01,f3d70e41-e011-4cd2-af3f-3d7ceccd06d2,32014L0024,result,can-standard,2026-09-16T02:10:35Z
8bb86434-f323-438c-b410-688eea1e9382,01,7bf215d5-2cc8-43e5-b3d0-3c229c13e885,32014L0024,result,can-standard,2026-09-16T02:10:35Z
44c726f4-e15d-43d3-84a5-0ceb2ecbff2a,01,1f3824b7-47e7-4c36-8ed4-e6214a176d3e,32014L0024,competition,cn-standard,2026-09-16T02:10:35Z
b225ac0d-7f96-4f8c-b700-3633e085621c,01,2347d875-06e4-4b08-946e-354b2102270f,32014L0024,result,can-standard,2026-09-16T02:10:35Z
bf6239ed-5f02-4dd1-9d8d-7772fcc8eee0,01,9c3d68ce-7106-4764-9b7a-1dab15f552c2,32014L0024,competition,cn-standard,2026-09-16T02:10:35Z
01a08a75-f5eb-4e4c-83c5-60b164ebe35b,01,0194926d-f7a4-4d34-8e88-47f0d9e31e64,32014L0024,result,can-standard,2026-09-16T02:10:35Z
e79bb7f2-a797-4169-abb8-05686d80f70c,01,389b1eb7-f308-4fa2-917d-123a5b085736,32014L0024,result,can-standard,2026-09-16T02:10:37Z
9fab6856-357f-44cb-a8f7-1b3a015751da,01,c6a53e7f-3218-4aca-ab6c-d45133598a16,32014L0024,result,can-standard,2026-09-16T02:10:37Z
49e40c9c-e25d-42bb-a417-c5e2c40be8b5,01,23576dc7-78dd-4bb6-adec-c2deab2822c1,32014L0024,competition,cn-standard,2026-09-16T02:10:37Z
1bc79d4d-4082-437e-9e3a-1e7a5bfcbe89,01,50927cc9-97ad-4157-8863-9b764838ebb4,32014L0024,result,can-standard,2026-09-16T02:10:37Z
24f04cdc-1d87-4457-9ca5-1dfd450fe67b,01,ac9f3bfe-b63b-4e44-8188-700d29bb408e,32014L0024,competition,cn-standard,2026-09-16T02:10:37Z
3c19ff19-7593-4294-ada0-ad71fa55a8f1,01,a4fec1c3-ca1d-41e8-a878-d2b925af88fa,32014L0024,competition,cn-standard,2026-09-16T02:10:37Z
4a448abd-7f1f-4052-987f-f9aea3df2fb9,01,d0bef38c-8b58-4d1a-a485-f5a096dedc39,32014L0024,competition,cn-standard,2026-09-16T02:10:37Z
6c6fdea1-a35c-496f-ba69-5853b8cf1ed4,01,634049c3-89dd-442f-b5af-a59e6d32f990,32014L0024,competition,cn-standard,2026-09-16T02:10:37Z
ea6b8124-9d3e-47b1-8200-425ac8a738d0,01,7e7a5e91-29cc-4f99-9280-7c130c1c5f5a,32014L0024,result,can-standard,2026-09-16T02:10:38Z
0f82d9af-1042-4efa-bedb-f3d607ed98fe,01,3f3bdc25-6c04-4baa-80c8-3707c1b9f76d,32014L0024,competition,cn-standard,2026-09-16T02:10:37Z
d62756f0-2007-4111-b118-e5f44c943b18,01,8a910f38-e1f7-405e-88ab-afb1e2f03333,32014L0024,competition,cn-standard,2026-09-16T02:10:37Z
cf7fd649-8c6c-4db7-aeaa-8b6adf173b11,01,928268fa-2334-47dd-8f1c-a258eea52226,32014L0024,result,can-standard,2026-09-16T02:10:38Z
bb722a54-0ab3-4fed-ab47-3f00b6ada783,01,bb722a54-0ab3-4fed-ab47-3f00b6ada783,32014L0024,competition,cn-standard,2026-09-16T02:10:40Z
5f734b5e-89a1-4d03-87e5-eb2f15ad7a35,01,5f734b5e-89a1-4d03-87e5-eb2f15ad7a35,32014L0024,competition,cn-standard,2026-09-16T02:10:40Z
069f2e57-7452-4eec-8c81-59e0faf49d5e,01,3b1f3393-1c60-4f00-8ae8-7a05c2113d57,32014L0024,result,can-standard,2026-09-16T02:10:40Z
c1fccf1b-9a52-4960-a3e3-1066df557382,01,88a78ee1-ded9-4d11-a4e9-a110bba00911,32014L0024,result,can-standard,2026-09-16T02:10:40Z
7b2a1a74-b527-473f-a088-7888d6e200fb,01,656ca34b-3b1c-46d8-b2d7-83629d5ea6b0,32014L0024,competition,cn-standard,2026-09-16T02:10:41Z
26f1848e-d8d5-4ae3-8b0c-6dca3e4bee79,01,2bc1ccbe-dcb2-4d33-9bcb-fd04c8fc14b9,32014L0025,cont-modif,can-modif,2026-09-16T02:10:41Z
0d06762e-e42a-44c3-96ef-618a5fa055fd,01,fc2130c8-1211-4046-9c8c-8ce9f7bf1697,32014L0024,result,can-standard,2026-09-16T02:10:41Z
56833ea5-58df-41b1-8b93-69c32e3b776d,01,59fb0e2a-4574-48f9-b378-f998d630f579,32014L0025,cont-modif,can-modif,2026-09-16T02:10:41Z
ccfe1ec7-0145-4cc5-a866-6058305a1906,01,57111995-8363-40cb-9e0c-0177b560c25a,32014L0024,competition,cn-standard,2026-09-16T02:10:41Z
719c0678-a8c7-4e34-9073-1ea5837a8f61,01,fe06a881-fe57-4a00-8771-93ff13ae9a9f,32014L0024,competition,cn-standard,2026-09-16T02:10:41Z
89f97a08-7e7c-47ff-a36b-8cf22b175cac,01,9a3f1b25-142b-438c-8158-870eb8a15674,32014L0025,cont-modif,can-modif,2026-09-16T02:10:41Z
255a6420-e1db-4b4a-bd00-02847c49b7bd,01,96124c8c-1490-4426-baee-e4a48183403b,32014L0025,result,can-standard,2026-09-16T02:10:41Z
fef55906-ff0b-49ed-baed-06312268141a,01,6840a56e-ffdd-4337-89d2-476ce179d0aa,32014L0024,result,can-standard,2026-09-16T02:10:41Z
6a072c36-ff4e-4e01-9d2f-c3849aff79cd,01,506b70d8-e066-412e-8fa4-15d3d8fd3874,32014L0025,cont-modif,can-modif,2026-09-16T02:10:41Z
8db0b259-4bac-4cdb-914d-e4d1c3fdccb2,01,1c3fe2e3-b02a-41ee-a93c-9fb4208a751e,32014L0024,competition,cn-standard,2026-09-16T02:10:41Z
a9a85eaa-02be-4d44-9519-cd119a5374cc,01,a6dd5f5d-fca9-4d40-b462-75e582a55fc4,32014L0024,competition,cn-standard,2026-09-16T02:10:42Z
ea8f1a43-9513-41a0-8a4d-0cd582862db3,01,88a52c32-bc41-424c-b844-a6c4188aac1f,32014L0024,result,can-standard,2026-09-16T02:10:43Z
ea399951-3dbe-4ef5-bed6-49aca30291ac,01,853a5857-3148-416f-8d6b-717b3494b6af,32014L0024,result,can-standard,2026-09-16T02:10:43Z
d54ec781-962f-409c-a82b-f09e4e169ca3,01,12bc06d9-e73b-4cd2-a55d-5eb308a64959,32014L0024,result,can-standard,2026-09-16T02:10:43Z
232a86f2-44bc-4701-b740-2c7275873a1f,01,bd066872-5c7c-4e42-abf4-6c34cf7fe7a0,32014L0024,result,can-standard,2026-09-16T02:10:43Z
f97fbca6-d36d-409a-8a03-ef03a38df3de,01,d18551f4-364a-48c7-9276-26f1ae09ba11,32014L0024,competition,cn-standard,2026-09-16T02:10:43Z
57ece606-117a-426d-a888-4af660b56f3e,01,903bbc2c-a7a5-4d86-b740-259e0ea83677,32014L0024,result,can-standard,2026-09-16T02:10:44Z
2084d52a-b36f-405e-9d0f-155d89d95f94,01,8ba08749-b811-4330-8816-964f1eaf2db3,32014L0024,competition,cn-standard,2026-09-16T02:10:43Z
04867f6b-9686-4e52-a263-3c1b27c0f00a,01,b21cf071-c34e-4d0f-b973-084f3bb79d64,32014L0024,competition,cn-standard,2026-09-16T02:10:43Z
cb625fd4-998b-4104-9f7e-0c2c66a7c16d,01,e7b2519e-c273-4c3c-a095-f5098c58e8eb,32014L0024,competition,cn-standard,2026-09-16T02:10:43Z
cb4cb836-775d-4166-864b-3717c808efc8,01,e4d28c47-d51a-4d97-be72-1327ac2ba35d,32014L0024,competition,cn-standard,2026-09-16T02:10:43Z
9217b00b-6110-4ee9-abd6-26cc9165de60,01,c3c5a351-39f8-4e9d-820f-c8f06288877e,32014L0024,competition,cn-standard,2026-09-16T02:10:44Z
f44ac8af-3eef-4a35-9414-dfa76e528ad8,01,eb24bf25-846e-4f27-ac92-1fd39d1b199f,32014L0024,competition,cn-standard,2026-09-16T02:10:45Z
1f83280b-0311-4e2f-a22c-6d2457cfbcee,01,8d03d38c-67cc-4337-a0f9-6d40ac7ceed7,32014L0024,competition,cn-standard,2026-09-16T02:10:46Z
fab52f0b-58ae-47ed-bbbc-1d3829b47040,01,b75c6bfa-65a2-49f4-b233-457e88c00a44,32014L0024,competition,cn-standard,2026-09-16T02:10:46Z
88b94f05-7399-428a-bda2-74ab08ab3d07,01,c411e6a1-1600-4e87-a27d-4fb55776ba26,32014L0024,competition,cn-standard,2026-09-16T02:10:46Z
b34d0781-ea79-41ab-9907-370f83e79047,01,d3b529b6-aa3a-42f1-9996-0d77d66c0995,32014L0024,competition,cn-standard,2026-09-16T02:10:46Z
29c7ca20-b67c-40b2-87ac-9686db66acaa,01,6942158b-03f1-4a5e-8105-d44058eccce7,32009L0081,result,can-standard,2026-09-16T02:10:47Z
ff2ff8ed-94f5-47d4-9a40-d6363f5f5c5e,01,28edc94d-22e2-49e8-b08c-9255e72aa095,32014L0024,competition,cn-standard,2026-09-16T02:10:47Z
1622ff00-ae42-4b30-b534-ad41942e1e65,01,4e64a00f-040e-45bd-a479-26648f6f998c,32014L0024,competition,cn-standard,2026-09-16T02:10:47Z
ca39dcd9-6735-4eeb-a7ec-a3d84ce6d3d3,01,4eaa3015-fdd3-4b9b-9ce1-f3c9f72db8c0,32014L0024,competition,cn-standard,2026-09-16T02:10:47Z
f0c5d53b-9cb6-47fe-9daf-310dfde71f38,01,9c8c00aa-0a23-40bd-89b9-ffc37f612a2b,32014L0024,result,can-standard,2026-09-16T02:10:49Z
71ed154a-f1b0-4a9f-99e4-3f8e18f561af,01,42bf8771-2808-43c6-a0e4-1cf225857b6b,32014L0024,competition,cn-standard,2026-09-16T02:10:49Z
5b6d92e9-a4ab-4d47-90c0-342cc5774de2,01,b00a85df-ef96-4e36-a40c-55b192bc7906,32014L0024,result,can-standard,2026-09-16T02:10:49Z
aac2dd05-c839-4c68-baeb-784225a7c0be,01,633832fa-15ad-47bd-ab9a-acc71979f834,32014L0025,cont-modif,can-modif,2026-09-16T02:10:49Z
56123ce9-7570-44f8-898c-ccbf61ddfdba,01,9e58ddbd-a1ec-4f5b-9cb5-002640cfcf58,32014L0024,result,can-standard,2026-09-16T02:10:49Z
a4cd7a04-bb82-447d-80ff-207898189a11,01,ca1d8cbc-526f-4cdd-84f1-03ebdf907da0,32014L0024,result,can-standard,2026-09-16T02:10:49Z
b9aa34b4-b93b-4a35-a684-baa083456b4c,01,38721062-b514-4293-a9cf-c74c10126e75,32014L0024,competition,cn-standard,2026-09-16T02:10:49Z
50a582d8-d1af-4637-9eb5-ca6378a99bb9,01,50a582d8-d1af-4637-9eb5-ca6378a99bb9,32014L0024,competition,cn-standard,2026-09-16T02:10:49Z
3ee3ffd5-8ec5-4510-b21e-a9c074591fec,01,2fa8f100-0d49-4bc2-98c9-2ad4c255c34d,32014L0024,competition,cn-standard,2026-09-16T02:10:50Z
a5670d06-f5c1-44a2-b02e-d00fe844880e,01,2cf0de67-bb3e-447a-9481-dd423e7ef9c9,32014L0024,competition,cn-standard,2026-09-16T02:10:49Z
a5111cb1-0261-42d7-98a0-a1b063e9b896,01,2c55a983-6235-4800-9830-3f6388098d32,32014L0024,competition,cn-standard,2026-09-16T02:10:49Z
3747dc6f-9c33-4dc6-83af-6504813c09b1,01,ec932d49-ddfe-462e-835d-a3adc96927b8,32014L0025,cont-modif,can-modif,2026-09-16T02:10:51Z
3446a559-15f9-491b-8476-6d32e4154c93,01,7199cecf-1354-40e6-a8d6-cd85f033c7c1,32014L0024,result,can-standard,2026-09-16T02:10:51Z
3090317f-1aac-40b4-8d54-b45d4f559a78,01,909e5410-0337-439f-90b2-8efe78dee3aa,32014L0024,competition,cn-desg,2026-09-16T02:10:51Z
1e8e8e86-5c2f-497f-9865-460e2e1cb375,01,8c586cef-d5ed-4e10-a994-7b88481199c6,32014L0025,cont-modif,can-modif,2026-09-16T02:10:52Z
a00511c6-9a64-4118-811c-0f238982651a,01,cb72b2b4-b6e8-40af-a72d-13f3d5d22427,32014L0025,cont-modif,can-modif,2026-09-16T02:10:52Z
381fc019-557a-4388-a9a4-a8e7afcb1741,01,9e713fd4-1b7c-45e4-9b7a-1a4ecf2cf5a9,32014L0024,result,can-standard,2026-09-16T02:10:52Z
fad97142-b443-4bd9-b7aa-c486345187b3,01,e889e071-bb80-440c-8dfb-c22c2bfd5922,32014L0024,result,can-standard,2026-09-16T02:10:52Z
db18829c-a80e-45d8-bacf-cf1745f3b6d5,01,a25bf52b-2bbd-47eb-911e-10e3fb3a37dc,32014L0025,cont-modif,can-modif,2026-09-16T02:10:52Z
a19b0eb5-b850-4dc3-b4db-d7ec9049bb26,01,a19b0eb5-b850-4dc3-b4db-d7ec9049bb26,32014L0024,competition,cn-standard,2026-09-16T02:10:52Z
e4d3e324-99ba-4975-82a6-24cd59e5aec6,01,cbcff4ad-bd44-480e-b438-5db5abe75308,32014L0024,competition,cn-standard,2026-09-16T02:10:52Z
8176dc60-b619-471e-9097-2d25509222c4,01,b571a405-7b28-4ec5-9069-e16cdca44a88,32014L0024,competition,cn-standard,2026-09-16T02:10:52Z
51971ae6-9e49-4e37-ae18-5812dd49561d,01,21e29600-0c74-4214-944d-f8f7fe33e2ca,32014L0024,result,can-standard,2026-09-16T02:10:54Z
54760ccf-db92-421d-bbc0-d3a3052c6575,01,9c65d524-3570-4ea3-bd09-288eef4e389c,32014L0025,cont-modif,can-modif,2026-09-16T02:10:54Z
a9c762b8-ce8e-4981-b4e8-ee9246ced7f2,01,3c021a0a-b8b9-4da5-9bd3-c3c0851516c9,32014L0025,competition,cn-standard,2026-09-16T02:10:54Z
f51cf9c9-f534-4b55-b11e-79c7e00fc1b2,01,da1300f5-094a-4c19-8f0a-c0c9009b3b3c,32014L0025,result,can-standard,2026-09-16T02:10:54Z
7576de88-72a4-4142-9bc0-0348aef4d44f,01,4d2f8c3e-366d-4480-860f-bf966a79eab6,32014L0024,competition,cn-standard,2026-09-16T02:10:54Z
cb21b5cc-64db-4789-b17e-206767fe07e0,01,631ac869-4690-4025-88af-653585177c59,32014L0024,competition,cn-standard,2026-09-16T02:10:54Z
a4bf01d3-eaf4-444c-b103-dc7f10e6d150,01,94a03f3b-23a0-4e6c-b044-7b21acf6a644,32014L0024,competition,cn-standard,2026-09-16T02:10:54Z
c454fa91-86f5-4f3c-9109-a3bc53e13198,01,3c0dfd51-388c-4eec-808a-52d066848e46,32014L0024,competition,cn-standard,2026-09-16T02:10:54Z
abad8933-5d48-4692-87a6-59a6da346543,01,449d3f63-ee84-4406-b50f-cd904d48154f,32014L0024,competition,cn-standard,2026-09-16T02:10:54Z
ef21858d-19ec-4f13-b58a-a4e0c55551ed,01,2de0325e-4aa8-431e-bae2-d6ff05140775,32014L0024,competition,cn-standard,2026-09-16T02:10:54Z
29715cba-4b1c-4a79-a013-53b23c164720,01,b715ae02-2120-44fb-8044-daa4385ab08f,32014L0024,result,can-standard,2026-09-16T02:10:55Z
01a0a4f7-beff-412f-9087-3edc6bf9153e,01,01a0a4f6-773c-4c8a-b69c-d20082083814,32014L0024,competition,cn-standard,2026-09-16T02:10:56Z
5a6e71b2-0412-41b8-842d-68c99c9ed184,01,5a6e71b2-0412-41b8-842d-68c99c9ed184,32014L0024,competition,cn-standard,2026-09-16T02:10:57Z
1c27c316-9b14-4594-907e-d95f38ed204e,01,ed7a79ef-bfca-48e4-bb72-a2e60a8c58d0,32014L0024,result,can-standard,2026-09-16T02:10:57Z
3fdeb952-ef6e-40e5-a887-a7e2b7cf662f,01,0bddf2f7-2ab0-4ed7-b9dc-6c765da6f674,32014L0024,competition,cn-standard,2026-09-16T02:10:57Z
2f19d346-0db3-412c-b8a2-9dd0c007b0a8,01,4c0be515-882c-474a-b3e0-fa4d3f99f0a8,32014L0024,result,can-standard,2026-09-16T02:10:57Z
2a55e205-4e71-40a0-ac8c-75e8bb465205,01,4244ea8a-c287-47b1-ba71-27fe452f6803,32014L0024,competition,cn-standard,2026-09-16T02:10:57Z
991ad645-b124-416b-b5f9-d364a221823d,01,2c4407c0-b2fa-40a7-b19a-8c8f537a317a,32014L0024,competition,cn-standard,2026-09-16T02:10:57Z
97342522-2e60-41ee-b63e-7fd68f818a0c,01,685d478e-f8a2-42f0-8dc8-e926863f1690,32014L0024,competition,cn-standard,2026-09-16T02:10:57Z
5b29187c-30f5-4ea0-b7d0-5a2195b18ade,01,b4e790c4-68bd-4261-af72-604d4ee918de,32014L0024,competition,cn-standard,2026-09-16T02:10:58Z
6db5929d-a517-43ed-9fe9-fb670fd9e694,01,06454869-a6dc-4a27-b433-fcb184dcd770,32009L0081,result,can-standard,2026-09-16T02:10:58Z
75a604da-489d-4c11-8fa6-c21c913fafa8,01,df65a0a7-9fb5-4208-8f7e-37d3203f1203,32014L0024,competition,cn-standard,2026-09-16T02:10:58Z
7dbb6c22-daf6-4e56-946f-922a05548229,01,8ef36151-5094-4406-ae80-c07283269978,32014L0024,result,can-standard,2026-09-16T02:10:58Z
89046bbd-88d4-4d33-b75e-6499e7d1c3ff,01,170d7d9e-0592-4faa-96b2-dcdb8a8e647f,32014L0024,competition,cn-standard,2026-09-16T02:10:58Z
ec83e767-8a08-4384-b1f9-7c970236efa0,01,1edb73de-41bf-4909-a8e9-fcdade973da7,32014L0024,result,can-standard,2026-09-16T02:10:59Z
48badf3d-488b-4187-a932-53f825f535a7,01,2993b92f-bbe5-434a-aa0b-83fbcdbba8a7,32014L0024,competition,cn-standard,2026-09-16T02:10:58Z
ababf43b-da83-4689-bf19-3f25a3f96273,01,5877b5df-751e-4485-bdcd-8a7a91c995c9,32014L0024,competition,cn-standard,2026-09-16T02:10:58Z
6eed375a-5cb3-4ea3-8c0e-467f90e25ca1,01,2b5965be-d980-45d5-a0c0-1156d98d61ad,32014L0024,cont-modif,can-modif,2026-09-16T02:11:00Z
80675cc9-565a-4b93-816d-55b5930a0bb8,01,7808f485-e88f-4afd-b950-499a525a99b8,32014L0024,result,can-standard,2026-09-16T02:11:00Z
79800511-1d4b-4ad3-8c60-fd255ab125b3,01,c501ad2c-b676-4003-ba2c-f4ec8a9e5acb,32014L0024,result,can-standard,2026-09-16T02:11:00Z
d31e5a38-d43a-4547-8973-c3590bacd62e,01,2055e456-d690-4e82-8a03-5becf4a5f33e,32014L0024,result,can-standard,2026-09-16T02:11:00Z
9938303e-ed44-4a45-aa29-1702c0edcd58,01,15dcd28d-bf59-4432-ae2f-f171962909b0,32014L0024,competition,cn-standard,2026-09-16T02:11:00Z
b64ce675-d41d-4740-be94-e6472a525ea9,01,1d535ab7-7a87-469e-9379-9a5a8227c287,32014L0025,cont-modif,can-modif,2026-09-16T02:11:01Z
7f82f565-4dd7-47a0-b5d2-8365820afd12,01,562d5559-6b80-4c3a-b1b9-a179c4a2aa13,32014L0025,competition,cn-standard,2026-09-16T02:11:01Z
ad9eaa7a-3247-485c-859d-ec19a1263c6b,01,810ffe6c-3a45-4ef9-9bda-64a6dc8cb95a,32014L0024,result,can-standard,2026-09-16T02:11:01Z
655042ea-1acb-49b4-af80-c050e20f7f66,01,7fea2908-d437-46f2-88ee-13abe2e053a8,32014L0024,competition,cn-standard,2026-09-16T02:11:01Z
4f079692-fb67-4402-9761-f9a98b5ae938,01,2bb1424b-72c0-4b85-84a7-16bb50dd6e87,32014L0024,competition,cn-standard,2026-09-16T02:11:02Z
2c604aa0-56c3-4cdd-80eb-ff20350a7e4d,01,1842bf92-3680-4413-a102-e8ead4bb91da,32014L0024,competition,cn-standard,2026-09-16T02:11:02Z
830c6da5-b6b1-4631-a98e-1f52d628be32,01,91e81b15-2e0b-4526-8c2e-a5b8c6ee32cf,32014L0024,result,can-standard,2026-09-16T02:11:02Z
6726f720-afb1-4713-9d79-16afcdf8bc54,01,cec0dd76-9525-4663-a3ae-5ab17195c894,32014L0024,result,can-standard,2026-09-16T02:11:02Z
d17d31d5-55ce-45a3-8044-d38ba241649a,01,5503fd99-8c16-43ef-84f0-3d72b4b15a2f,32014L0024,competition,cn-standard,2026-09-16T02:11:02Z
7c2448be-ac15-4f24-a1e8-fd2d19926919,01,70996505-b689-4c2b-8722-6731f1cdda05,32014L0024,competition,cn-standard,2026-09-16T02:11:02Z
e1f56e28-697e-4bd0-be6c-ee7320bd1a4f,01,773fc1cf-84be-432c-a2b1-a321e508ccb3,32014L0024,competition,cn-standard,2026-09-16T02:11:02Z
c0fea23b-3299-4f7d-81f9-bd0dbeff808f,01,8d84b0c4-52be-4004-8151-7c52348b2fdd,32014L0024,competition,cn-standard,2026-09-16T02:11:02Z
ef80485e-9b72-4f69-8fac-b1ca556c920b,01,c448f113-a87f-4181-a511-52172e5ef2db,32014L0024,competition,cn-standard,2026-09-16T02:11:02Z
7c14f33e-7463-4d67-aec2-1d0904c78a73,01,bc45fcd6-d9b4-4afa-b281-8035a591b5d8,32014L0024,competition,cn-standard,2026-09-16T02:11:03Z
4a5efa8c-4b06-4b5e-82bb-feac20ff8346,01,,32014L0024,planning,pin-only,2026-09-16T02:11:04Z
bf0fdfde-8f62-4b1a-a947-5a92338c95b6,01,a190176d-7f9f-459e-9c96-f71f942f9f12,32014L0024,result,can-standard,2026-09-16T02:11:04Z
a7170bc7-df89-4c34-ad0c-377bea21c268,01,fabf0953-bafd-4026-a4b1-81313de1d9f4,32014L0025,cont-modif,can-modif,2026-09-16T02:11:04Z
9449fe06-b7d5-450b-a214-cb1984fff69b,01,dedf8d30-e9e0-44ab-a717-a7c3e0112b79,32014L0024,competition,cn-standard,2026-09-16T02:11:04Z
542983ed-6b28-4ae0-bc34-9721fa8b95d4,01,d981d155-9c76-40e7-991d-a7b6a9a15768,32014L0024,competition,cn-standard,2026-09-16T02:11:04Z
2fef9971-9508-4941-98cb-7c449a31e82e,01,29b96ec3-1d7d-4fbb-94c0-6e1a5ac7ac82,32014L0024,competition,cn-standard,2026-09-16T02:11:04Z
d34f17c2-ba49-4106-a620-f9f6ef327863,01,85c8b879-87df-4cc5-8263-ee3d28ddd560,32014L0024,competition,cn-standard,2026-09-16T02:11:04Z
c92fe955-e074-45e2-b270-ab63af8a6e30,01,46646a07-3c15-4c4f-9c04-d905d5b520f7,32014L0024,result,can-standard,2026-09-16T02:11:05Z
846aa4fb-948a-48cf-9b6f-0b9d5add1ffa,05,8518c8e5-ebf2-4156-ac0b-f48e141834b1,32014L0025,competition,cn-standard,2026-09-16T02:11:06Z
ec07ce3b-6024-4d6e-b732-6f5218b332b4,02,430798a1-0f35-4285-adb2-73924fce889c,32014L0024,result,can-standard,2026-09-16T02:11:06Z
4f135c7e-421a-4a18-96b3-42acb5886bd3,02,4f135c7e-421a-4a18-96b3-42acb5886bd3,32014L0024,competition,cn-standard,2026-09-16T02:11:06Z
2e39367e-8a41-4431-a32e-ad0a284f236e,02,665fc3fa-7ade-479b-b015-763f46096edc,32014L0024,result,can-standard,2026-09-16T02:11:06Z
2ae1cd41-6e2c-4ea0-880f-730fbc13c727,01,d888005d-ffda-47e3-9ee3-9ea49740cad6,32014L0024,competition,cn-standard,2026-09-16T02:11:06Z
c3c3c991-ddef-4be9-8019-79e0977619b1,01,1eaa45e1-3754-4c44-8c25-6f70b81c7b5e,32009L0081,result,can-standard,2026-09-16T02:11:06Z
ed9237f6-d2c2-4613-be5a-13617329b435,02,30752eda-cfe8-4445-9cd4-9cec8db11ff0,32014L0024,competition,cn-standard,2026-09-16T02:11:06Z
9c08a1ab-83d4-49e8-a1d2-0cba0d37ceaa,01,90cc2489-90ce-4ab1-b0d2-cb2ba981a8a0,32014L0024,competition,cn-standard,2026-09-16T02:11:06Z
8a5794f3-558e-4156-86a7-1950acb1d1e6,01,e61287fd-de95-4a83-a653-dbe83916e24b,32014L0024,result,can-standard,2026-09-16T02:12:04Z
ac66cbd7-4e75-4d04-a276-96c26831c4b1,01,f59aac90-3527-4504-956b-1ab88d6dffb5,32014L0025,cont-modif,can-modif,2026-09-16T02:12:04Z
01a0a4d3-42d3-44f0-b13d-d8b56e99fc69,01,019feaee-0823-426b-a11d-5c2d30d94ee6,32014L0024,result,can-standard,2026-09-16T02:12:04Z
78d1a7ca-9cba-4604-87cb-316487d61edd,01,83817dab-a750-4f8e-b79f-f1d0d93b5fe3,32014L0024,competition,cn-standard,2026-09-16T02:12:04Z
d6da6ed7-48c3-48d2-9cac-66f689d15028,1,4db8a1fa-665d-44a1-992d-2244040a21b4,de-uvgo,competition,cn-standard,2026-09-16T04:22:05Z
f7488eee-a1ed-4f47-b78a-a9219f06abe3,1,225b5455-fa5c-475a-ba43-fbccfdaf81fa,de-vob,competition,cn-standard,2026-09-16T06:52:04Z
25826990,1,,32014L0024,competition,cn-standard,2026-09-16T07:00:02Z
25826986,1,,32014L0024,competition,cn-standard,2026-09-16T07:00:03Z
25826982,1,,de-vob,competition,cn-standard,2026-09-16T07:00:03Z
25818298,1,,,competition,cn-standard,2026-09-16T07:00:03Z
25821782,1,,,competition,cn-standard,2026-09-16T07:00:04Z
25818322,2,,de-vob,competition,cn-standard,2026-09-16T07:00:04Z
25822872,1,,,competition,cn-standard,2026-09-16T07:00:05Z
25822876,1,,de-vob,competition,cn-standard,2026-09-16T07:00:05Z
25822880,1,,de-vob,competition,cn-standard,2026-09-16T07:00:05Z
25822884,1,,de-vob,competition,cn-standard,2026-09-16T07:00:06Z
25822888,1,,,competition,cn-standard,2026-09-16T07:00:06Z
25822892,1,,de-vob,competition,cn-standard,2026-09-16T07:00:06Z
25822896,1,,,competition,cn-standard,2026-09-16T07:00:07Z
25822900,1,,de-vob,competition,cn-standard,2026-09-16T07:00:07Z
25822904,1,,de-vob,competition,cn-standard,2026-09-16T07:00:08Z
25822908,1,,de-vob,competition,cn-standard,2026-09-16T07:00:08Z
25822912,1,,de-vob,competition,cn-standard,2026-09-16T07:00:08Z
25822916,1,,de-vob,competition,cn-standard,2026-09-16T07:00:08Z
25822920,1,,de-vob,competition,cn-standard,2026-09-16T07:00:09Z
25822924,1,,de-vob,competition,cn-standard,2026-09-16T07:00:10Z
25822928,1,,de-vob,competition,cn-standard,2026-09-16T07:00:10Z
25822932,1,,de-vob,competition,cn-standard,2026-09-16T07:00:11Z
25822936,1,,,competition,cn-standard,2026-09-16T07:00:11Z
25822944,1,,,competition,cn-standard,2026-09-16T07:00:11Z
25822948,1,,,competition,cn-standard,2026-09-16T07:00:11Z
25822952,1,,de-vob,competition,cn-standard,2026-09-16T07:00:12Z
25822956,1,,de-vob,competition,cn-standard,2026-09-16T07:00:12Z
25822960,1,,,competition,cn-standard,2026-09-16T07:00:12Z
25822964,1,,de-vob,competition,cn-standard,2026-09-16T07:00:13Z
25822836,1,,,competition,cn-standard,2026-09-16T07:00:13Z
25822840,1,,,competition,cn-standard,2026-09-16T07:00:14Z
25822844,1,,,competition,cn-standard,2026-09-16T07:00:14Z
25822848,1,,,competition,cn-standard,2026-09-16T07:00:14Z
25822852,1,,de-vob,competition,cn-standard,2026-09-16T07:00:15Z
25822856,1,,de-vob,competition,cn-standard,2026-09-16T07:00:15Z
25822860,1,,,competition,cn-standard,2026-09-16T07:00:15Z
25822868,1,,,competition,cn-standard,2026-09-16T07:00:15Z
25825356,1,,,competition,cn-standard,2026-09-16T07:00:16Z
25825360,1,,,competition,cn-standard,2026-09-16T07:00:16Z
25825364,1,,,competition,cn-standard,2026-09-16T07:00:16Z
25825368,1,,de-vob,competition,cn-standard,2026-09-16T07:00:17Z
25825372,1,,de-vob,competition,cn-standard,2026-09-16T07:00:17Z
25825376,1,,de-vob,competition,cn-standard,2026-09-16T07:00:17Z
25825380,1,,,competition,cn-standard,2026-09-16T07:00:18Z
25825384,1,,de-vob,competition,cn-standard,2026-09-16T07:00:18Z
25825388,1,,,competition,cn-standard,2026-09-16T07:00:18Z
25825392,1,,de-vob,competition,cn-standard,2026-09-16T07:00:19Z
25825396,1,,de-vob,competition,cn-standard,2026-09-16T07:00:19Z
25825400,1,,de-vob,competition,cn-standard,2026-09-16T07:00:19Z
25825404,1,,de-vob,competition,cn-standard,2026-09-16T07:00:19Z
25825408,1,,de-vob,competition,cn-standard,2026-09-16T07:00:20Z
25825412,1,,de-vob,competition,cn-standard,2026-09-16T07:00:20Z
25825416,1,,de-vob,competition,cn-standard,2026-09-16T07:00:20Z
25825420,1,,de-vob,competition,cn-standard,2026-09-16T07:00:21Z
25825424,1,,,competition,cn-standard,2026-09-16T07:00:21Z
25825428,1,,,competition,cn-standard,2026-09-16T07:00:21Z
25825432,1,,de-vob,competition,cn-standard,2026-09-16T07:00:22Z
25825436,1,,,competition,cn-standard,2026-09-16T07:00:22Z
25825440,1,,de-vob,competition,cn-standard,2026-09-16T07:00:22Z
25821438,2,,de-vob,competition,cn-standard,2026-09-16T07:00:23Z
25825332,1,,,competition,cn-standard,2026-09-16T07:00:23Z
25825336,1,,,competition,cn-standard,2026-09-16T07:00:24Z
25825340,1,,,competition,cn-standard,2026-09-16T07:00:24Z
25825344,1,,,competition,cn-standard,2026-09-16T07:00:24Z
25825348,1,,de-vob,competition,cn-standard,2026-09-16T07:00:25Z
25825352,1,,de-vob,competition,cn-standard,2026-09-16T07:00:25Z
25817140,2,,de-vob,competition,cn-standard,2026-09-16T07:00:25Z
25825328,1,,,competition,cn-standard,2026-09-16T07:00:26Z
25821434,2,,,competition,cn-standard,2026-09-16T07:00:26Z
25635804,1,,de-vob,competition,cn-standard,2026-09-16T07:00:27Z
25750966,2,,de-vob,competition,cn-standard,2026-09-16T07:00:27Z
25827228,1,,de-uvgo,competition,cn-standard,2026-09-16T07:00:28Z
25744564,2,,de-vob,competition,cn-standard,2026-09-16T07:00:28Z
25723776,3,,de-vob,competition,cn-standard,2026-09-16T07:00:29Z
25827124,1,,,competition,cn-standard,2026-09-16T07:00:29Z
25822500,1,,de-vol,competition,cn-standard,2026-09-16T07:00:29Z
25823454,1,,de-vob,competition,cn-standard,2026-09-16T07:00:30Z
25825624,1,,,competition,cn-standard,2026-09-16T07:00:30Z
25719552,1,,de-vob,competition,cn-standard,2026-09-16T07:00:30Z
25823356,1,,de-vob,competition,cn-standard,2026-09-16T07:00:31Z
25823352,1,,de-vob,competition,cn-standard,2026-09-16T07:00:31Z
25823338,1,,,competition,cn-standard,2026-09-16T07:00:31Z
25827156,1,,de-vob,competition,cn-standard,2026-09-16T07:00:32Z
25822526,1,,de-vol,competition,cn-standard,2026-09-16T07:00:32Z
25825788,1,,,competition,cn-standard,2026-09-16T07:00:33Z
25825848,1,,,competition,cn-standard,2026-09-16T07:00:33Z
25823450,1,,de-vob,competition,cn-standard,2026-09-16T07:00:33Z
25823310,1,,,competition,cn-standard,2026-09-16T07:00:34Z
25822816,1,,,competition,cn-standard,2026-09-16T07:00:34Z
25822756,1,,de-vob,competition,cn-standard,2026-09-16T07:00:34Z
25822708,1,,de-vob,competition,cn-standard,2026-09-16T07:00:34Z
25823406,1,,de-vob,competition,cn-standard,2026-09-16T07:00:35Z
25823012,1,,de-vob,competition,cn-standard,2026-09-16T07:00:35Z
25825852,1,,de-vob,competition,cn-standard,2026-09-16T07:00:35Z
25822632,1,,de-vob,competition,cn-standard,2026-09-16T07:00:36Z
25822628,1,,de-vob,competition,cn-standard,2026-09-16T07:00:36Z
25822624,1,,de-vob,competition,cn-standard,2026-09-16T07:00:36Z
25822620,1,,de-vol,competition,cn-standard,2026-09-16T07:00:37Z
25825660,1,,,competition,cn-standard,2026-09-16T07:00:37Z
25823334,1,,de-vob,competition,cn-standard,2026-09-16T07:00:37Z
25825784,1,,,competition,cn-standard,2026-09-16T07:00:38Z
25827188,1,,de-vob,competition,cn-standard,2026-09-16T07:00:38Z
25823104,1,,de-vob,competition,cn-standard,2026-09-16T07:00:38Z
25823326,1,,de-vob,competition,cn-standard,2026-09-16T07:00:38Z
25827084,1,,de-vob,competition,cn-standard,2026-09-16T07:00:39Z
25823348,1,,de-vob,competition,cn-standard,2026-09-16T07:00:39Z
25827184,1,,de-vob,competition,cn-standard,2026-09-16T07:00:39Z
25823344,1,,de-vob,competition,cn-standard,2026-09-16T07:00:40Z
25823446,1,,de-vob,competition,cn-standard,2026-09-16T07:00:40Z
25823442,1,,,competition,cn-standard,2026-09-16T07:00:40Z
25776634,2,,de-vol,competition,cn-standard,2026-09-16T07:00:41Z
25827180,1,,de-vob,competition,cn-standard,2026-09-16T07:00:41Z
25825628,1,,,competition,cn-standard,2026-09-16T07:00:41Z
25827176,1,,de-vob,competition,cn-standard,2026-09-16T07:00:42Z
25825462,1,,de-vob,competition,cn-standard,2026-09-16T07:00:42Z
25826954,1,,de-vob,competition,cn-standard,2026-09-16T07:00:43Z
25823214,1,,,competition,cn-standard,2026-09-16T07:00:43Z
25826978,1,,de-vob,competition,cn-standard,2026-09-16T07:00:43Z
25825776,1,,,competition,cn-standard,2026-09-16T07:00:44Z
25823084,1,,,competition,cn-standard,2026-09-16T07:00:44Z
25822616,1,,de-vol,competition,cn-standard,2026-09-16T07:00:44Z
25825844,1,,de-vob,competition,cn-standard,2026-09-16T07:00:45Z
25823218,1,,,competition,cn-standard,2026-09-16T07:00:45Z
25825772,1,,,competition,cn-standard,2026-09-16T07:00:45Z
25823076,1,,,competition,cn-standard,2026-09-16T07:00:45Z
25826950,1,,de-vob,competition,cn-standard,2026-09-16T07:00:46Z
25826974,1,,de-vob,competition,cn-standard,2026-09-16T07:00:46Z
25825446,1,,de-vol,competition,cn-standard,2026-09-16T07:00:46Z
25822748,1,,,competition,cn-standard,2026-09-16T07:00:47Z
25822584,1,,de-vob,competition,cn-standard,2026-09-16T07:00:47Z
25823072,1,,de-vob,competition,cn-standard,2026-09-16T07:00:47Z
25823056,1,,de-vob,competition,cn-standard,2026-09-16T07:00:48Z
25827172,1,,de-vob,competition,cn-standard,2026-09-16T07:00:48Z
25822664,1,,,competition,cn-standard,2026-09-16T07:00:48Z
25822612,1,,de-vol,competition,cn-standard,2026-09-16T07:00:48Z
25823478,1,,de-vob,competition,cn-standard,2026-09-16T07:00:49Z
25823784,1,,de-vob,competition,cn-standard,2026-09-16T07:00:49Z
25823508,1,,,competition,cn-standard,2026-09-16T07:00:49Z
25776550,2,,de-vob,competition,cn-standard,2026-09-16T07:00:50Z
25823306,1,,de-vob,competition,cn-standard,2026-09-16T07:00:50Z
25825644,1,,,competition,cn-standard,2026-09-16T07:00:51Z
25823474,1,,de-vob,competition,cn-standard,2026-09-16T07:00:51Z
25825840,1,,de-vob,competition,cn-standard,2026-09-16T07:00:51Z
25823294,1,,de-vob,competition,cn-standard,2026-09-16T07:00:51Z
25826942,1,,de-vob,competition,cn-standard,2026-09-16T07:00:52Z
25827168,1,,de-vob,competition,cn-standard,2026-09-16T07:00:52Z
25825818,1,,,competition,cn-standard,2026-09-16T07:00:53Z
25822828,1,,,competition,cn-standard,2026-09-16T07:00:53Z
25822608,1,,de-vob,competition,cn-standard,2026-09-16T07:00:53Z
25822604,1,,de-vob,competition,cn-standard,2026-09-16T07:00:54Z
25822994,1,,de-vob,competition,cn-standard,2026-09-16T07:00:54Z
25659566,4,,de-vob,competition,cn-standard,2026-09-16T07:00:54Z
25823282,1,,,competition,cn-standard,2026-09-16T07:00:55Z
25825324,1,,de-vol,competition,cn-standard,2026-09-16T07:00:55Z
25822498,1,,de-vol,competition,cn-standard,2026-09-16T07:00:55Z
25823230,1,,de-vol,competition,cn-standard,2026-09-16T07:00:56Z
25825610,1,,de-vob,competition,cn-standard,2026-09-16T07:00:56Z
25826052,1,,,competition,cn-standard,2026-09-16T07:00:56Z
25826056,1,,,competition,cn-standard,2026-09-16T07:00:57Z
25823362,1,,,competition,cn-standard,2026-09-16T07:00:57Z
25823366,1,,de-vob,competition,cn-standard,2026-09-16T07:00:57Z
25825606,1,,de-vob,competition,cn-standard,2026-09-16T07:00:58Z
25822600,1,,,competition,cn-standard,2026-09-16T07:00:58Z
25822596,1,,de-vol,competition,cn-standard,2026-09-16T07:00:58Z
25823060,1,,de-vob,competition,cn-standard,2026-09-16T07:00:59Z
25825602,1,,de-vob,competition,cn-standard,2026-09-16T07:00:59Z
25825648,1,,,competition,cn-standard,2026-09-16T07:00:59Z
25822804,1,,,competition,cn-standard,2026-09-16T07:00:59Z
25822800,1,,de-vob,competition,cn-standard,2026-09-16T07:01:00Z
25823470,1,,de-vob,competition,cn-standard,2026-09-16T07:01:00Z
25825768,1,,,competition,cn-standard,2026-09-16T07:01:00Z
25826918,1,,de-vob,competition,cn-standard,2026-09-16T07:01:01Z
25822796,1,,de-vob,competition,cn-standard,2026-09-16T07:01:01Z
25822744,1,,,competition,cn-standard,2026-09-16T07:01:01Z
25822752,1,,,competition,cn-standard,2026-09-16T07:01:02Z
25822672,1,,de-vol,competition,cn-standard,2026-09-16T07:01:02Z
25822668,1,,de-vol,competition,cn-standard,2026-09-16T07:01:03Z
25822990,1,,de-vob,competition,cn-standard,2026-09-16T07:01:03Z
25822478,1,,32014L0024,competition,cn-standard,2026-09-16T07:01:04Z
25823158,1,,,competition,cn-standard,2026-09-16T07:01:04Z
25807478,2,,de-vob,competition,cn-standard,2026-09-16T07:01:04Z
25822792,1,,de-vob,competition,cn-standard,2026-09-16T07:01:05Z
25822784,1,,,competition,cn-standard,2026-09-16T07:01:05Z
25822592,1,,de-vol,competition,cn-standard,2026-09-16T07:01:06Z
25822580,1,,de-vol,competition,cn-standard,2026-09-16T07:01:06Z
25823438,1,,,competition,cn-standard,2026-09-16T07:01:06Z
25825666,1,,de-vob,competition,cn-standard,2026-09-16T07:01:07Z
25825718,1,,,competition,cn-standard,2026-09-16T07:01:07Z
25825636,1,,,competition,cn-standard,2026-09-16T07:01:07Z
25825824,1,,,competition,cn-standard,2026-09-16T07:01:08Z
25825316,1,,de-vol,competition,cn-standard,2026-09-16T07:01:08Z
25758778,3,,de-vob,competition,cn-standard,2026-09-16T07:01:08Z
25823266,1,,,competition,cn-standard,2026-09-16T07:01:09Z
25823052,1,,de-vob,competition,cn-standard,2026-09-16T07:01:09Z
25822780,1,,,competition,cn-standard,2026-09-16T07:01:09Z
25823262,1,,,competition,cn-standard,2026-09-16T07:01:10Z
25825586,1,,de-vob,competition,cn-standard,2026-09-16T07:01:10Z
25822652,1,,de-vob,competition,cn-standard,2026-09-16T07:01:10Z
25823430,1,,,competition,cn-standard,2026-09-16T07:01:11Z
25823772,1,,de-vob,competition,cn-standard,2026-09-16T07:01:11Z
25826946,1,,de-vob,competition,cn-standard,2026-09-16T07:01:11Z
25823768,1,,de-vol,competition,cn-standard,2026-09-16T07:01:11Z
25822568,1,,de-vob,competition,cn-standard,2026-09-16T07:01:12Z
25823254,1,,de-vob,competition,cn-standard,2026-09-16T07:01:12Z
25822978,1,,,competition,cn-standard,2026-09-16T07:01:12Z
25823434,1,,,competition,cn-standard,2026-09-16T07:01:13Z
25825458,1,,de-vob,competition,cn-standard,2026-09-16T07:01:13Z
25822564,1,,de-vob,competition,cn-standard,2026-09-16T07:01:14Z
25823764,1,,de-vob,competition,cn-standard,2026-09-16T07:01:14Z
25823426,1,,,competition,cn-standard,2026-09-16T07:01:14Z
25823048,1,,de-vob,competition,cn-standard,2026-09-16T07:01:15Z
25822740,1,,de-vob,competition,cn-standard,2026-09-16T07:01:15Z
25822560,1,,de-vob,competition,cn-standard,2026-09-16T07:01:15Z
25825442,1,,de-vob,competition,cn-standard,2026-09-16T07:01:15Z
25826048,1,,,competition,cn-standard,2026-09-16T07:01:16Z
25825308,1,,de-vol,competition,cn-standard,2026-09-16T07:01:16Z
25826926,1,,de-vob,competition,cn-standard,2026-09-16T07:01:16Z
25823250,1,,,competition,cn-standard,2026-09-16T07:01:17Z
25771066,2,,de-vob,competition,cn-standard,2026-09-16T07:01:17Z
25823246,1,,,competition,cn-standard,2026-09-16T07:01:18Z
25823162,1,,de-vob,competition,cn-standard,2026-09-16T07:01:18Z
25823460,1,,de-vol,competition,cn-standard,2026-09-16T07:01:18Z
25822700,1,,de-vob,competition,cn-standard,2026-09-16T07:01:18Z
25776542,4,,32014L0024,competition,cn-standard,2026-09-16T07:01:19Z
25823044,1,,de-vob,competition,cn-standard,2026-09-16T07:01:19Z
25826894,1,,de-vol,competition,cn-standard,2026-09-16T07:01:20Z
25825656,1,,,competition,cn-standard,2026-09-16T07:01:20Z
25823242,1,,,competition,cn-standard,2026-09-16T07:01:20Z
25826922,1,,de-vob,competition,cn-standard,2026-09-16T07:01:21Z
25823154,1,,,competition,cn-standard,2026-09-16T07:01:21Z
25822510,1,,de-vol,competition,cn-standard,2026-09-16T07:01:21Z
25823422,1,,,competition,cn-standard,2026-09-16T07:01:21Z
25825304,1,,de-vol,competition,cn-standard,2026-09-16T07:01:22Z
25822736,1,,,competition,cn-standard,2026-09-16T07:01:22Z
25825706,1,,,competition,cn-standard,2026-09-16T07:01:22Z
25826914,1,,de-vob,competition,cn-standard,2026-09-16T07:01:23Z
25826004,1,,de-vob,competition,cn-standard,2026-09-16T07:01:23Z
25826008,1,,de-vob,competition,cn-standard,2026-09-16T07:01:24Z
25823238,1,,,competition,cn-standard,2026-09-16T07:01:24Z
25781004,2,,de-vol,competition,cn-standard,2026-09-16T07:01:24Z
25823418,1,,,competition,cn-standard,2026-09-16T07:01:25Z
25826910,1,,32014L0024,competition,cn-standard,2026-09-16T07:01:25Z
25823466,1,,de-vob,competition,cn-standard,2026-09-16T07:01:25Z
25825300,1,,de-vol,competition,cn-standard,2026-09-16T07:01:26Z
25825620,1,,,competition,cn-standard,2026-09-16T07:01:26Z
25823234,1,,,competition,cn-standard,2026-09-16T07:01:26Z
25825702,1,,de-vob,competition,cn-standard,2026-09-16T07:01:27Z
25823370,1,,de-vob,competition,cn-standard,2026-09-16T07:01:27Z
25826886,1,,de-vob,competition,cn-standard,2026-09-16T07:01:27Z
25826102,1,,de-vol,competition,cn-standard,2026-09-16T07:01:28Z
25826906,1,,de-vob,competition,cn-standard,2026-09-16T07:01:28Z
25823040,1,,de-vob,competition,cn-standard,2026-09-16T07:01:28Z
25823752,1,,de-vol,competition,cn-standard,2026-09-16T07:01:28Z
25823748,1,,de-vob,competition,cn-standard,2026-09-16T07:01:29Z
25823170,1,,de-vob,competition,cn-standard,2026-09-16T07:01:29Z
25825296,1,,de-vob,competition,cn-standard,2026-09-16T07:01:29Z
25823410,1,,,competition,cn-standard,2026-09-16T07:01:30Z
25822552,1,,de-vob,competition,cn-standard,2026-09-16T07:01:30Z
25823456,1,,de-vol,competition,cn-standard,2026-09-16T07:01:30Z
25822776,1,,,competition,cn-standard,2026-09-16T07:01:31Z
25823032,1,,de-vob,competition,cn-standard,2026-09-16T07:01:31Z
25823382,1,,,competition,cn-standard,2026-09-16T07:01:31Z
25823016,1,,de-vob,competition,cn-standard,2026-09-16T07:01:31Z
25823402,1,,,competition,cn-standard,2026-09-16T07:01:32Z
25822732,1,,de-vob,competition,cn-standard,2026-09-16T07:01:32Z
25823654,1,,de-vob,competition,cn-standard,2026-09-16T07:01:32Z
25823378,1,,,competition,cn-standard,2026-09-16T07:01:33Z
25825652,1,,de-vob,competition,cn-standard,2026-09-16T07:01:33Z
25823028,1,,,competition,cn-standard,2026-09-16T07:01:34Z
25822768,1,,,competition,cn-standard,2026-09-16T07:01:34Z
25822724,1,,de-vob,competition,cn-standard,2026-09-16T07:01:34Z
25822728,1,,de-vob,competition,cn-standard,2026-09-16T07:01:35Z
25822720,1,,de-vob,competition,cn-standard,2026-09-16T07:01:35Z
25822712,1,,de-vob,competition,cn-standard,2026-09-16T07:01:35Z
25822716,1,,de-vob,competition,cn-standard,2026-09-16T07:01:36Z
25822696,1,,de-vob,competition,cn-standard,2026-09-16T07:01:36Z
25822680,1,,de-vob,competition,cn-standard,2026-09-16T07:01:36Z
25823724,1,,de-vob,competition,cn-standard,2026-09-16T07:01:36Z
25827160,1,,de-vob,competition,cn-standard,2026-09-16T07:01:37Z
25825454,1,,de-vob,competition,cn-standard,2026-09-16T07:01:37Z
25822832,1,,de-vob,competition,cn-standard,2026-09-16T07:01:37Z
25822760,1,,,competition,cn-standard,2026-09-16T07:01:38Z
25822676,1,,de-vob,competition,cn-standard,2026-09-16T07:01:38Z
25822644,1,,de-vol,competition,cn-standard,2026-09-16T07:01:38Z
25822640,1,,de-vob,competition,cn-standard,2026-09-16T07:01:39Z
25823226,1,,de-vob,competition,cn-standard,2026-09-16T07:01:39Z
25825752,1,,,competition,cn-standard,2026-09-16T07:01:39Z
25825814,1,,,competition,cn-standard,2026-09-16T07:01:40Z
25822548,1,,de-vob,competition,cn-standard,2026-09-16T07:01:40Z
25822528,1,,de-vob,competition,cn-standard,2026-09-16T07:01:40Z
25823140,1,,de-vob,competition,cn-standard,2026-09-16T07:01:41Z
25827148,1,,de-vob,competition,cn-standard,2026-09-16T07:01:41Z
25822474,1,,de-vob,competition,cn-standard,2026-09-16T07:01:41Z
25822536,1,,de-vob,competition,cn-standard,2026-09-16T07:01:41Z
25825670,1,,de-vob,competition,cn-standard,2026-09-16T07:01:42Z
25822532,1,,de-vol,competition,cn-standard,2026-09-16T07:01:42Z
25825268,1,,de-vol,competition,cn-standard,2026-09-16T07:01:42Z
25822660,1,,de-vol,competition,cn-standard,2026-09-16T07:01:43Z
25822656,1,,de-vol,competition,cn-standard,2026-09-16T07:01:43Z
25826854,1,,de-vob,competition,cn-standard,2026-09-16T07:01:44Z
25826850,1,,de-vol,competition,cn-standard,2026-09-16T07:01:44Z
25825516,1,,de-vob,competition,cn-standard,2026-09-16T07:01:44Z
25825528,1,,de-vol,competition,cn-standard,2026-09-16T07:01:44Z
25825536,1,,de-vob,competition,cn-standard,2026-09-16T07:01:45Z
25825540,1,,de-vol,competition,cn-standard,2026-09-16T07:01:45Z
25825544,1,,de-vob,competition,cn-standard,2026-09-16T07:01:45Z
25825552,1,,de-vob,competition,cn-standard,2026-09-16T07:01:46Z
25825556,1,,de-vol,competition,cn-standard,2026-09-16T07:01:46Z
25825560,1,,de-vol,competition,cn-standard,2026-09-16T07:01:46Z
25825564,1,,de-vol,competition,cn-standard,2026-09-16T07:01:47Z
25825568,1,,de-vol,competition,cn-standard,2026-09-16T07:01:47Z
25825572,1,,de-vol,competition,cn-standard,2026-09-16T07:01:47Z
25825580,1,,de-vol,competition,cn-standard,2026-09-16T07:01:48Z
25825484,1,,de-vob,competition,cn-standard,2026-09-16T07:01:48Z
25823136,1,,de-vob,competition,cn-standard,2026-09-16T07:01:48Z
25824728,1,,de-vol,competition,cn-standard,2026-09-16T07:01:48Z
25824736,1,,de-vol,competition,cn-standard,2026-09-16T07:01:49Z
25824744,1,,de-vol,competition,cn-standard,2026-09-16T07:01:49Z
25823492,1,,de-vob,competition,cn-standard,2026-09-16T07:01:49Z
25825480,1,,de-vol,competition,cn-standard,2026-09-16T07:01:50Z
25825640,1,,de-vob,competition,cn-standard,2026-09-16T07:01:50Z
25825798,1,,de-vob,competition,cn-standard,2026-09-16T07:01:50Z
25825832,1,,de-vob,competition,cn-standard,2026-09-16T07:01:51Z
25825748,1,,de-vob,competition,cn-standard,2026-09-16T07:01:51Z
25826000,1,,de-vob,competition,cn-standard,2026-09-16T07:01:51Z
25826020,1,,,competition,cn-standard,2026-09-16T07:01:52Z
25826024,1,,,competition,cn-standard,2026-09-16T07:01:52Z
25826028,1,,de-vob,competition,cn-standard,2026-09-16T07:01:52Z
25826032,1,,de-vob,competition,cn-standard,2026-09-16T07:01:52Z
25826036,1,,de-vob,competition,cn-standard,2026-09-16T07:01:53Z
25826040,1,,,competition,cn-standard,2026-09-16T07:01:53Z
25826044,1,,de-vob,competition,cn-standard,2026-09-16T07:01:54Z
25826070,1,,,competition,cn-standard,2026-09-16T07:01:54Z
25826074,1,,,competition,cn-standard,2026-09-16T07:01:54Z
25826082,1,,,competition,cn-standard,2026-09-16T07:01:55Z
25826086,1,,de-vob,competition,cn-standard,2026-09-16T07:01:55Z
25825996,1,,,competition,cn-standard,2026-09-16T07:01:55Z
25826012,1,,de-vob,competition,cn-standard,2026-09-16T07:01:55Z
25826016,1,,de-vob,competition,cn-standard,2026-09-16T07:01:56Z
25826094,1,,de-vol,competition,cn-standard,2026-09-16T07:01:56Z
25826058,1,,de-vob,competition,cn-standard,2026-09-16T07:01:56Z
25826098,1,,de-vol,competition,cn-standard,2026-09-16T07:01:57Z
25825836,1,,de-vob,competition,cn-standard,2026-09-16T07:01:57Z
25827232,1,,de-uvgo,result,can-standard,2026-09-16T07:01:58Z
25827236,1,,de-uvgo,result,can-standard,2026-09-16T07:01:58Z
25827200,1,,de-uvgo,result,can-standard,2026-09-16T07:01:58Z
25825584,1,,de-vob,result,can-standard,2026-09-16T07:01:59Z
25823484,1,,,result,can-standard,2026-09-16T07:01:59Z
25823480,1,,,result,can-standard,2026-09-16T07:01:59Z
25823108,1,,de-vob,result,can-standard,2026-09-16T07:01:59Z
25823788,1,,de-vob,result,can-standard,2026-09-16T07:02:00Z
25825632,1,,de-vob,result,can-standard,2026-09-16T07:02:00Z
25826970,1,,32014L0024,result,can-standard,2026-09-16T07:02:00Z
25825828,1,,,result,can-standard,2026-09-16T07:02:01Z
25823330,1,,de-vob,result,can-standard,2026-09-16T07:02:01Z
25823512,1,,,result,can-standard,2026-09-16T07:02:01Z
25825780,1,,,result,can-standard,2026-09-16T07:02:02Z
25825576,1,,de-vob,result,can-standard,2026-09-16T07:02:02Z
25823666,1,,de-vol,result,can-standard,2026-09-16T07:02:02Z
25823322,1,,de-vob,result,can-standard,2026-09-16T07:02:03Z
25823318,1,,de-vob,result,can-standard,2026-09-16T07:02:03Z
25826962,1,,de-vob,result,can-standard,2026-09-16T07:02:04Z
25826966,1,,de-vob,result,can-standard,2026-09-16T07:02:04Z
25823100,1,,,result,can-standard,2026-09-16T07:02:05Z
25823096,1,,de-vob,result,can-standard,2026-09-16T07:02:05Z
25826958,1,,32014L0024,result,can-standard,2026-09-16T07:02:05Z
25823092,1,,de-vob,result,can-standard,2026-09-16T07:02:06Z
25823088,1,,de-vob,result,can-standard,2026-09-16T07:02:06Z
25823080,1,,de-vob,result,can-standard,2026-09-16T07:02:06Z
25823662,1,,de-vol,result,can-standard,2026-09-16T07:02:06Z
25823658,1,,de-vol,result,can-standard,2026-09-16T07:02:07Z
25823314,1,,,result,can-standard,2026-09-16T07:02:07Z
25823068,1,,de-vob,result,can-standard,2026-09-16T07:02:07Z
25822812,1,,de-vob,result,can-standard,2026-09-16T07:02:08Z
25823504,1,,,result,can-standard,2026-09-16T07:02:08Z
25823302,1,,de-vob,result,can-standard,2026-09-16T07:02:08Z
25827112,1,,de-vob,result,can-standard,2026-09-16T07:02:09Z
25825590,1,,de-vob,result,can-standard,2026-09-16T07:02:09Z
25823298,1,,de-vob,result,can-standard,2026-09-16T07:02:09Z
25823134,1,,,result,can-standard,2026-09-16T07:02:10Z
25823064,1,,de-vob,result,can-standard,2026-09-16T07:02:10Z
25823290,1,,de-vob,result,can-standard,2026-09-16T07:02:10Z
25826938,1,,de-vob,result,can-standard,2026-09-16T07:02:10Z
25823286,1,,de-vob,result,can-standard,2026-09-16T07:02:11Z
25823500,1,,,result,can-standard,2026-09-16T07:02:11Z
25823278,1,,de-vob,result,can-standard,2026-09-16T07:02:11Z
25826934,1,,de-vol,result,can-standard,2026-09-16T07:02:12Z
25823274,1,,de-vob,result,can-standard,2026-09-16T07:02:12Z
25823496,1,,,result,can-standard,2026-09-16T07:02:12Z
25826930,1,,de-vob,result,can-standard,2026-09-16T07:02:13Z
25825320,1,,de-vob,result,can-standard,2026-09-16T07:02:13Z
25823270,1,,de-vob,result,can-standard,2026-09-16T07:02:13Z
25822588,1,,de-vol,result,can-standard,2026-09-16T07:02:14Z
25825488,1,,de-vol,result,can-standard,2026-09-16T07:02:14Z
25827152,1,,de-vob,result,can-standard,2026-09-16T07:02:15Z
25825312,1,,de-vol,result,can-standard,2026-09-16T07:02:15Z
25823258,1,,de-vob,result,can-standard,2026-09-16T07:02:15Z
25827108,1,,de-vob,result,can-standard,2026-09-16T07:02:16Z
25825598,1,,de-vob,result,can-standard,2026-09-16T07:02:16Z
25822572,1,,de-vol,result,can-standard,2026-09-16T07:02:16Z
25826902,1,,de-vob,result,can-standard,2026-09-16T07:02:17Z
25825764,1,,,result,can-standard,2026-09-16T07:02:17Z
25827080,1,,de-vob,result,can-standard,2026-09-16T07:02:17Z
25827088,1,,de-vob,result,can-standard,2026-09-16T07:02:17Z
25823760,1,,de-vob,result,can-standard,2026-09-16T07:02:18Z
25827096,1,,de-vob,result,can-standard,2026-09-16T07:02:18Z
25822982,1,,de-vob,result,can-standard,2026-09-16T07:02:18Z
25825714,1,,,result,can-standard,2026-09-16T07:02:19Z
25826898,1,,32014L0024,result,can-standard,2026-09-16T07:02:19Z
25825710,1,,,result,can-standard,2026-09-16T07:02:19Z
25825760,1,,,result,can-standard,2026-09-16T07:02:20Z
25827092,1,,de-vob,result,can-standard,2026-09-16T07:02:20Z
25826890,1,,de-vol,result,can-standard,2026-09-16T07:02:20Z
25825450,1,,de-vob,result,can-standard,2026-09-16T07:02:21Z
25827100,1,,de-vob,result,can-standard,2026-09-16T07:02:21Z
25827104,1,,de-vob,result,can-standard,2026-09-16T07:02:21Z
25825520,1,,de-vob,result,can-standard,2026-09-16T07:02:21Z
25822984,1,,de-vob,result,can-standard,2026-09-16T07:02:22Z
25825678,1,,,result,can-standard,2026-09-16T07:02:22Z
25822648,1,,de-vob,result,can-standard,2026-09-16T07:02:22Z
25823414,1,,de-vob,result,can-standard,2026-09-16T07:02:23Z
25826882,1,,de-vob,result,can-standard,2026-09-16T07:02:23Z
25822556,1,,de-vob,result,can-standard,2026-09-16T07:02:23Z
25826878,1,,de-vol,result,can-standard,2026-09-16T07:02:24Z
25823036,1,,,result,can-standard,2026-09-16T07:02:24Z
25823740,1,,de-vob,result,can-standard,2026-09-16T07:02:25Z
25823744,1,,de-vol,result,can-standard,2026-09-16T07:02:25Z
25825594,1,,,result,can-standard,2026-09-16T07:02:25Z
25823736,1,,de-vol,result,can-standard,2026-09-16T07:02:26Z
25825756,1,,de-vob,result,can-standard,2026-09-16T07:02:26Z
25825276,1,,de-vol,result,can-standard,2026-09-16T07:02:26Z
25822692,1,,de-vob,result,can-standard,2026-09-16T07:02:27Z
25822636,1,,de-vob,result,can-standard,2026-09-16T07:02:27Z
25823720,1,,de-vol,result,can-standard,2026-09-16T07:02:27Z
25823222,1,,de-vob,result,can-standard,2026-09-16T07:02:27Z
ec2ebac5-f882-4557-8f21-ab61d46d3c4a,01,33c8d07e-333d-427f-a110-254fed6b73bd,other,competition,cn-standard,2026-09-16T07:34:04Z
9b81c802-39b8-4174-a4cc-a7dd42d5bc39,1,fa251344-a204-419c-8213-4c3f5832726f,de-uvgo,competition,cn-standard,2026-09-16T07:36:05Z
06092931-df9d-48ca-bad5-0371a41ba431,2,f797ec35-f7bc-4f92-bc27-e775064251f1,de-uvgo,change,cn-standard,2026-09-16T07:36:06Z
f0c055e3-d0ac-45a8-8ed0-e2e7382866ac,01,d47626d9-8a57-41b6-a455-303f3fbb80d6,other,competition,cn-standard,2026-09-16T07:48:06Z
c7711135-fbb7-4e6d-801a-66d41155ecca,2,08159f93-1a56-415b-be5e-289bd79cb385,de-uvgo,change,cn-standard,2026-09-16T07:52:05Z
200ff04c-a468-4b9e-bd0f-b1b7643c3f77,1,dd90c198-201f-42a1-a9e8-3d361405cee6,de-vob,competition,cn-standard,2026-09-16T08:06:04Z
21d4f711-fe19-4cd7-aa8c-09863fb8e5dd,2,23e1add1-b431-4c5f-bfc4-512c4de267e1,de-uvgo,change,cn-standard,2026-09-16T08:22:04Z
d199a92e-c6f7-4f52-921c-229ba1ccca1b,2,e2f83d25-6f65-44b4-b687-323001d442e7,de-uvgo,change,cn-standard,2026-09-16T08:22:05Z
851f49ba-160c-4aec-859e-5575b9a046bb,1,3dc2c518-558a-4240-acec-56342b031225,de-uvgo,competition,cn-standard,2026-09-16T08:36:05Z
b0f6fa43-92ac-4e7c-a8c9-55e3487121b0,2,717962f0-b7f3-4e2e-afa7-7102f4fb0568,de-vob,change,cn-standard,2026-09-16T08:36:05Z
cb0b417c-4949-40cb-babb-8d35ac5ecb26,1,b77aad7b-1fdc-4ca4-9d60-8de8681df2d6,de-vob,competition,cn-standard,2026-09-16T08:36:06Z
d7d215a3-38df-4b0e-a785-26cae0a17984,1,5f9d85c3-e75a-4979-8a31-1a8f34748f30,de-uvgo,competition,cn-standard,2026-09-16T08:52:04Z
9532800d-f9a4-4856-bb1a-46f1763f33fb,1,24f5178d-4192-4a99-9979-549fd37b8db6,de-uvgo,competition,cn-standard,2026-09-16T08:52:05Z
86a622d6-b5c8-42ae-8e4e-834ac610f252,2,2476bc07-25ab-46a2-96b4-06a34470deaf,de-vob,change,cn-standard,2026-09-16T09:22:04Z
982091ec-4912-4b1c-b56b-828bf784f3ab,1,8f0521f7-02d1-4246-9e0f-5842c9aa688b,de-vob,result,can-standard,2026-09-16T09:36:04Z
be63422c-a3e0-44fd-befa-6be4e0907e4b,1,cb5a1212-661c-489c-a64f-c6c9d632214f,de-uvgo,competition,cn-standard,2026-09-16T09:52:05Z
a9a248f5-fa5a-471c-8cb2-30ea888267a3,1,c5f6b758-5388-4293-8657-b1caf81514ae,de-vob,competition,cn-standard,2026-09-16T10:06:05Z
a9a248f5-fa5a-471c-8cb2-30ea888267a3,2,c5f6b758-5388-4293-8657-b1caf81514ae,de-vob,change,cn-standard,2026-09-16T10:20:05Z
38e7a718-d91d-4334-926a-dd334c57b252,2,e7600df0-5bba-4478-87e6-a73c79a30c53,de-uvgo,change,cn-standard,2026-09-16T11:06:04Z
5ad18efd-468c-4e58-9ba9-061739e2d9d0,1,2ba79154-e16a-41c4-a1b1-44ac8ecbcf63,de-uvgo,result,can-standard,2026-09-16T11:36:05Z
40012ccd-56fd-473b-927f-f1a120e69ccc,1,20213d76-a224-4c99-a4da-a3847739dd81,de-uvgo,competition,cn-standard,2026-09-16T12:06:04Z
05db21f9-25d1-4f8c-bbac-8bc0a526af0e,1,b00a6c3e-71ed-4064-bc6a-fef8a6416e2d,de-uvgo,competition,cn-standard,2026-09-16T12:06:05Z
d142419a-39aa-42be-aebb-cc0d7b3f8938,1,dec12265-8f08-4e38-bcb0-48ad9316d779,de-uvgo,competition,cn-standard,2026-09-16T12:22:05Z
9b81c802-39b8-4174-a4cc-a7dd42d5bc39,2,fa251344-a204-419c-8213-4c3f5832726f,de-uvgo,change,cn-standard,2026-09-16T12:22:05Z
deb8eb79-9ac1-4e33-9b9f-90de5ac304cb,1,4c956479-2bdc-4036-b709-3205f6970cf0,de-uvgo,competition,cn-standard,2026-09-16T12:22:06Z
612e70ea-16b7-4b5f-b692-4a4f25ef11ba,2,773e9054-8a95-402c-bc34-c0fc09b3dbde,de-uvgo,change,cn-standard,2026-09-16T12:52:04Z
f3c3e09e-228d-45ce-8b31-a19e2230a5ef,1,a7bbbe86-c303-459b-af26-4605a1c210e7,de-uvgo,competition,cn-standard,2026-09-16T13:06:05Z
533019ec-0a4e-4ace-b65a-80ad779a29ec,01,4d84870e-a1ef-468d-9c5a-6eaacac588b7,other,competition,cn-standard,2026-09-16T13:08:04Z
b8c743e3-0629-4d28-9e6f-5a669b05f017,01,c4384b17-2459-47d9-9fee-d92e91195d69,other,competition,cn-standard,2026-09-16T13:14:04Z
57f6110d-aabb-4481-b481-a36e978c631c,1,13bbf6b6-0d21-468f-9f8a-02a3ba241437,de-vob,competition,cn-standard,2026-09-16T13:22:04Z
5decd4b2-9084-4d2d-a611-beb806f6afa5,1,7464c6b2-ae4d-4d6a-8dd7-f9069dc454a8,de-uvgo,competition,cn-standard,2026-09-16T13:22:05Z
9060ffe1-8203-45ac-8b2d-cfaf33217cf9,1,d3688804-45fd-4165-9d4f-629cc10d9e75,de-uvgo,competition,cn-standard,2026-09-16T13:36:05Z
25cecc38-f1a3-4ca9-b27d-29acd25ad83c,5,21494063-3b69-4e9b-8dbf-9562013654e8,de-uvgo,change,cn-standard,2026-09-16T13:36:05Z
e8382197-4285-40e5-88d2-b62a25ec04e2,01,3c252658-b6b5-4264-a3fc-45a943e6a7ed,other,planning,pin-only,2026-09-16T14:06:05Z
c62abfd1-f12f-483b-ad30-083a126132f6,1,dd1de1cc-29e0-439a-a4e9-db0ea7b433fc,de-vob,competition,cn-standard,2026-09-16T14:22:05Z
25827508,1,,,competition,cn-standard,2026-09-16T19:00:02Z
25827258,1,,de-vob,competition,cn-standard,2026-09-16T19:00:02Z
25827454,1,,de-vob,competition,cn-standard,2026-09-16T19:00:03Z
25827626,1,,de-vol,competition,cn-standard,2026-09-16T19:00:03Z
25827482,1,,de-vob,competition,cn-standard,2026-09-16T19:00:04Z
25827422,1,,,competition,cn-standard,2026-09-16T19:00:04Z
25827444,1,,,competition,cn-standard,2026-09-16T19:00:04Z
25827498,1,,de-uvgo,result,can-standard,2026-09-16T19:00:05Z
25827358,1,,de-vob,result,can-standard,2026-09-16T19:00:05Z
25827270,1,,de-vob,result,can-standard,2026-09-16T19:00:06Z
25827266,1,,de-uvgo,result,can-standard,2026-09-16T19:00:06Z
25827262,1,,de-uvgo,result,can-standard,2026-09-16T19:00:06Z
