noticeIdentifier,noticeVersion,lotIdentifier,classificationType,mainClassificationCode,additionalClassificationCodes,options
c5ef3499-a4b9-47ec-bc70-26f11a16f0c3,01,,cpv,45262100,,
c5ef3499-a4b9-47ec-bc70-26f11a16f0c3,01,LOT-0000,cpv,45262100,,
3c8225a9-791b-49f1-b08d-a65ecfcb0076,01,,cpv,45332200,,
3c8225a9-791b-49f1-b08d-a65ecfcb0076,01,LOT-0000,,,,
c69749e4-68cc-4d41-aabc-ab5cf295998f,1,,,,,
c69749e4-68cc-4d41-aabc-ab5cf295998f,1,LOT-0000,,,,
7b083735-d2fe-4149-b920-ca6a524868e3,1,,cpv,45000000,"43000000,44000000,71000000",
7b083735-d2fe-4149-b920-ca6a524868e3,1,LOT-0000,cpv,45000000,"43000000,44000000,71000000",
62017582-b322-43ba-b234-99c6d10e7cde,1,,cpv,45000000,"43000000,44000000,71000000",
62017582-b322-43ba-b234-99c6d10e7cde,1,LOT-0000,cpv,45000000,"43000000,44000000,71000000",
8168d760-e364-4120-9df0-b30c308f22c7,1,,cpv,45000000,"43000000,44000000,71000000",
8168d760-e364-4120-9df0-b30c308f22c7,1,LOT-0000,cpv,45000000,"43000000,44000000,71000000",
f9f456db-7d9a-4aa3-bb60-6dced2f58bcf,01,,cpv,45110000,,
f9f456db-7d9a-4aa3-bb60-6dced2f58bcf,01,LOT-0000,cpv,45110000,,
3aa224f3-9873-4526-9c23-7271cf89efd8,01,,cpv,45252300,,
3aa224f3-9873-4526-9c23-7271cf89efd8,01,LOT-0001,cpv,45252300,,
ca6a9d29-4645-4b9f-9cbf-ec837f1587f9,01,,cpv,45313100,,
ca6a9d29-4645-4b9f-9cbf-ec837f1587f9,01,LOT-0000,cpv,45313100,,
1fddcaa3-767c-4634-bea9-8c172601ff9e,01,,cpv,34144000,,
1fddcaa3-767c-4634-bea9-8c172601ff9e,01,LOT-0001,cpv,34144000,,
041a3b4a-d1d4-4009-9dcc-6ff36b793ef3,01,,cpv,45324000,,
041a3b4a-d1d4-4009-9dcc-6ff36b793ef3,01,LOT-0001,cpv,45324000,,
6bf5b4f6-4a92-47f9-bc92-0d3e550a2fe2,01,,cpv,45000000,,
6bf5b4f6-4a92-47f9-bc92-0d3e550a2fe2,01,LOT-0000,cpv,45000000,,
69e0360e-ef46-4cfc-93dc-c2f1a34d1292,01,,cpv,72260000,72267100,
69e0360e-ef46-4cfc-93dc-c2f1a34d1292,01,LOT-0001,cpv,72260000,72267100,
008f59f2-eb85-4cae-abb1-fc517ee97374,01,,cpv,34144210,,
008f59f2-eb85-4cae-abb1-fc517ee97374,01,LOT-0001,cpv,34144210,,
a530858f-6d25-4f15-85a0-5947d0f21719,01,,cpv,34144210,,
a530858f-6d25-4f15-85a0-5947d0f21719,01,LOT-0001,cpv,34144210,,
298f0d7c-fb8d-4be7-8010-aa46e2328aed,01,,cpv,79710000,,
298f0d7c-fb8d-4be7-8010-aa46e2328aed,01,LOT-0001,cpv,79710000,,
5b3d9c41-6b95-444b-951c-01eecb8f850e,01,,cpv,71200000,,
5b3d9c41-6b95-444b-951c-01eecb8f850e,01,LOT-0001,cpv,71200000,,
7520388b-9b97-457f-90b9-f475ba5e4f0d,01,,cpv,33113000,,
7520388b-9b97-457f-90b9-f475ba5e4f0d,01,LOT-0001,cpv,33113000,,
e6f5cf35-ea68-40a6-b4e7-9cda0aa4174b,01,,cpv,24111900,,
e6f5cf35-ea68-40a6-b4e7-9cda0aa4174b,01,LOT-0001,cpv,24111900,,
bd27ea21-4be0-43b2-ade5-0789e54cbaee,01,,cpv,71240000,71320000,
bd27ea21-4be0-43b2-ade5-0789e54cbaee,01,LOT-0001,cpv,71240000,71320000,
307bbb8e-7821-42e3-bebc-c5ce607d6d58,01,,cpv,45262100,,
307bbb8e-7821-42e3-bebc-c5ce607d6d58,01,LOT-0001,cpv,45262100,,
5bf0da81-04b4-4540-a2a1-fa832e81b42d,01,,cpv,45000000,,
5bf0da81-04b4-4540-a2a1-fa832e81b42d,01,LOT-0000,cpv,45000000,,
c99ad21f-5df0-4684-8d10-23135c1e8b85,01,,cpv,60160000,64112000,
c99ad21f-5df0-4684-8d10-23135c1e8b85,01,LOT-0001,cpv,60160000,64112000,
c99ad21f-5df0-4684-8d10-23135c1e8b85,01,LOT-0002,cpv,60160000,64112000,
c99ad21f-5df0-4684-8d10-23135c1e8b85,01,LOT-0003,cpv,60160000,64112000,
c99ad21f-5df0-4684-8d10-23135c1e8b85,01,LOT-0004,cpv,60160000,64112000,
c99ad21f-5df0-4684-8d10-23135c1e8b85,01,LOT-0005,cpv,60160000,64112000,
381330e9-a9a0-4bc7-a13c-dcca11451662,01,,cpv,72000000,"30200000,48211000",
381330e9-a9a0-4bc7-a13c-dcca11451662,01,LOT-0001,cpv,72000000,"30200000,48211000",
fcd29cc5-5683-4216-98b9-bce47074c29b,01,,cpv,45421131,"45422000,44221200",
fcd29cc5-5683-4216-98b9-bce47074c29b,01,LOT-0000,cpv,45421131,"45422000,44221200",
55e88b1c-8f87-4059-a5e7-b883f368db49,01,,cpv,71000000,"71300000,71240000",
55e88b1c-8f87-4059-a5e7-b883f368db49,01,LOT-0001,cpv,71000000,"71300000,71240000",
50fa43f2-fdd1-496b-92b0-37c5682c5e27,01,,cpv,71322000,71322200,
50fa43f2-fdd1-496b-92b0-37c5682c5e27,01,LOT-0001,cpv,71322000,"71322200,71356400",
c321c95c-20c6-4bbc-827b-02d8b709daea,01,,cpv,72268000,"72261000,80420000,80522000",
c321c95c-20c6-4bbc-827b-02d8b709daea,01,LOT-0001,cpv,72268000,"72261000,80420000,80522000",
80a70f68-a454-456f-b5ea-c7d81027ef8b,01,,cpv,45331000,,
80a70f68-a454-456f-b5ea-c7d81027ef8b,01,LOT-0000,cpv,45331000,,
bef6cc00-924a-4e51-a18e-0439bd51379d,01,,cpv,43310000,,
bef6cc00-924a-4e51-a18e-0439bd51379d,01,LOT-0001,cpv,43310000,,
bef6cc00-924a-4e51-a18e-0439bd51379d,01,LOT-0002,cpv,43310000,,
a1ee4560-73ee-44ca-879c-b81b4a3e500b,01,,cpv,34144210,,
a1ee4560-73ee-44ca-879c-b81b4a3e500b,01,LOT-0001,cpv,34144213,,
a1ee4560-73ee-44ca-879c-b81b4a3e500b,01,LOT-0002,cpv,34144213,,
e336f93b-93c1-488d-ab33-497cd88996cf,01,,cpv,42414210,,
e336f93b-93c1-488d-ab33-497cd88996cf,01,LOT-0001,cpv,42414210,,
deebdf92-64cc-4802-981c-de0c3eef80e2,01,,cpv,45314000,64210000,
deebdf92-64cc-4802-981c-de0c3eef80e2,01,LOT-0000,cpv,45314000,,
975a9fd6-729e-45a6-b6e0-5042d1b52752,01,,cpv,71240000,71200000,
975a9fd6-729e-45a6-b6e0-5042d1b52752,01,LOT-0001,cpv,71320000,,
907f675f-60c4-4f5c-a630-1b14f3ce81f7,01,,cpv,50000000,"50500000,50511100",
907f675f-60c4-4f5c-a630-1b14f3ce81f7,01,LOT-0001,cpv,50000000,"50500000,50511100",
6a370408-13db-4e37-84b8-9a80e96a5610,01,,cpv,32424000,,
6a370408-13db-4e37-84b8-9a80e96a5610,01,LOT-0000,cpv,32424000,,
c9c6916d-697f-4b01-b55a-5cb570bbc304,01,,cpv,63100000,63720000,
c9c6916d-697f-4b01-b55a-5cb570bbc304,01,LOT-0000,cpv,63100000,63720000,
d915e6fc-98f1-4026-b89a-ca71511550d7,01,,cpv,39150000,"39130000,39153000,39156000",
d915e6fc-98f1-4026-b89a-ca71511550d7,01,LOT-0001,cpv,39130000,39120000,
d915e6fc-98f1-4026-b89a-ca71511550d7,01,LOT-0002,cpv,39153000,"39156000,39151300",
7b607828-d2b7-4030-b1f8-ccfa850420c5,01,,cpv,71313450,"77300000,77211500",
7b607828-d2b7-4030-b1f8-ccfa850420c5,01,LOT-0000,cpv,71313450,"77300000,77211500",
de166c56-23c7-4c31-9f0e-9846fb8ea264,01,,cpv,30200000,,
de166c56-23c7-4c31-9f0e-9846fb8ea264,01,LOT-0000,cpv,30200000,,
05406422-b01c-4501-81f5-f3a35c83851f,01,,cpv,45214000,,
05406422-b01c-4501-81f5-f3a35c83851f,01,LOT-0001,cpv,45262100,,
32a921fc-6099-482a-b50f-05bab94d8660,01,,cpv,71221000,71222000,
32a921fc-6099-482a-b50f-05bab94d8660,01,LOT-0001,cpv,71200000,71222000,
671a062d-0e72-4040-807f-446ce257be29,01,,cpv,45214210,45410000,
671a062d-0e72-4040-807f-446ce257be29,01,LOT-0001,cpv,45214210,45410000,
b8d6782f-fde0-4efd-88f2-7be05e488c82,01,,cpv,71320000,,
b8d6782f-fde0-4efd-88f2-7be05e488c82,01,LOT-0000,cpv,71320000,,
01a0a017-b599-47f5-bb96-ad3a5279dfb2,01,,cpv,79956000,39154000,
01a0a017-b599-47f5-bb96-ad3a5279dfb2,01,LOT-0001,cpv,79956000,39154000,
13749400-50bc-453b-af41-538d48435248,01,,cpv,71200000,,
13749400-50bc-453b-af41-538d48435248,01,LOT-0001,cpv,71200000,,
d944448a-9232-41c7-b2a5-5ba1ef6b0c51,01,,cpv,45262100,,
d944448a-9232-41c7-b2a5-5ba1ef6b0c51,01,LOT-0001,cpv,45262100,,
d944448a-9232-41c7-b2a5-5ba1ef6b0c51,01,LOT-0002,cpv,45262100,,
46665f56-3961-43b7-9815-fee8452fef01,01,,cpv,90500000,,
46665f56-3961-43b7-9815-fee8452fef01,01,LOT-0001,cpv,90500000,,
515eea47-64b4-43a9-b2b1-fdb7d7895ef0,01,,cpv,71300000,,
515eea47-64b4-43a9-b2b1-fdb7d7895ef0,01,LOT-0001,cpv,71300000,,
441bf2d2-b2ab-4701-85af-025a1d352a34,01,,cpv,90513900,,
441bf2d2-b2ab-4701-85af-025a1d352a34,01,LOT-0001,cpv,90513900,,
5872a17b-44fb-4261-96de-d8513acb1c67,01,,cpv,90511000,90512000,
5872a17b-44fb-4261-96de-d8513acb1c67,01,LOT-0001,cpv,90511000,90512000,
1ac5b191-c43e-4f22-9002-0d527b55fcd2,01,,cpv,35821000,35821000,
1ac5b191-c43e-4f22-9002-0d527b55fcd2,01,LOT-0000,cpv,35821000,35821000,
c04ac815-abf6-4327-b5a9-43ba95631cae,01,,cpv,39110000,39130000,
c04ac815-abf6-4327-b5a9-43ba95631cae,01,LOT-0001,cpv,39110000,39130000,
a963e896-11ba-49ba-b2e8-8717d30a7a31,01,,cpv,90911200,90911300,
a963e896-11ba-49ba-b2e8-8717d30a7a31,01,LOT-0000,cpv,90911200,90911300,
4d11e71f-98dd-451f-b082-d5af534b3236,01,,cpv,71322000,,
4d11e71f-98dd-451f-b082-d5af534b3236,01,LOT-0001,cpv,71322000,,
93613bd8-3bcd-4118-bbce-f56adce48bb4,01,,cpv,45422000,"39180000,39160000",
93613bd8-3bcd-4118-bbce-f56adce48bb4,01,LOT-0000,cpv,45422000,"39180000,39160000",
5bace31b-17d6-4672-a429-62870fd8e5a5,01,,cpv,34130000,"34142100,34134000",
5bace31b-17d6-4672-a429-62870fd8e5a5,01,LOT-0001,cpv,34130000,,
5bace31b-17d6-4672-a429-62870fd8e5a5,01,LOT-0002,cpv,34130000,,
5bace31b-17d6-4672-a429-62870fd8e5a5,01,LOT-0003,cpv,34130000,,
5bace31b-17d6-4672-a429-62870fd8e5a5,01,LOT-0004,cpv,34130000,,
b6d328f5-cd55-4d41-9421-3734043c6787,01,,cpv,71222200,,
b6d328f5-cd55-4d41-9421-3734043c6787,01,LOT-0001,cpv,71222200,,
b6d328f5-cd55-4d41-9421-3734043c6787,01,LOT-0002,cpv,71222200,,
b6d328f5-cd55-4d41-9421-3734043c6787,01,LOT-0003,cpv,71222200,,
b6d328f5-cd55-4d41-9421-3734043c6787,01,LOT-0004,cpv,71222200,,
b6d328f5-cd55-4d41-9421-3734043c6787,01,LOT-0005,cpv,71222200,,
b6d328f5-cd55-4d41-9421-3734043c6787,01,LOT-0006,cpv,71222200,,
b6d328f5-cd55-4d41-9421-3734043c6787,01,LOT-0007,cpv,71222200,,
b6d328f5-cd55-4d41-9421-3734043c6787,01,LOT-0008,cpv,71222200,,
b6d328f5-cd55-4d41-9421-3734043c6787,01,LOT-0009,cpv,71222200,,
b6d328f5-cd55-4d41-9421-3734043c6787,01,LOT-0010,cpv,71222200,,
b6d328f5-cd55-4d41-9421-3734043c6787,01,LOT-0011,cpv,71222200,,
b6d328f5-cd55-4d41-9421-3734043c6787,01,LOT-0012,cpv,71222200,,
b6d328f5-cd55-4d41-9421-3734043c6787,01,LOT-0013,cpv,71222200,,
b6d328f5-cd55-4d41-9421-3734043c6787,01,LOT-0014,cpv,71222200,,
b6d328f5-cd55-4d41-9421-3734043c6787,01,LOT-0015,cpv,71222200,,
b6d328f5-cd55-4d41-9421-3734043c6787,01,LOT-0016,cpv,71222200,,
b6d328f5-cd55-4d41-9421-3734043c6787,01,LOT-0017,cpv,71222200,,
b6d328f5-cd55-4d41-9421-3734043c6787,01,LOT-0018,cpv,71222200,,
b6d328f5-cd55-4d41-9421-3734043c6787,01,LOT-0019,cpv,71222200,,
b6d328f5-cd55-4d41-9421-3734043c6787,01,LOT-0020,cpv,71222200,,
b6d328f5-cd55-4d41-9421-3734043c6787,01,LOT-0021,cpv,71222200,,
b6d328f5-cd55-4d41-9421-3734043c6787,01,LOT-0022,cpv,71222200,,
b6d328f5-cd55-4d41-9421-3734043c6787,01,LOT-0023,cpv,71222200,,
b6d328f5-cd55-4d41-9421-3734043c6787,01,LOT-0024,cpv,71222200,,
b6d328f5-cd55-4d41-9421-3734043c6787,01,LOT-0025,cpv,71222200,,
b6d328f5-cd55-4d41-9421-3734043c6787,01,LOT-0026,cpv,71222200,,
b6d328f5-cd55-4d41-9421-3734043c6787,01,LOT-0027,cpv,71222200,,
b6d328f5-cd55-4d41-9421-3734043c6787,01,LOT-0028,cpv,71222200,,
b6d328f5-cd55-4d41-9421-3734043c6787,01,LOT-0029,cpv,71222200,,
b6d328f5-cd55-4d41-9421-3734043c6787,01,LOT-0030,cpv,71222200,,
b6d328f5-cd55-4d41-9421-3734043c6787,01,LOT-0031,cpv,71222200,,
b6d328f5-cd55-4d41-9421-3734043c6787,01,LOT-0032,cpv,71222200,,
b6d328f5-cd55-4d41-9421-3734043c6787,01,LOT-0033,cpv,71222200,,
b6d328f5-cd55-4d41-9421-3734043c6787,01,LOT-0034,cpv,71222200,,
b6d328f5-cd55-4d41-9421-3734043c6787,01,LOT-0035,cpv,71222200,,
b6d328f5-cd55-4d41-9421-3734043c6787,01,LOT-0036,cpv,71222200,,
b6d328f5-cd55-4d41-9421-3734043c6787,01,LOT-0037,cpv,71222200,,
eca54e1b-066b-4624-9b25-52c469e4b387,01,,cpv,90713000,,
eca54e1b-066b-4624-9b25-52c469e4b387,01,LOT-0001,cpv,90713000,,
2bbbdc07-fa5f-4af9-99a4-7b2e9248396f,01,,cpv,76300000,,
2bbbdc07-fa5f-4af9-99a4-7b2e9248396f,01,LOT-0001,cpv,76300000,,
31817d6c-02a0-4088-8949-b5a7f9edc13e,01,,cpv,90400000,,
31817d6c-02a0-4088-8949-b5a7f9edc13e,01,LOT-0000,cpv,90400000,,
1604bfc0-df6f-4412-a9b8-6bbff0548131,01,,cpv,45214210,"44211100,44211000",
1604bfc0-df6f-4412-a9b8-6bbff0548131,01,LOT-0001,cpv,45214210,"44211100,44211000",
7a2bc9a7-8015-4b5e-b0de-841f3a78496b,01,,cpv,45331000,,
7a2bc9a7-8015-4b5e-b0de-841f3a78496b,01,LOT-0001,cpv,45331000,,
f1f4f430-22aa-4217-9c09-8d7d94a5516c,01,,cpv,42620000,,
f1f4f430-22aa-4217-9c09-8d7d94a5516c,01,LOT-0001,cpv,42620000,,
452cdf46-ea32-4091-af28-6a63ef8c9c74,01,,cpv,71327000,,
452cdf46-ea32-4091-af28-6a63ef8c9c74,01,LOT-0001,cpv,71327000,,
0154f570-03d0-4766-90ab-501c3e9c9727,01,,cpv,45213331,"45213250,45300000,71240000",
0154f570-03d0-4766-90ab-501c3e9c9727,01,LOT-0001,cpv,45213331,"45213250,45300000,71240000",
e4ea949f-6d96-43b3-ba0f-8f48f6c8c175,01,,cpv,71300000,,
e4ea949f-6d96-43b3-ba0f-8f48f6c8c175,01,LOT-0001,cpv,71327000,,
e4ea949f-6d96-43b3-ba0f-8f48f6c8c175,01,LOT-0002,cpv,71300000,"71321200,71321300,71321400",
e4ea949f-6d96-43b3-ba0f-8f48f6c8c175,01,LOT-0003,cpv,71300000,,
ea96b9d2-128d-4482-bda5-b62255a3569c,01,,cpv,33196000,,
ea96b9d2-128d-4482-bda5-b62255a3569c,01,PAR-0001,cpv,33196000,,
d96a9962-729c-44a2-a060-f4fa4fa5caa6,01,,cpv,71356400,"71320000,71321000",
d96a9962-729c-44a2-a060-f4fa4fa5caa6,01,LOT-0001,cpv,71356400,"71320000,71321000",
e43bf811-04c1-4456-a92e-b8059fc60905,01,,cpv,71320000,"71000000,71200000,71300000",
e43bf811-04c1-4456-a92e-b8059fc60905,01,LOT-0000,cpv,71320000,"71000000,71200000,71300000",
c1bb7efc-f32e-4d8a-a28b-7c7768dba9c8,01,,cpv,45210000,,
c1bb7efc-f32e-4d8a-a28b-7c7768dba9c8,01,LOT-0001,cpv,45210000,,
bcfd3845-ebc1-44b8-9c34-c2d124b10fe7,01,,cpv,90620000,90630000,
bcfd3845-ebc1-44b8-9c34-c2d124b10fe7,01,LOT-0001,cpv,90620000,90630000,
9a1b2062-053c-47dc-bc6c-b4cd4604c5f2,01,,cpv,45422000,,
9a1b2062-053c-47dc-bc6c-b4cd4604c5f2,01,LOT-0001,cpv,45422000,,
2f51da30-ace1-438c-87f3-d453fea657eb,01,,cpv,45432113,,
2f51da30-ace1-438c-87f3-d453fea657eb,01,LOT-0001,cpv,45432113,,
89a419d8-3f95-4702-993f-d8beec8f6caa,01,,cpv,39141100,,
89a419d8-3f95-4702-993f-d8beec8f6caa,01,LOT-0001,cpv,39141100,,
ddcd7ad8-87a6-4630-8e5c-2b280cfcc3dc,01,,cpv,45261100,45422000,
ddcd7ad8-87a6-4630-8e5c-2b280cfcc3dc,01,LOT-0000,cpv,45261100,45422000,
f9130abe-6656-41ee-90e5-fa88244bc975,01,,cpv,34144213,"35110000,44480000,34139100",
f9130abe-6656-41ee-90e5-fa88244bc975,01,LOT-0001,cpv,34139100,,
f9130abe-6656-41ee-90e5-fa88244bc975,01,LOT-0002,cpv,34144213,,
f9130abe-6656-41ee-90e5-fa88244bc975,01,LOT-0003,cpv,35110000,44480000,
f9130abe-6656-41ee-90e5-fa88244bc975,01,LOT-0004,cpv,35110000,44480000,
0e1e53c6-2e9a-43e0-b379-157699a278b1,01,,cpv,72268000,"72267100,72512000,48311000",
0e1e53c6-2e9a-43e0-b379-157699a278b1,01,PAR-0000,cpv,72268000,"72267100,72512000,48311000",
99e8a48e-55be-4c76-b600-3777e7cba28e,01,,cpv,60112000,,
99e8a48e-55be-4c76-b600-3777e7cba28e,01,LOT-0001,cpv,60112000,,
a32e0e5f-cbf6-4bc8-9fe1-c6a3af7ef5f3,01,,cpv,90513400,,
a32e0e5f-cbf6-4bc8-9fe1-c6a3af7ef5f3,01,LOT-0001,cpv,90513400,,
db17c97d-c656-41ab-a10b-25b187f9f62b,01,,cpv,72253200,,
db17c97d-c656-41ab-a10b-25b187f9f62b,01,LOT-0001,cpv,72253200,,
9a166902-52db-4456-b8e2-5fe3f2c51e39,01,,cpv,45113000,,
9a166902-52db-4456-b8e2-5fe3f2c51e39,01,LOT-0000,cpv,45113000,,
d108fbfa-8380-49ee-89d5-e5b47b1b8533,01,,cpv,35000000,"44482100,35113000",
d108fbfa-8380-49ee-89d5-e5b47b1b8533,01,LOT-0001,cpv,35000000,"44482100,35113000",
c214e855-82c8-4204-94b5-4a8bc3c188b8,01,,cpv,45420000,44112310,
c214e855-82c8-4204-94b5-4a8bc3c188b8,01,LOT-0001,cpv,45420000,44112310,
80fc2cde-cc93-4d94-8f2e-8a53c6c4a93c,01,,cpv,34144000,"34144210,35110000,35111000",
80fc2cde-cc93-4d94-8f2e-8a53c6c4a93c,01,LOT-0001,cpv,34144000,34144210,
80fc2cde-cc93-4d94-8f2e-8a53c6c4a93c,01,LOT-0002,cpv,35110000,35111000,
f2f288d1-4d81-4487-abf7-c6bd0c996e22,01,,cpv,71000000,"71300000,71310000,71320000,71327000,71240000",
f2f288d1-4d81-4487-abf7-c6bd0c996e22,01,LOT-0001,cpv,71000000,"71300000,71310000,71320000,71240000,71327000",
d66220d5-2fb6-4e0a-b885-ebd544cee9e6,01,,cpv,60000000,,
d66220d5-2fb6-4e0a-b885-ebd544cee9e6,01,LOT-0001,cpv,60000000,,
00d958fa-1508-46e7-8b03-2e3cfab170a4,01,,cpv,71310000,"71600000,71000000",
00d958fa-1508-46e7-8b03-2e3cfab170a4,01,LOT-0001,cpv,71310000,"71600000,71000000",
68799396-9c0b-41bc-84f6-3c646b99051e,01,,cpv,45331210,,
68799396-9c0b-41bc-84f6-3c646b99051e,01,LOT-0001,cpv,45331200,,
6c0e64fd-a181-465d-a3ad-b4585d2758dd,01,,cpv,45313100,,
6c0e64fd-a181-465d-a3ad-b4585d2758dd,01,LOT-0001,cpv,45313100,,
172ae66a-09d6-41d6-aa39-f7a293f9a600,01,,cpv,45314000,,
172ae66a-09d6-41d6-aa39-f7a293f9a600,01,LOT-0000,cpv,45311200,,
f183c2f1-a1f6-4252-8ac6-5866d30c6ca4,01,,cpv,45000000,45324000,
f183c2f1-a1f6-4252-8ac6-5866d30c6ca4,01,LOT-0001,cpv,45000000,45324000,
38598773-63fb-48eb-b6aa-a255ff4040fa,01,,cpv,79960000,72000000,
38598773-63fb-48eb-b6aa-a255ff4040fa,01,LOT-0001,cpv,79960000,72000000,
3678614b-4cd2-4a0b-9d07-b3bf8b21c1cb,01,,cpv,45234100,,
3678614b-4cd2-4a0b-9d07-b3bf8b21c1cb,01,LOT-0001,cpv,45234100,,
08ecd73b-ffc2-45a7-8132-f92a89d11b94,01,,cpv,72000000,,
08ecd73b-ffc2-45a7-8132-f92a89d11b94,01,LOT-0000,cpv,72000000,,
c4745a16-5769-4144-a01f-0802676c2ac0,01,,cpv,80522000,,
c4745a16-5769-4144-a01f-0802676c2ac0,01,LOT-0001,cpv,80522000,,
de9b5ae4-c01d-4d0c-acfa-5a1de3ff16a4,01,,cpv,71317210,85147000,
de9b5ae4-c01d-4d0c-acfa-5a1de3ff16a4,01,LOT-0001,cpv,71317210,85147000,
9a8ae6f7-4ea4-4b56-a73e-05759cff10a9,01,,cpv,71300000,,
9a8ae6f7-4ea4-4b56-a73e-05759cff10a9,01,LOT-0001,cpv,71300000,,
9a8ae6f7-4ea4-4b56-a73e-05759cff10a9,01,LOT-0002,cpv,71300000,,
f6da07ed-feae-40a5-9eac-0aa287f95e78,01,,cpv,90000000,,
f6da07ed-feae-40a5-9eac-0aa287f95e78,01,LOT-0000,cpv,90000000,,
6f7f8e44-08f4-4d44-9904-cd2117e84eee,01,,cpv,71240000,71320000,
6f7f8e44-08f4-4d44-9904-cd2117e84eee,01,LOT-0001,cpv,71240000,71320000,
63de9706-6f8e-416b-9d0c-617396a34c87,01,,cpv,45432113,,
63de9706-6f8e-416b-9d0c-617396a34c87,01,LOT-0000,cpv,45432113,,
8014ade7-eefd-4ab9-b5aa-c3f0725bdf40,01,,cpv,71300000,,
8014ade7-eefd-4ab9-b5aa-c3f0725bdf40,01,LOT-0001,cpv,71300000,,
f77e1a90-902b-4f00-8bbc-42e977721d7f,01,,cpv,34114000,32344250,
f77e1a90-902b-4f00-8bbc-42e977721d7f,01,LOT-0001,cpv,34114000,32344250,
fb71ece0-27b2-42e6-8bcd-e8707b08ac24,01,,cpv,48180000,,
fb71ece0-27b2-42e6-8bcd-e8707b08ac24,01,LOT-0000,cpv,48180000,,
29c52430-b029-4424-8ca7-24374715bf58,01,,cpv,45000000,,
29c52430-b029-4424-8ca7-24374715bf58,01,LOT-0000,cpv,45000000,"45421000,45440000,45421145",
4b6da03a-87a6-453f-a25a-669cc405f290,01,,cpv,34144210,,
4b6da03a-87a6-453f-a25a-669cc405f290,01,LOT-0001,cpv,34144210,,
4b6da03a-87a6-453f-a25a-669cc405f290,01,LOT-0002,cpv,34144210,,
4ad66f02-72eb-45a0-95b6-68f73ee7e093,01,,cpv,71314000,,
4ad66f02-72eb-45a0-95b6-68f73ee7e093,01,LOT-0001,cpv,71314000,,
b7d8db51-786a-4c0a-9bb5-cf046d701d5b,01,,cpv,71300000,,
b7d8db51-786a-4c0a-9bb5-cf046d701d5b,01,LOT-0001,cpv,71300000,,
3416f20b-ef8f-4c6f-93f1-ccdaad7ed079,01,,cpv,90919300,"90911200,90911300",
3416f20b-ef8f-4c6f-93f1-ccdaad7ed079,01,LOT-0001,cpv,90919300,90911200,
3416f20b-ef8f-4c6f-93f1-ccdaad7ed079,01,LOT-0002,cpv,90919300,90911300,
c08a2d81-686f-463a-8dba-252b629bfd0a,01,,cpv,64112000,,
c08a2d81-686f-463a-8dba-252b629bfd0a,01,LOT-0001,cpv,64112000,,
c08a2d81-686f-463a-8dba-252b629bfd0a,01,LOT-0002,cpv,64112000,,
c08a2d81-686f-463a-8dba-252b629bfd0a,01,LOT-0003,cpv,64112000,,
c08a2d81-686f-463a-8dba-252b629bfd0a,01,LOT-0004,cpv,64112000,,
c08a2d81-686f-463a-8dba-252b629bfd0a,01,LOT-0005,cpv,64112000,,
c08a2d81-686f-463a-8dba-252b629bfd0a,01,LOT-0006,cpv,64112000,,
c08a2d81-686f-463a-8dba-252b629bfd0a,01,LOT-0007,cpv,64112000,,
c08a2d81-686f-463a-8dba-252b629bfd0a,01,LOT-0008,cpv,64112000,,
c08a2d81-686f-463a-8dba-252b629bfd0a,01,LOT-0009,cpv,64112000,,
c08a2d81-686f-463a-8dba-252b629bfd0a,01,LOT-0010,cpv,64112000,,
c08a2d81-686f-463a-8dba-252b629bfd0a,01,LOT-0011,cpv,64112000,,
c08a2d81-686f-463a-8dba-252b629bfd0a,01,LOT-0012,cpv,64112000,,
c08a2d81-686f-463a-8dba-252b629bfd0a,01,LOT-0013,cpv,64112000,,
c08a2d81-686f-463a-8dba-252b629bfd0a,01,LOT-0014,cpv,64112000,,
4e332a71-bcc9-4ecd-8802-5dbb477b85e3,01,,cpv,79952000,"79952100,79953000",
4e332a71-bcc9-4ecd-8802-5dbb477b85e3,01,LOT-0001,cpv,79952000,"79952100,79953000",
ea2006a9-9224-467d-865e-5dd8134a2dbd,01,,cpv,45112710,,
ea2006a9-9224-467d-865e-5dd8134a2dbd,01,LOT-0000,cpv,45112710,,
921b9e0b-9696-467e-a913-ccc15ad1abe6,01,,cpv,45223220,,
921b9e0b-9696-467e-a913-ccc15ad1abe6,01,LOT-0001,cpv,45223220,,
28c8aa4c-208a-46f3-b333-35c568928d49,01,,cpv,79952000,"79956000,79340000",
28c8aa4c-208a-46f3-b333-35c568928d49,01,LOT-0001,cpv,79952000,79956000,
28c8aa4c-208a-46f3-b333-35c568928d49,01,LOT-0002,cpv,79340000,,
7974c8fb-a1a8-4c8a-a703-742399e2eca0,01,,cpv,44613700,,
7974c8fb-a1a8-4c8a-a703-742399e2eca0,01,LOT-0001,cpv,44613700,,
7974c8fb-a1a8-4c8a-a703-742399e2eca0,01,LOT-0002,cpv,44613700,,
ed0a655f-db5b-484a-9441-0a84ea90eb6c,01,,cpv,45331100,,
ed0a655f-db5b-484a-9441-0a84ea90eb6c,01,LOT-0001,cpv,45331100,,
ed0a655f-db5b-484a-9441-0a84ea90eb6c,01,LOT-0002,cpv,45331100,,
41a21091-13a1-4673-a9eb-5fa733cadcc1,01,,cpv,50000000,"50700000,50730000,50800000",
41a21091-13a1-4673-a9eb-5fa733cadcc1,01,LOT-0001,cpv,50000000,,
41a21091-13a1-4673-a9eb-5fa733cadcc1,01,LOT-0002,cpv,50000000,,
41a21091-13a1-4673-a9eb-5fa733cadcc1,01,LOT-0003,cpv,50000000,,
41a21091-13a1-4673-a9eb-5fa733cadcc1,01,LOT-0004,cpv,50410000,,
41a21091-13a1-4673-a9eb-5fa733cadcc1,01,LOT-0005,cpv,50000000,,
41a21091-13a1-4673-a9eb-5fa733cadcc1,01,LOT-0006,cpv,50000000,,
e4037a44-d382-4130-95c5-b24bacec472a,01,,cpv,45262300,,
e4037a44-d382-4130-95c5-b24bacec472a,01,LOT-0000,cpv,45262300,,
0991a754-c9fb-47f7-841c-63d3e0dbf409,01,,cpv,79620000,,
0991a754-c9fb-47f7-841c-63d3e0dbf409,01,LOT-0000,cpv,79620000,,
4c566805-3ed7-43b2-8ce1-71ad7da16729,01,,cpv,38434500,,
4c566805-3ed7-43b2-8ce1-71ad7da16729,01,LOT-0000,cpv,38434500,,
9064fef8-44a9-45f0-8afc-b6f1dc65cac4,01,,cpv,44610000,,
9064fef8-44a9-45f0-8afc-b6f1dc65cac4,01,LOT-0000,cpv,44610000,,
a5c274cd-00ec-4f70-9018-5d0604857d3f,01,,cpv,72411000,"72421000,72400000",
a5c274cd-00ec-4f70-9018-5d0604857d3f,01,LOT-0001,cpv,72400000,72411000,
a5c274cd-00ec-4f70-9018-5d0604857d3f,01,LOT-0002,cpv,72400000,72421000,
403a86dd-da15-41c7-934d-8cb2d71dfc0e,01,,cpv,79710000,,
403a86dd-da15-41c7-934d-8cb2d71dfc0e,01,LOT-0000,cpv,79710000,,
3f142d74-b342-4a09-8751-0e24d8730a44,01,,cpv,80000000,"80580000,80510000",
3f142d74-b342-4a09-8751-0e24d8730a44,01,LOT-0001,cpv,80000000,80580000,
3f142d74-b342-4a09-8751-0e24d8730a44,01,LOT-0002,cpv,80000000,80580000,
3f142d74-b342-4a09-8751-0e24d8730a44,01,LOT-0003,cpv,80000000,80580000,
3f142d74-b342-4a09-8751-0e24d8730a44,01,LOT-0004,cpv,80000000,80580000,
3f142d74-b342-4a09-8751-0e24d8730a44,01,LOT-0005,cpv,80000000,80580000,
3f142d74-b342-4a09-8751-0e24d8730a44,01,LOT-0006,cpv,80000000,80580000,
1ae6335f-2b2f-4554-abf4-993aa797aea1,01,,cpv,64214400,"64200000,64210000",
1ae6335f-2b2f-4554-abf4-993aa797aea1,01,LOT-0001,cpv,64214400,,
01a3c317-3099-4370-8c57-b8578c02eec7,01,,cpv,71321000,,
01a3c317-3099-4370-8c57-b8578c02eec7,01,LOT-0001,cpv,71321000,,
d5ddbef6-2140-4c2a-8864-c07abe57cb37,01,,cpv,45212212,,
d5ddbef6-2140-4c2a-8864-c07abe57cb37,01,LOT-0001,cpv,45212212,,
d5ddbef6-2140-4c2a-8864-c07abe57cb37,01,LOT-0002,cpv,45212212,,
e4e39e7b-6fec-4f52-b6a0-57445932f388,01,,cpv,34100000,"34144000,34144700",
e4e39e7b-6fec-4f52-b6a0-57445932f388,01,LOT-0001,cpv,34100000,"34144000,34144700",
e4e39e7b-6fec-4f52-b6a0-57445932f388,01,LOT-0002,cpv,34100000,"34144000,34144700",
e4e39e7b-6fec-4f52-b6a0-57445932f388,01,LOT-0003,cpv,34100000,"34144000,34144700",
531ef96a-411b-4e8d-9e60-ba326a97f149,01,,cpv,45231113,,
531ef96a-411b-4e8d-9e60-ba326a97f149,01,LOT-0000,cpv,45231113,,
d3432434-d211-4b5e-a23f-82df491ed7e6,01,,cpv,39160000,,
d3432434-d211-4b5e-a23f-82df491ed7e6,01,LOT-0000,cpv,39160000,,
a3beabad-c6af-4c42-804c-bbcc86f3b382,01,,cpv,45000000,,
a3beabad-c6af-4c42-804c-bbcc86f3b382,01,LOT-0001,cpv,45000000,,
b24c4956-df4a-4280-851f-1a21bc105482,01,,cpv,31730000,"45311200,45314000,32400000,45314310",
b24c4956-df4a-4280-851f-1a21bc105482,01,LOT-0001,cpv,31730000,"45311200,45314000,32400000,45314310",
5024b561-9182-4174-8d54-bee71dd951b7,01,,cpv,71000000,,
5024b561-9182-4174-8d54-bee71dd951b7,01,LOT-0001,cpv,71000000,,
21d51fc0-d44e-49b6-994b-e6a9ecc383cd,01,,cpv,71000000,"71240000,71300000",
21d51fc0-d44e-49b6-994b-e6a9ecc383cd,01,LOT-0001,cpv,71000000,"71240000,71300000",
df00f846-986d-43e7-ad47-14eaf79dc6fc,01,,cpv,71327000,,
df00f846-986d-43e7-ad47-14eaf79dc6fc,01,LOT-0001,cpv,71327000,,
79c1dce7-77d6-41e7-9836-2f9005e66ae3,01,,cpv,45113000,"45223220,45000000",
79c1dce7-77d6-41e7-9836-2f9005e66ae3,01,LOT-0001,cpv,45113000,,
79c1dce7-77d6-41e7-9836-2f9005e66ae3,01,LOT-0002,cpv,45223220,,
79c1dce7-77d6-41e7-9836-2f9005e66ae3,01,LOT-0003,cpv,45000000,,
9019b0c5-b6a7-40dc-9662-3f3615c31234,01,,cpv,77200000,"03400000,03410000,03440000,77210000,77211000",
9019b0c5-b6a7-40dc-9662-3f3615c31234,01,LOT-0001,cpv,77200000,"03400000,03410000,03440000,77210000,77211000",
9019b0c5-b6a7-40dc-9662-3f3615c31234,01,LOT-0002,cpv,77200000,"03400000,03410000,03440000,77210000,77211000",
9019b0c5-b6a7-40dc-9662-3f3615c31234,01,LOT-0003,cpv,77200000,"03400000,03410000,03440000,77210000,77211000",
eb0d1ca3-431e-4780-896b-0e67b20290a0,01,,cpv,71300000,,
eb0d1ca3-431e-4780-896b-0e67b20290a0,01,LOT-0001,cpv,71300000,,
f3dbf992-f72d-453e-91fa-e4875a88efd7,01,,cpv,90620000,90000000,
f3dbf992-f72d-453e-91fa-e4875a88efd7,01,LOT-0001,cpv,90620000,90000000,
697d148e-d366-4d4c-a115-5476bbf2f0ac,01,,cpv,45331200,42512300,
697d148e-d366-4d4c-a115-5476bbf2f0ac,01,LOT-0001,cpv,45331200,,
28dac269-fd17-419e-afc3-18b5e18ac138,01,,cpv,51100000,,
28dac269-fd17-419e-afc3-18b5e18ac138,01,LOT-0001,cpv,51100000,,
e3ca66ee-8c29-4425-ae6d-250aeb67f87a,01,,cpv,64112000,"64121100,60160000",
e3ca66ee-8c29-4425-ae6d-250aeb67f87a,01,LOT-0001,cpv,64112000,"64121100,60160000",
50e20b67-265d-4b6d-a1cc-a2c8cab29bd0,01,,cpv,45113000,,
50e20b67-265d-4b6d-a1cc-a2c8cab29bd0,01,LOT-0001,cpv,45113000,,
19472414-7e91-4b88-ac14-f8a29741a6f5,01,,cpv,45234100,,
19472414-7e91-4b88-ac14-f8a29741a6f5,01,LOT-0001,cpv,45234100,,
8d9ec30c-94f5-42b1-8ed0-44602bf43431,01,,cpv,90900000,"39532000,39530000",
8d9ec30c-94f5-42b1-8ed0-44602bf43431,01,LOT-0001,cpv,90900000,"39532000,39530000",
c2602d20-d12b-49c1-97bb-ab127e523c19,01,,cpv,90900000,"39532000,39530000",
c2602d20-d12b-49c1-97bb-ab127e523c19,01,LOT-0001,cpv,90900000,"39532000,39530000",
c804d707-ce16-4d9e-a0ff-1fc1acf61105,01,,cpv,71327000,,
c804d707-ce16-4d9e-a0ff-1fc1acf61105,01,LOT-0001,cpv,71327000,,
b49f51c2-db9f-42aa-ba47-8275f2b947ab,01,,cpv,71200000,"71240000,71320000,71322000",
b49f51c2-db9f-42aa-ba47-8275f2b947ab,01,LOT-0000,cpv,71200000,"71240000,71320000,71322000",
1077025c-9104-45b0-8184-c7b1e3d129a7,01,,cpv,45214210,"45112000,45232411,45262400,45113000,45262300,45232452,45112500,45262520,45410000,45223220,45262310,45262311,45111100",
1077025c-9104-45b0-8184-c7b1e3d129a7,01,LOT-0000,cpv,45214210,"45432200,45111100,45112000,45232411,45262400,45113000,45262300,45262311,45232452,45112500,45262520,45410000,45223220,45262310",
499397aa-ef0e-4e1b-abc0-fc43d36f22b4,01,,cpv,71000000,"71322500,71222000",
499397aa-ef0e-4e1b-abc0-fc43d36f22b4,01,LOT-0000,cpv,71000000,"71322500,71222000",
7b8f6aaa-7500-4a2b-8907-776408f3a189,01,,cpv,33115000,,
7b8f6aaa-7500-4a2b-8907-776408f3a189,01,LOT-0001,cpv,33115000,,
ff280699-9dcb-44bd-9cc0-5be2fb8bc31d,01,,cpv,71000000,,
ff280699-9dcb-44bd-9cc0-5be2fb8bc31d,01,LOT-0001,cpv,71000000,,
63841dbe-939a-4d6b-a36e-3bb9f4a67060,01,,cpv,75000000,75000000,
63841dbe-939a-4d6b-a36e-3bb9f4a67060,01,LOT-0000,cpv,75000000,75000000,
f0460a11-fd44-40db-82c9-78fb4582a636,01,,cpv,71000000,"71200000,71327000,71321000,71222000",
f0460a11-fd44-40db-82c9-78fb4582a636,01,LOT-0001,cpv,71000000,"71200000,71327000,71321000,71222000",
53e57289-7224-4e7c-b80e-e70c3eafd7ec,01,,cpv,90000000,,
53e57289-7224-4e7c-b80e-e70c3eafd7ec,01,LOT-0000,cpv,90000000,,
36bf9a8d-d13a-42dc-92b3-0e5e314a39a6,01,,cpv,79710000,"79713000,79715000",
36bf9a8d-d13a-42dc-92b3-0e5e314a39a6,01,LOT-0001,cpv,79710000,"79713000,79715000",
36bf9a8d-d13a-42dc-92b3-0e5e314a39a6,01,LOT-0002,cpv,79710000,"79713000,79715000",
36bf9a8d-d13a-42dc-92b3-0e5e314a39a6,01,LOT-0003,cpv,79710000,"79713000,79715000",
03ddf5d7-0650-411f-a1ac-d0fca9374811,01,,cpv,45000000,"45210000,71240000,71300000,71221000,45215100,45213312,45216110",
03ddf5d7-0650-411f-a1ac-d0fca9374811,01,LOT-0001,cpv,45000000,"45210000,71240000,71300000,71221000,45215100,45213312,45216110",
93fe2072-3b93-4cfb-a11e-5e9a8297a9ee,01,,cpv,80400000,,
93fe2072-3b93-4cfb-a11e-5e9a8297a9ee,01,LOT-0001,cpv,80400000,,
93fe2072-3b93-4cfb-a11e-5e9a8297a9ee,01,LOT-0002,cpv,80400000,,
93fe2072-3b93-4cfb-a11e-5e9a8297a9ee,01,LOT-0003,cpv,80400000,,
93fe2072-3b93-4cfb-a11e-5e9a8297a9ee,01,LOT-0004,cpv,80400000,,
93fe2072-3b93-4cfb-a11e-5e9a8297a9ee,01,LOT-0005,cpv,80400000,,
80b2687f-449b-49f2-b1e5-b2b8d7ea7196,01,,cpv,39150000,"39151100,39151200,39160000,39173000",
80b2687f-449b-49f2-b1e5-b2b8d7ea7196,01,LOT-0001,cpv,39150000,,
87865198-cdf9-4dd6-bd2d-f1e92723c465,01,,cpv,45234116,"34944000,45213300,45230000,45234113,45234160",
87865198-cdf9-4dd6-bd2d-f1e92723c465,01,LOT-0001,cpv,45234116,"34944000,45213300,45230000,45234113,45234160,45221100",
22ada15a-2249-4bd4-a671-8e8897670f68,01,,cpv,45234116,"34944000,45213300,45230000,45234113,45234160",
22ada15a-2249-4bd4-a671-8e8897670f68,01,LOT-0001,cpv,45234116,"34944000,45213300,45230000,45234113,45234160,45221100",
bd7642d8-4463-4602-8602-19e6282d684c,01,,cpv,45315000,,
bd7642d8-4463-4602-8602-19e6282d684c,01,LOT-0001,cpv,45315000,,
0010ea9b-1249-49d6-afe2-6a10ac0d7b74,01,,cpv,34992200,,
0010ea9b-1249-49d6-afe2-6a10ac0d7b74,01,LOT-0000,cpv,34992200,,
39e93420-e42a-4bb1-98d8-82065ded5ff7,01,,cpv,75000000,,
39e93420-e42a-4bb1-98d8-82065ded5ff7,01,LOT-0000,cpv,75000000,,
c7672e7d-503f-42ee-acc7-5406d8fa8918,01,,cpv,75000000,,
c7672e7d-503f-42ee-acc7-5406d8fa8918,01,LOT-0000,cpv,75000000,,
caa45dc9-fc51-462d-bba4-d63ab3b28536,01,,cpv,75000000,,
caa45dc9-fc51-462d-bba4-d63ab3b28536,01,LOT-0000,cpv,75000000,,
1dea86c8-4d21-4e3f-99ef-0c7b9affc2f3,01,,cpv,45112000,,
1dea86c8-4d21-4e3f-99ef-0c7b9affc2f3,01,LOT-0001,cpv,45112000,,
6e40078a-968e-4451-a6f9-0066cfea02be,01,,cpv,45310000,45311200,
6e40078a-968e-4451-a6f9-0066cfea02be,01,LOT-0001,cpv,45310000,,
d0413b88-e4ff-4670-80a4-bd8c90178d61,01,,cpv,45112700,,
d0413b88-e4ff-4670-80a4-bd8c90178d61,01,LOT-0001,cpv,45112700,,
01a09f71-aedb-42a9-a01c-dcf8f6e6d57f,01,,cpv,90400000,"90410000,90430000,90480000",
01a09f71-aedb-42a9-a01c-dcf8f6e6d57f,01,LOT-0001,cpv,90400000,"90410000,90430000,90480000",
36bd70d5-a3c2-46af-b6ad-fb9365b5cdc0,01,,cpv,75000000,,
36bd70d5-a3c2-46af-b6ad-fb9365b5cdc0,01,LOT-0000,cpv,75000000,,
fa3b2024-c9bd-45dc-89a1-59df6965bc46,01,,cpv,71000000,,
fa3b2024-c9bd-45dc-89a1-59df6965bc46,01,LOT-0001,cpv,71000000,,
a1922220-370b-4b20-9468-db1dcc39e4e2,01,,cpv,45421143,"39515410,39515430",
a1922220-370b-4b20-9468-db1dcc39e4e2,01,LOT-0001,cpv,45421143,"39515410,39515430",
d8a37cbb-1fd9-4cdc-be92-43d9784ee74e,01,,cpv,45000000,45331000,
d8a37cbb-1fd9-4cdc-be92-43d9784ee74e,01,LOT-0001,cpv,45000000,45331000,
ddda550b-8e79-492f-8c1c-1f8558261896,01,,cpv,90911000,"90919300,90911200,90911300",
ddda550b-8e79-492f-8c1c-1f8558261896,01,LOT-0001,cpv,90919300,,
ddda550b-8e79-492f-8c1c-1f8558261896,01,LOT-0002,cpv,90919300,,
ddda550b-8e79-492f-8c1c-1f8558261896,01,LOT-0003,cpv,90911300,,
ab1a2196-3b3e-400c-88a6-8b410e918be1,01,,cpv,45261410,,
ab1a2196-3b3e-400c-88a6-8b410e918be1,01,LOT-0001,cpv,45261410,,
d9f6395a-527b-49cd-a0ec-bf43a062cdf0,01,,cpv,45420000,,
d9f6395a-527b-49cd-a0ec-bf43a062cdf0,01,LOT-0001,cpv,45420000,,
89cb5b35-440d-4641-86a9-c4d96eb3adc6,01,,cpv,71320000,,
89cb5b35-440d-4641-86a9-c4d96eb3adc6,01,LOT-0000,,,,
9ae1067f-71f7-4ef3-874e-52d6c4dcad8c,01,,cpv,35400000,,
9ae1067f-71f7-4ef3-874e-52d6c4dcad8c,01,LOT-0001,cpv,35400000,,
9ae1067f-71f7-4ef3-874e-52d6c4dcad8c,01,LOT-0002,cpv,35400000,,
2a65f837-7dff-4d67-8571-a798cef1350f,01,,cpv,50600000,"50000000,50630000",
2a65f837-7dff-4d67-8571-a798cef1350f,01,LOT-0001,cpv,50600000,"50000000,50630000",
2a65f837-7dff-4d67-8571-a798cef1350f,01,LOT-0002,cpv,50600000,"50000000,50630000",
41d7ac31-f585-4156-af42-5415f9f2b774,01,,cpv,45420000,,
41d7ac31-f585-4156-af42-5415f9f2b774,01,LOT-0000,cpv,45420000,,
1d7eb9ce-d42c-41f0-a4f3-1cc0c4d87e20,01,,cpv,45262670,"45441000,45212190",
1d7eb9ce-d42c-41f0-a4f3-1cc0c4d87e20,01,LOT-0000,cpv,45262670,"45441000,45212190",
6b20f242-021d-4a08-8e14-0fc9b29a4e17,01,,cpv,45432130,,
6b20f242-021d-4a08-8e14-0fc9b29a4e17,01,LOT-0000,cpv,45432130,,
947fc897-edd4-43ea-b443-63e8d47a9149,01,,cpv,90911200,,
947fc897-edd4-43ea-b443-63e8d47a9149,01,LOT-0001,cpv,90911200,,
947fc897-edd4-43ea-b443-63e8d47a9149,01,LOT-0002,cpv,90911200,,
f25e66fd-bd2e-4aea-b339-b37895bbf089,01,,cpv,09131000,,
f25e66fd-bd2e-4aea-b339-b37895bbf089,01,LOT-0001,cpv,09131000,,
d44abc03-50f0-4083-aab5-466efac05753,01,,cpv,71327000,,
d44abc03-50f0-4083-aab5-466efac05753,01,LOT-0000,cpv,71327000,,
ed4e3ad6-5358-410f-8b45-9cbba1f7afef,01,,cpv,33100000,"33000000,33140000",
ed4e3ad6-5358-410f-8b45-9cbba1f7afef,01,LOT-0001,cpv,33100000,33000000,
ed4e3ad6-5358-410f-8b45-9cbba1f7afef,01,LOT-0002,cpv,33100000,33000000,
ed4e3ad6-5358-410f-8b45-9cbba1f7afef,01,LOT-0003,cpv,33100000,33000000,
ed4e3ad6-5358-410f-8b45-9cbba1f7afef,01,LOT-0004,cpv,33100000,33140000,
40c92953-19e6-4dd6-beac-39c302fd25cc,01,,cpv,72263000,72260000,
40c92953-19e6-4dd6-beac-39c302fd25cc,01,LOT-0000,,,,
49d4a12a-7b77-437a-a031-1d1260b427a4,01,,cpv,09310000,,
49d4a12a-7b77-437a-a031-1d1260b427a4,01,LOT-0001,cpv,09310000,,
afeff892-c330-4fb8-973c-6b65d1d3c1c1,01,,cpv,45000000,,
afeff892-c330-4fb8-973c-6b65d1d3c1c1,01,LOT-0001,cpv,45000000,,
49272a08-0469-437d-bf1f-ba641417f443,01,,cpv,90420000,,
49272a08-0469-437d-bf1f-ba641417f443,01,LOT-0000,cpv,90420000,,
01a0a3e8-422f-4756-96c5-d2a2a05e53bf,01,,cpv,71000000,,
01a0a3e8-422f-4756-96c5-d2a2a05e53bf,01,LOT-0001,cpv,71000000,,
76042013-ac39-4932-9f1a-4656a0011b6b,01,,cpv,45234100,"45220000,45221000,45234115,45236000,71240000,79710000",
76042013-ac39-4932-9f1a-4656a0011b6b,01,PAR-0001,cpv,45234100,"45220000,45221000,45234115,45236000,71240000,79710000",
a9f62a24-31b1-425a-b9aa-ca085ced8bf4,01,,cpv,85312510,,
a9f62a24-31b1-425a-b9aa-ca085ced8bf4,01,LOT-0000,cpv,85312510,,
20176d84-f18c-4068-b17c-d013cf0cfe0f,01,,cpv,42994200,,
20176d84-f18c-4068-b17c-d013cf0cfe0f,01,LOT-0000,cpv,42994200,,
eeb9ef5a-0b01-43d5-8496-53b81772b15d,01,,cpv,90911000,"90910000,90911200,90911300",
eeb9ef5a-0b01-43d5-8496-53b81772b15d,01,LOT-0001,cpv,90900000,"90910000,90911200,90911000",
eeb9ef5a-0b01-43d5-8496-53b81772b15d,01,LOT-0002,cpv,90900000,"90910000,90911000,90911300",
e4f3839a-4932-42c0-9b85-f1745d43c9c6,01,,cpv,35821000,35821000,
e4f3839a-4932-42c0-9b85-f1745d43c9c6,01,LOT-0000,cpv,35821000,35821000,
a040d776-b7d8-40d6-81c9-b50e1aa6daeb,01,,cpv,45311100,45311200,
a040d776-b7d8-40d6-81c9-b50e1aa6daeb,01,LOT-0001,cpv,45311100,45311200,
9ad7cb70-56ac-4e93-ad85-e249a639d263,01,,cpv,45314000,,
9ad7cb70-56ac-4e93-ad85-e249a639d263,01,LOT-0000,cpv,45314000,,
f1c9a3f9-c8d4-42b4-9e98-1838d72567e0,01,,cpv,45262670,"45421100,45421131",
f1c9a3f9-c8d4-42b4-9e98-1838d72567e0,01,LOT-0001,cpv,45262670,"45421100,45421131",
2a892d69-436e-4ab9-b235-22191b2a0817,01,,cpv,45422100,,
2a892d69-436e-4ab9-b235-22191b2a0817,01,LOT-0001,cpv,45422100,,
0a1d2ce8-8ee7-4d56-a411-9ddfdfcad7f9,01,,cpv,45311000,,
0a1d2ce8-8ee7-4d56-a411-9ddfdfcad7f9,01,LOT-0000,cpv,45311000,,
a98df0ee-02df-4926-a699-f0264bc70ae4,01,,cpv,45262670,,
a98df0ee-02df-4926-a699-f0264bc70ae4,01,LOT-0000,cpv,45262670,,
2c665769-7e2e-4628-991e-28dcf9c3821a,01,,cpv,45431000,"45430000,45400000,45000000",
2c665769-7e2e-4628-991e-28dcf9c3821a,01,LOT-0000,cpv,45431000,"45430000,45400000,45000000",
1ccd2bd7-0f11-41f1-899f-4de6866a4092,01,,cpv,30121100,,
1ccd2bd7-0f11-41f1-899f-4de6866a4092,01,LOT-0000,cpv,30121200,,
a9485f5f-9d7f-4d89-b14e-948fc88864b9,01,,cpv,45234100,,
a9485f5f-9d7f-4d89-b14e-948fc88864b9,01,LOT-0001,cpv,45234100,,
38cb1b71-db55-447b-9dcf-7928fa9b9652,01,,cpv,44330000,,
38cb1b71-db55-447b-9dcf-7928fa9b9652,01,LOT-0001,cpv,44330000,,
38cb1b71-db55-447b-9dcf-7928fa9b9652,01,LOT-0002,cpv,44330000,,
38cb1b71-db55-447b-9dcf-7928fa9b9652,01,LOT-0003,cpv,44330000,,
4c995852-f3a4-4bec-b31c-16ee0f73a0e2,01,,cpv,80000000,"85310000,85320000",
4c995852-f3a4-4bec-b31c-16ee0f73a0e2,01,LOT-0001,cpv,80000000,"85310000,85320000",
68ed286a-7dcd-4fa8-8fe1-cef357b78bb9,01,,cpv,34114400,"34115200,34121000",
68ed286a-7dcd-4fa8-8fe1-cef357b78bb9,01,LOT-0001,cpv,34114400,"34115200,34121000",
68ed286a-7dcd-4fa8-8fe1-cef357b78bb9,01,LOT-0002,cpv,34114400,"34115200,34121000",
68ed286a-7dcd-4fa8-8fe1-cef357b78bb9,01,LOT-0003,cpv,34114400,"34115200,34121000",
68ed286a-7dcd-4fa8-8fe1-cef357b78bb9,01,LOT-0004,cpv,34114400,"34115200,34121000",
d67d21b0-4b54-4ba6-96e2-3b6b23819299,01,,cpv,45421100,"45421132,45421131",
d67d21b0-4b54-4ba6-96e2-3b6b23819299,01,LOT-0001,cpv,45421100,"45421132,45421131",
1b85bfe4-fb5b-49bb-84de-474fa2eb9ef5,01,,cpv,45312310,,
1b85bfe4-fb5b-49bb-84de-474fa2eb9ef5,01,LOT-0001,cpv,45312310,,
adbbb2a3-a548-485c-b584-b649f0cff1b3,01,,cpv,45000000,,
adbbb2a3-a548-485c-b584-b649f0cff1b3,01,LOT-0000,cpv,45000000,,
5cbe1b0e-18eb-4c76-90b1-d36ed71801c1,01,,cpv,60130000,,
5cbe1b0e-18eb-4c76-90b1-d36ed71801c1,01,LOT-0001,cpv,60130000,,
5cbe1b0e-18eb-4c76-90b1-d36ed71801c1,01,LOT-0002,cpv,60130000,,
5cbe1b0e-18eb-4c76-90b1-d36ed71801c1,01,LOT-0003,cpv,60130000,,
5cbe1b0e-18eb-4c76-90b1-d36ed71801c1,01,LOT-0004,cpv,60130000,,
5cbe1b0e-18eb-4c76-90b1-d36ed71801c1,01,LOT-0005,cpv,60130000,,
5cbe1b0e-18eb-4c76-90b1-d36ed71801c1,01,LOT-0006,cpv,60130000,,
5cbe1b0e-18eb-4c76-90b1-d36ed71801c1,01,LOT-0007,cpv,60130000,,
5cbe1b0e-18eb-4c76-90b1-d36ed71801c1,01,LOT-0008,cpv,60130000,,
5cbe1b0e-18eb-4c76-90b1-d36ed71801c1,01,LOT-0009,cpv,60130000,,
5cbe1b0e-18eb-4c76-90b1-d36ed71801c1,01,LOT-0010,cpv,60130000,,
5cbe1b0e-18eb-4c76-90b1-d36ed71801c1,01,LOT-0011,cpv,60130000,,
071a393b-8c2d-42cd-9d57-551d42b58813,01,,cpv,30144200,48100000,
071a393b-8c2d-42cd-9d57-551d42b58813,01,LOT-0000,cpv,30144200,48100000,
bba1b515-3a6b-4be6-9618-db66267d5f72,01,,cpv,33168000,,
bba1b515-3a6b-4be6-9618-db66267d5f72,01,LOT-0000,cpv,33168000,,
2063f8a7-8d9a-4395-9834-8ab5d4a62d1d,01,,cpv,71300000,,
2063f8a7-8d9a-4395-9834-8ab5d4a62d1d,01,LOT-0000,cpv,71300000,,
5d6248d2-bbeb-4359-8df1-2c2b5dfe2de7,01,,cpv,45331200,,
5d6248d2-bbeb-4359-8df1-2c2b5dfe2de7,01,LOT-0000,cpv,45331200,,
f1f7f1b8-2e26-45ae-bb75-30766d4f2c89,01,,cpv,45000000,,
f1f7f1b8-2e26-45ae-bb75-30766d4f2c89,01,LOT-0000,cpv,45000000,,
f964782e-bf72-4c36-bf5f-035b9b1ed8f3,01,,cpv,45223220,,
f964782e-bf72-4c36-bf5f-035b9b1ed8f3,01,LOT-0000,cpv,45223220,,
c937ed17-050d-4d82-a8c8-4c8f5e7b1f9e,01,,cpv,45332400,"45333000,45332200,45332300",
c937ed17-050d-4d82-a8c8-4c8f5e7b1f9e,01,LOT-0001,cpv,45332000,,
c937ed17-050d-4d82-a8c8-4c8f5e7b1f9e,01,LOT-0002,cpv,45332000,,
37b9ca59-76f8-4f86-95c3-350b3f85e457,01,,cpv,79211200,,
37b9ca59-76f8-4f86-95c3-350b3f85e457,01,LOT-0001,cpv,79211200,,
0b0cee46-7028-48a3-ab93-706252419a34,01,,cpv,09310000,,
0b0cee46-7028-48a3-ab93-706252419a34,01,LOT-0001,cpv,09310000,,
abae6b4a-5a2e-4a62-a6e8-61a0d99ac0f0,01,,cpv,45342000,"45112700,45421148,45262670,45112400,45262210,45260000",
abae6b4a-5a2e-4a62-a6e8-61a0d99ac0f0,01,LOT-0000,cpv,45342000,"45112700,45421148,45262670,45112400,45262210,45260000",
eb6cb358-277f-463a-a7b6-10419bb6b2b5,01,,cpv,45210000,,
eb6cb358-277f-463a-a7b6-10419bb6b2b5,01,LOT-0001,cpv,45210000,,
ba79a82e-ba20-40d5-a701-698daf07eeb9,01,,cpv,42611000,,
ba79a82e-ba20-40d5-a701-698daf07eeb9,01,LOT-0000,cpv,42611000,,
892cd313-409d-4d28-89fb-e9c5c15b141b,01,,cpv,45410000,"45321000,45442110",
892cd313-409d-4d28-89fb-e9c5c15b141b,01,LOT-0000,cpv,45410000,45321000,
e4219d9f-af23-4f38-8d05-842a51bb2395,01,,cpv,45113000,,
e4219d9f-af23-4f38-8d05-842a51bb2395,01,LOT-0000,cpv,45113000,,
358aa36b-0b4d-406d-b3f0-3823146a9ea6,01,,cpv,45331210,"45331200,42520000",
358aa36b-0b4d-406d-b3f0-3823146a9ea6,01,LOT-0001,cpv,45331210,"45331200,42520000",
81ef8785-328d-45a5-aa26-05b430f1424f,01,,cpv,79992000,,
81ef8785-328d-45a5-aa26-05b430f1424f,01,LOT-0000,cpv,79992000,,
005970e4-fa83-4d72-b88d-6b8acfe47c4a,01,,cpv,45000000,,
005970e4-fa83-4d72-b88d-6b8acfe47c4a,01,LOT-0000,cpv,45000000,,
7cba3224-ed9b-4557-912a-b89e03238035,01,,cpv,09310000,,
7cba3224-ed9b-4557-912a-b89e03238035,01,LOT-0001,cpv,09310000,,
7cba3224-ed9b-4557-912a-b89e03238035,01,LOT-0002,cpv,09310000,,
eccaf8a7-61f2-4d8b-b5b5-46950178c568,01,,cpv,90911200,,
eccaf8a7-61f2-4d8b-b5b5-46950178c568,01,LOT-0000,cpv,90911200,,
ead3b499-cf64-4888-823d-7737ad787045,01,,cpv,45000000,,
ead3b499-cf64-4888-823d-7737ad787045,01,LOT-0000,cpv,45000000,,
40a54a1a-4422-4c9b-b817-9b085061ad44,01,,cpv,79713000,,
40a54a1a-4422-4c9b-b817-9b085061ad44,01,LOT-0000,cpv,79713000,,
9b92da70-5f05-4da6-8f36-63c00ccc4bfd,01,,cpv,55500000,"15894000,55520000,55523000",
9b92da70-5f05-4da6-8f36-63c00ccc4bfd,01,LOT-0001,cpv,55500000,"15894000,55520000,55523000",
7bbe3e4a-e8f3-4ce7-8fac-f9899a31ebc0,01,,cpv,45324000,"45000000,45300000,45324000,45421000,45422000",
7bbe3e4a-e8f3-4ce7-8fac-f9899a31ebc0,01,LOT-0001,cpv,45324000,"45000000,45300000,45324000,45421000,45422000",
415228ba-c998-4c5b-a88e-4badc9d2e4dc,01,,cpv,45442100,,
415228ba-c998-4c5b-a88e-4badc9d2e4dc,01,LOT-0000,cpv,45442100,,
01a0a3dd-0de3-4c82-9bff-894ee83e347d,01,,cpv,42000000,,
01a0a3dd-0de3-4c82-9bff-894ee83e347d,01,LOT-0001,cpv,42000000,,
125814cb-3fd3-45fb-8ee4-1940fc409986,01,,cpv,45210000,"45430000,45432130",
125814cb-3fd3-45fb-8ee4-1940fc409986,01,LOT-0001,cpv,45210000,"45430000,45432130",
a673c7df-5a09-4230-a1f0-8c32c383c6a7,01,,cpv,45214210,71320000,
a673c7df-5a09-4230-a1f0-8c32c383c6a7,01,LOT-0001,cpv,45214210,71320000,
5136b73e-1a8c-4623-ba6e-68446d10b433,01,,cpv,45332400,,
5136b73e-1a8c-4623-ba6e-68446d10b433,01,LOT-0000,cpv,45332400,,
63ced94b-e3ff-42f0-9b7c-b0a68e642465,01,,cpv,42510000,"09323000,42515000,42510000",
63ced94b-e3ff-42f0-9b7c-b0a68e642465,01,LOT-0001,cpv,42510000,"09323000,42515000,42510000",
4e2efa0e-8630-465b-beb5-fe2dc2e116e2,01,,cpv,31527200,,
4e2efa0e-8630-465b-beb5-fe2dc2e116e2,01,LOT-0001,cpv,31527200,,
4e2efa0e-8630-465b-beb5-fe2dc2e116e2,01,LOT-0002,cpv,31527200,,
4e2efa0e-8630-465b-beb5-fe2dc2e116e2,01,LOT-0003,cpv,31527200,,
615b5280-a5cf-40f2-b7b9-3da4726c7de4,01,,cpv,45311200,,
615b5280-a5cf-40f2-b7b9-3da4726c7de4,01,LOT-0000,cpv,45311200,,
c27ce215-7d21-4d3f-8032-3718f85a797b,01,,cpv,90470000,,
c27ce215-7d21-4d3f-8032-3718f85a797b,01,LOT-0001,cpv,90470000,90491000,
c27ce215-7d21-4d3f-8032-3718f85a797b,01,LOT-0002,cpv,90470000,90491000,
dc250dbf-39dc-4f59-b567-cfe9c7189181,01,,cpv,45212225,45431000,
dc250dbf-39dc-4f59-b567-cfe9c7189181,01,LOT-0000,cpv,45431000,,
af5ff21e-3c05-4f2c-bd6d-2946bfe9f899,01,,cpv,45233124,"34928320,45233280",
af5ff21e-3c05-4f2c-bd6d-2946bfe9f899,01,LOT-0000,cpv,45233124,"34928320,45233280",
f02e7748-2050-4ac4-a922-cb0f4439e986,01,,cpv,90911200,,
f02e7748-2050-4ac4-a922-cb0f4439e986,01,LOT-0000,cpv,90911200,,
aa0363f1-766e-40ce-956c-9969d649029b,01,,cpv,45000000,"31200000,31000000,31216000,31216100,31216200,45312310,45312311",
aa0363f1-766e-40ce-956c-9969d649029b,01,LOT-0001,cpv,45000000,"31200000,31000000,31216000,31216100,31216200,45312310,45312311",
01a0a386-93b5-4920-903f-b03532554f28,01,,cpv,45000000,,
01a0a386-93b5-4920-903f-b03532554f28,01,LOT-0930,cpv,45000000,,
01a0a386-93b5-4920-903f-b03532554f28,01,LOT-1130,cpv,45000000,,
01a0a386-93b5-4920-903f-b03532554f28,01,LOT-1230,cpv,45000000,,
01a0a386-93b5-4920-903f-b03532554f28,01,LOT-1330,cpv,45000000,,
01a0a386-93b5-4920-903f-b03532554f28,01,LOT-1430,cpv,45000000,,
01a0a386-93b5-4920-903f-b03532554f28,01,LOT-1830,cpv,45000000,,
25ffc2dd-ffb6-484b-9642-475359ac01fc,01,,cpv,39711120,39711110,
25ffc2dd-ffb6-484b-9642-475359ac01fc,01,LOT-0001,cpv,39711120,,
25ffc2dd-ffb6-484b-9642-475359ac01fc,01,LOT-0002,cpv,39711120,,
25ffc2dd-ffb6-484b-9642-475359ac01fc,01,LOT-0003,cpv,39711120,,
f2c6fd75-9a61-4140-a51a-5c616ff7c99d,01,,cpv,50700000,"50720000,50721000,50730000,71630000",
f2c6fd75-9a61-4140-a51a-5c616ff7c99d,01,LOT-0001,cpv,50700000,,
f2c6fd75-9a61-4140-a51a-5c616ff7c99d,01,LOT-0002,cpv,50700000,,
f2c6fd75-9a61-4140-a51a-5c616ff7c99d,01,LOT-0003,cpv,50700000,,
1dcf98ce-459c-4042-9b70-dcc925ded5e5,01,,cpv,71240000,,
1dcf98ce-459c-4042-9b70-dcc925ded5e5,01,LOT-0000,cpv,71240000,,
0a084d8e-b409-46c3-8f38-42d0c38f4087,01,,cpv,71321200,"71300000,71320000,71321000,71321300,71321400,71322000",
0a084d8e-b409-46c3-8f38-42d0c38f4087,01,LOT-0001,cpv,71321200,"71300000,71320000,71321000,71321300,71321400,71322000",
f8f990a2-b9fb-452d-8a21-a403a2239e46,01,,cpv,79710000,79713000,
f8f990a2-b9fb-452d-8a21-a403a2239e46,01,LOT-0001,cpv,79710000,79713000,
f8f990a2-b9fb-452d-8a21-a403a2239e46,01,LOT-0002,cpv,79710000,79713000,
0438fc4d-f4e0-43f1-8124-783654473a06,01,,cpv,72268000,,
0438fc4d-f4e0-43f1-8124-783654473a06,01,LOT-0001,cpv,72268000,,
4f3f43c4-b21a-4fe6-b95f-a02bcfaec978,01,,cpv,45421000,,
4f3f43c4-b21a-4fe6-b95f-a02bcfaec978,01,LOT-0000,cpv,45421000,,
f142e565-038d-4c70-b79f-92083cfea0c8,01,,cpv,71000000,"71240000,71241000,71242000,71243000,71244000,71245000,71246000",
f142e565-038d-4c70-b79f-92083cfea0c8,01,LOT-0000,cpv,71000000,"71240000,71241000,71242000,71243000,71244000,71245000,71246000",
0e4c6765-b27b-4e7e-9cb1-a4cb71f87e03,01,,cpv,45000000,,
0e4c6765-b27b-4e7e-9cb1-a4cb71f87e03,01,LOT-0000,cpv,45000000,,
31c84d33-8204-4aeb-9bdc-6b03fe02d7b6,01,,cpv,71322500,"71300000,71240000",
31c84d33-8204-4aeb-9bdc-6b03fe02d7b6,01,LOT-0000,cpv,71322500,"71300000,71240000",
3b65793d-c78d-42bc-b654-1eac5dccdd27,01,,cpv,90911200,,
3b65793d-c78d-42bc-b654-1eac5dccdd27,01,LOT-0001,cpv,90900000,"90910000,90919300",
3b65793d-c78d-42bc-b654-1eac5dccdd27,01,LOT-0002,cpv,90911300,,
77a17daa-1726-45b5-8710-0d9f238d3cb2,01,,cpv,90911200,,
77a17daa-1726-45b5-8710-0d9f238d3cb2,01,LOT-0000,cpv,90911200,,
01a0a39a-b1ce-41e2-a40e-d2a19840eef3,01,,cpv,45000000,,
01a0a39a-b1ce-41e2-a40e-d2a19840eef3,01,LOT-0001,cpv,45000000,,
9f47389f-4ff8-4452-bb85-29dc3fdbcacb,01,,cpv,45233100,,
9f47389f-4ff8-4452-bb85-29dc3fdbcacb,01,LOT-0000,cpv,45233100,,
37ef6440-39ad-4711-b6d8-50cd3e259338,01,,cpv,45261410,45261300,
37ef6440-39ad-4711-b6d8-50cd3e259338,01,LOT-0001,cpv,45261410,45261300,
975ec467-e4c0-41ee-93e8-9e85b58e3304,01,,cpv,79212300,,
975ec467-e4c0-41ee-93e8-9e85b58e3304,01,LOT-0000,cpv,79212300,,
1a3ffe25-e783-42d6-85d9-06a72e6621ae,01,,cpv,71000000,,
1a3ffe25-e783-42d6-85d9-06a72e6621ae,01,LOT-0000,cpv,71000000,,
65a1fbb7-b8fa-47a1-81b3-19eb0aea6d81,01,,cpv,45221242,"43123000,45262311",
65a1fbb7-b8fa-47a1-81b3-19eb0aea6d81,01,LOT-0000,cpv,45221242,,
75b1656a-978d-42f1-bea4-282faba63fb7,01,,cpv,30230000,30230000,
75b1656a-978d-42f1-bea4-282faba63fb7,01,LOT-0000,cpv,30230000,30230000,
411eac10-5d12-40fb-a4d9-edbad677041b,01,,cpv,85147000,,
411eac10-5d12-40fb-a4d9-edbad677041b,01,LOT-0001,cpv,85147000,,
411eac10-5d12-40fb-a4d9-edbad677041b,01,LOT-0002,cpv,85147000,,
411eac10-5d12-40fb-a4d9-edbad677041b,01,LOT-0003,cpv,85147000,,
411eac10-5d12-40fb-a4d9-edbad677041b,01,LOT-0004,cpv,85147000,,
b66086b4-5a0c-43e5-beff-d9e5bd9b4747,01,,cpv,45262320,,
b66086b4-5a0c-43e5-beff-d9e5bd9b4747,01,LOT-0001,cpv,45262320,,
15fde072-07e6-480b-9309-bd9ffe950305,01,,cpv,90910000,,
15fde072-07e6-480b-9309-bd9ffe950305,01,LOT-0000,cpv,90910000,,
bdb7cd0f-27a9-49e6-be6e-c80723885512,01,,cpv,45000000,"45453000,45410000,45430000",
bdb7cd0f-27a9-49e6-be6e-c80723885512,01,LOT-0000,cpv,45000000,"45453000,45410000,45430000",
60e43b0a-8dfb-449e-b498-b09682344d0f,01,,cpv,72260000,,
60e43b0a-8dfb-449e-b498-b09682344d0f,01,LOT-0000,cpv,72260000,,
2fbce19e-8406-42b5-9a31-021c37f0693e,01,,cpv,72000000,,
2fbce19e-8406-42b5-9a31-021c37f0693e,01,LOT-0001,cpv,72000000,,
54a3c5e2-e83d-4d6d-b9b4-c8ef88801272,01,,cpv,45331000,,
54a3c5e2-e83d-4d6d-b9b4-c8ef88801272,01,LOT-0000,cpv,45331000,,
22be7dde-4ac6-4315-b87d-f19b7e9864cd,01,,cpv,71240000,,
22be7dde-4ac6-4315-b87d-f19b7e9864cd,01,LOT-0001,cpv,71240000,,
aa9e8b24-c04d-428d-bc89-8f1066e28c35,01,,cpv,55500000,"15894000,55520000,55523000",
aa9e8b24-c04d-428d-bc89-8f1066e28c35,01,LOT-0001,cpv,55500000,"15894000,55520000,55523000",
cef888de-af89-4526-849f-b65849ea460a,01,,cpv,48000000,,
cef888de-af89-4526-849f-b65849ea460a,01,LOT-0000,cpv,48000000,,
5dbbe2be-5c22-4c3b-8923-6a3e9f4aa280,01,,cpv,45261100,"45260000,45261210,45261300,45261320,45422000,45211100,45262700,45000000",
5dbbe2be-5c22-4c3b-8923-6a3e9f4aa280,01,LOT-0001,cpv,45261100,"45260000,45261210,45261300,45261320,45422000,45211100,45262700,45000000",
7d14c033-c833-4b40-8efc-e2ed271a3c3d,01,,cpv,45331000,,
7d14c033-c833-4b40-8efc-e2ed271a3c3d,01,LOT-0000,cpv,45331000,,
32bcd728-4e98-499d-a4e3-75f506ec038a,01,,cpv,79713000,,
32bcd728-4e98-499d-a4e3-75f506ec038a,01,LOT-0000,cpv,79713000,,
07c57189-4238-4bcf-987b-80763a6d7e23,01,,cpv,90911200,"90911000,90919200",
07c57189-4238-4bcf-987b-80763a6d7e23,01,LOT-0001,cpv,90911200,"90911000,90919200",
07c57189-4238-4bcf-987b-80763a6d7e23,01,LOT-0002,cpv,90910000,"90911000,90919200",
07c57189-4238-4bcf-987b-80763a6d7e23,01,LOT-0003,cpv,90911300,"90911000,90919200",
a3358992-2707-49b2-822c-dcf07304f3b0,01,,cpv,09123000,,
a3358992-2707-49b2-822c-dcf07304f3b0,01,LOT-0000,cpv,09123000,,
fb411cf6-4291-4ab1-9080-fb014f9a9c64,01,,cpv,45324000,,
fb411cf6-4291-4ab1-9080-fb014f9a9c64,01,LOT-0000,cpv,45324000,,
9d83ea1f-2e6a-4af3-9974-0b8a7823c726,01,,cpv,45331000,,
9d83ea1f-2e6a-4af3-9974-0b8a7823c726,01,LOT-0000,cpv,45331000,,
741f8574-9ba3-434b-bf87-42f565cdff51,01,,cpv,45262670,"45443000,45421100",
741f8574-9ba3-434b-bf87-42f565cdff51,01,LOT-0000,cpv,45262670,"45443000,45421100",
4d643fae-3e36-4698-9988-0d3e35879d8f,01,,cpv,45234100,,
4d643fae-3e36-4698-9988-0d3e35879d8f,01,LOT-0001,cpv,45234100,"45112500,45221112,45234116,45314300",
aecb6364-67b5-456f-ba2e-6dce58f64b21,01,,cpv,98392000,,
aecb6364-67b5-456f-ba2e-6dce58f64b21,01,LOT-0000,cpv,98392000,,
bcb96a9b-2bd2-46b3-b7a6-dbe4b1a6fd26,01,,cpv,90911200,,
bcb96a9b-2bd2-46b3-b7a6-dbe4b1a6fd26,01,LOT-0000,cpv,90911200,,
02251263-d5d8-4ccf-bb46-d4ef31ac41c5,01,,cpv,71240000,,
02251263-d5d8-4ccf-bb46-d4ef31ac41c5,01,LOT-0001,cpv,71240000,,
e72422bd-7b79-45d6-a647-dad18da6e4bc,01,,cpv,71327000,,
e72422bd-7b79-45d6-a647-dad18da6e4bc,01,LOT-0000,cpv,71327000,,
e5945add-25b2-4c37-ade8-426440996759,01,,cpv,90911200,,
e5945add-25b2-4c37-ade8-426440996759,01,LOT-0000,cpv,90911200,,
dc63569a-abdf-47f2-9210-616091d369de,01,,cpv,90470000,,
dc63569a-abdf-47f2-9210-616091d369de,01,LOT-0000,cpv,90470000,,
4b78a193-a1fc-423c-8a38-0694dfd95972,01,,cpv,72000000,,
4b78a193-a1fc-423c-8a38-0694dfd95972,01,LOT-0000,cpv,72000000,,
091398e0-7d25-4871-911c-9da98bd731fd,01,,cpv,80400000,,
091398e0-7d25-4871-911c-9da98bd731fd,01,LOT-0000,cpv,80400000,,
a137db0e-224a-4bd9-86d4-5bb3b3404d4e,01,,cpv,45331200,45214200,
a137db0e-224a-4bd9-86d4-5bb3b3404d4e,01,LOT-0000,cpv,45331200,45214200,
c2df0f6b-f6d4-4dc0-b3ad-25fa9a032e55,01,,cpv,71000000,,
c2df0f6b-f6d4-4dc0-b3ad-25fa9a032e55,01,LOT-0001,cpv,71000000,,
6b47bdf2-1f73-4935-ba14-aee6a80304a3,01,,cpv,71630000,"71900000,71600000,50711000",
6b47bdf2-1f73-4935-ba14-aee6a80304a3,01,LOT-0000,cpv,71630000,"71900000,71600000,50711000",
01a08f76-3858-4723-afdc-294aca37ffad,01,,cpv,71000000,"71200000,71221000,71223000,71300000,71310000,71313200,71314000,71314100,71314300,71315000,71315210,71318100,71320000,71321000,71321200,71321300,71321400,71327000,71317000",
01a08f76-3858-4723-afdc-294aca37ffad,01,LOT-0001,cpv,71000000,,
85c9a7bb-cf66-405a-93c9-50857968cd15,01,,cpv,45111100,,
85c9a7bb-cf66-405a-93c9-50857968cd15,01,LOT-0000,cpv,45111100,,
80225e23-4152-4fd6-abf9-b18067c9b448,01,,cpv,30199230,"30199710,30199711",
80225e23-4152-4fd6-abf9-b18067c9b448,01,LOT-0001,cpv,30199230,"30199710,30199711",
77b9119d-d72d-4bca-adc2-6341ef20117a,01,,cpv,45000000,45200000,
77b9119d-d72d-4bca-adc2-6341ef20117a,01,LOT-0000,cpv,45000000,45200000,
a87ddb58-7ced-47bf-afd4-8dcf5a1ae567,01,,cpv,90911000,90911300,
a87ddb58-7ced-47bf-afd4-8dcf5a1ae567,01,LOT-0001,cpv,90911000,90911300,
a87ddb58-7ced-47bf-afd4-8dcf5a1ae567,01,LOT-0002,cpv,90911000,90911300,
a87ddb58-7ced-47bf-afd4-8dcf5a1ae567,01,LOT-0003,cpv,90911000,90911300,
a87ddb58-7ced-47bf-afd4-8dcf5a1ae567,01,LOT-0004,cpv,90911000,90911300,
a87ddb58-7ced-47bf-afd4-8dcf5a1ae567,01,LOT-0005,cpv,90911000,90911300,
a87ddb58-7ced-47bf-afd4-8dcf5a1ae567,01,LOT-0006,cpv,90911000,90911300,
a87ddb58-7ced-47bf-afd4-8dcf5a1ae567,01,LOT-0007,cpv,90911000,90911300,
0a256d31-3992-4c28-af2a-af2e7c9d54a3,01,,cpv,75131000,,
0a256d31-3992-4c28-af2a-af2e7c9d54a3,01,LOT-0001,cpv,75131000,,
ef3be2c8-73dd-4ce7-a0a5-5626e1d4def2,01,,cpv,30213000,,
ef3be2c8-73dd-4ce7-a0a5-5626e1d4def2,01,LOT-0001,cpv,30213000,,
ef3be2c8-73dd-4ce7-a0a5-5626e1d4def2,01,LOT-0002,cpv,30213000,,
ef3be2c8-73dd-4ce7-a0a5-5626e1d4def2,01,LOT-0003,cpv,30213000,,
ef3be2c8-73dd-4ce7-a0a5-5626e1d4def2,01,LOT-0004,cpv,30213000,,
ef3be2c8-73dd-4ce7-a0a5-5626e1d4def2,01,LOT-0005,cpv,30213000,,
ef3be2c8-73dd-4ce7-a0a5-5626e1d4def2,01,LOT-0006,cpv,30213000,,
ef3be2c8-73dd-4ce7-a0a5-5626e1d4def2,01,LOT-0007,cpv,30213000,,
b37b8634-91f0-43a1-9a0b-524aae0ee02e,01,,cpv,71200000,,
b37b8634-91f0-43a1-9a0b-524aae0ee02e,01,LOT-0000,cpv,71200000,,
abadc72a-717a-45fc-9044-e7eb3dad334a,01,,cpv,45000000,"90911000,90911200,90910000",
abadc72a-717a-45fc-9044-e7eb3dad334a,01,LOT-0001,cpv,45000000,"90911000,90911200,90910000",
b01a3281-c302-440d-aa3a-0b3d7b665cea,01,,cpv,45262100,,
b01a3281-c302-440d-aa3a-0b3d7b665cea,01,LOT-0001,cpv,45262100,,
1799fd7d-d455-45ec-84b3-f267bdf5d0e2,01,,cpv,72212710,72212760,
1799fd7d-d455-45ec-84b3-f267bdf5d0e2,01,LOT-0001,cpv,72212710,72212760,
c9bdc192-58a1-4e7c-a260-cbdd646fd279,01,,cpv,48000000,72000000,
c9bdc192-58a1-4e7c-a260-cbdd646fd279,01,LOT-0000,cpv,48000000,72000000,
3b62235d-ca80-4e03-9c3e-297de871fe80,01,,cpv,45112710,"45112700,45212221,45236119,45236110,45000000",
3b62235d-ca80-4e03-9c3e-297de871fe80,01,LOT-0001,cpv,45112710,"45112700,45212221,45236119,45236110,45000000",
b502151c-0762-47f1-9b93-a51f389045d2,01,,cpv,72000000,,
b502151c-0762-47f1-9b93-a51f389045d2,01,LOT-0000,cpv,72000000,,
ff86e7dd-9047-4ad8-9ddb-106f4c18e10f,01,,cpv,90500000,,
ff86e7dd-9047-4ad8-9ddb-106f4c18e10f,01,LOT-0001,cpv,90500000,,
ff86e7dd-9047-4ad8-9ddb-106f4c18e10f,01,LOT-0002,cpv,90500000,,
3084e989-acb5-4689-8ebb-6bf0ad8e0903,01,,cpv,45421153,"45420000,45421000,45421131",
3084e989-acb5-4689-8ebb-6bf0ad8e0903,01,LOT-0001,cpv,45421153,"45420000,45421000,45421131",
68395e6d-ee88-4b84-b477-68e4396c6059,01,,cpv,45234116,,
68395e6d-ee88-4b84-b477-68e4396c6059,01,LOT-0001,cpv,45234116,,
162d0079-0ada-4d8b-b2a3-db5d889299a2,01,,cpv,79411100,79410000,
162d0079-0ada-4d8b-b2a3-db5d889299a2,01,LOT-0001,cpv,79411100,79410000,
b77e9652-6802-4103-a4e1-af42fab8cb9d,01,,cpv,71000000,,
b77e9652-6802-4103-a4e1-af42fab8cb9d,01,LOT-0000,,,,
430701f1-558e-4eee-a5d4-f58d6eeefab8,01,,cpv,44613700,,
430701f1-558e-4eee-a5d4-f58d6eeefab8,01,LOT-0001,cpv,44613700,,
52f6371b-39cc-4ec2-8721-e0b6e4e41699,01,,cpv,45112000,,
52f6371b-39cc-4ec2-8721-e0b6e4e41699,01,LOT-0001,cpv,45112000,,
03e2ee12-213d-4a93-9e86-fa369290166f,01,,cpv,45200000,45214000,
03e2ee12-213d-4a93-9e86-fa369290166f,01,LOT-0000,cpv,45200000,45214000,
07e2fa36-a8c8-4b6b-94d1-b5ec715848fc,01,,cpv,45262670,"45223210,45262410",
07e2fa36-a8c8-4b6b-94d1-b5ec715848fc,01,LOT-0000,cpv,45262670,"45223210,45262410",
5d1ac361-d019-4d42-902b-cbf8708a05bd,01,,cpv,90911200,,
5d1ac361-d019-4d42-902b-cbf8708a05bd,01,LOT-0001,cpv,90911200,,
5d1ac361-d019-4d42-902b-cbf8708a05bd,01,LOT-0002,cpv,90911300,,
5d1ac361-d019-4d42-902b-cbf8708a05bd,01,LOT-0003,cpv,90911200,,
5d1ac361-d019-4d42-902b-cbf8708a05bd,01,LOT-0004,cpv,90911300,,
dee2c291-4257-440e-99c7-cdfab455b60a,01,,cpv,90911200,90919000,
dee2c291-4257-440e-99c7-cdfab455b60a,01,LOT-0001,cpv,90919300,,
dee2c291-4257-440e-99c7-cdfab455b60a,01,LOT-0002,cpv,90919300,,
dee2c291-4257-440e-99c7-cdfab455b60a,01,LOT-0003,cpv,90919200,,
7a855c7f-8d65-411f-9126-6dcb4aec744d,01,,cpv,32422000,"48732000,32424000,48730000",
7a855c7f-8d65-411f-9126-6dcb4aec744d,01,LOT-0000,cpv,32422000,"48732000,32424000,48730000",
10b4365a-23af-4cbd-874f-5faa960c37e5,01,,cpv,45313100,,
10b4365a-23af-4cbd-874f-5faa960c37e5,01,LOT-0001,cpv,45313100,,
af9f35a0-65bc-4409-8b2d-339746ec18fa,01,,cpv,34139300,,
af9f35a0-65bc-4409-8b2d-339746ec18fa,01,LOT-0000,cpv,34139300,,
bdf2df03-ecca-4e4a-834a-8c169022bab7,01,,cpv,45311200,,
bdf2df03-ecca-4e4a-834a-8c169022bab7,01,LOT-0000,cpv,45311200,,
7005d76c-7d7c-4ac2-aad2-e48d7745a287,01,,cpv,45214000,"45210000,45223220,45223500",
7005d76c-7d7c-4ac2-aad2-e48d7745a287,01,LOT-0001,cpv,45214000,"45210000,45223220,45223500",
1c273480-662f-4557-999b-ee51263af361,01,,cpv,55523000,,
1c273480-662f-4557-999b-ee51263af361,01,LOT-0001,cpv,55523000,,
1c273480-662f-4557-999b-ee51263af361,01,LOT-0002,cpv,55523000,,
2446e1a7-8dc7-4593-b2d7-3260e7e86389,01,,cpv,72000000,,
2446e1a7-8dc7-4593-b2d7-3260e7e86389,01,LOT-0000,cpv,72000000,,
3de46702-3005-4272-9212-60a743a822bf,01,,cpv,34144210,31682530,
3de46702-3005-4272-9212-60a743a822bf,01,LOT-0001,cpv,34144210,31682530,
3de46702-3005-4272-9212-60a743a822bf,01,LOT-0002,cpv,34144210,31682530,
e5b06742-88fb-461f-b5a2-561a22b4947e,01,,cpv,71327000,,
e5b06742-88fb-461f-b5a2-561a22b4947e,01,LOT-0000,cpv,71327000,,
d46eb7c9-65b4-4319-ae4f-b64aad501fec,01,,cpv,71240000,,
d46eb7c9-65b4-4319-ae4f-b64aad501fec,01,LOT-0001,cpv,71240000,,
dfd696de-b38c-4233-9db9-86a8b768feb4,01,,cpv,38434500,38434560,
dfd696de-b38c-4233-9db9-86a8b768feb4,01,LOT-0000,cpv,38434500,38434560,
5e5c519f-e67b-43bd-aff3-fb2f08bf4814,01,,cpv,71000000,,
5e5c519f-e67b-43bd-aff3-fb2f08bf4814,01,LOT-0000,cpv,71000000,,
5a91aec9-aee6-4c00-809a-5ac8845a61ec,01,,cpv,45000000,45233124,
5a91aec9-aee6-4c00-809a-5ac8845a61ec,01,LOT-0000,cpv,45000000,45233124,
5d25dc37-cd12-454d-9a04-e023831a2f6b,01,,cpv,77211400,,
5d25dc37-cd12-454d-9a04-e023831a2f6b,01,LOT-0001,cpv,77211400,,
5d25dc37-cd12-454d-9a04-e023831a2f6b,01,LOT-0002,cpv,77211400,,
5d25dc37-cd12-454d-9a04-e023831a2f6b,01,LOT-0003,cpv,77211400,,
5d25dc37-cd12-454d-9a04-e023831a2f6b,01,LOT-0004,cpv,77211400,,
1b4499e0-c0e0-4052-976b-908f05d646fa,01,,cpv,03417000,,
1b4499e0-c0e0-4052-976b-908f05d646fa,01,LOT-0000,cpv,03417000,,
7844bb7e-551c-4b80-8e27-efa3b24aeb75,01,,cpv,71631000,77211500,
7844bb7e-551c-4b80-8e27-efa3b24aeb75,01,LOT-0001,cpv,77211500,,
7844bb7e-551c-4b80-8e27-efa3b24aeb75,01,LOT-0002,cpv,77211500,,
7844bb7e-551c-4b80-8e27-efa3b24aeb75,01,LOT-0003,cpv,71631000,,
d80782ed-7a0d-4d7b-9d1b-76c7cfbc136d,01,,cpv,45262521,,
d80782ed-7a0d-4d7b-9d1b-76c7cfbc136d,01,LOT-0001,cpv,45262521,,
2d885c65-7f8d-466b-ae79-a214d09abef4,01,,cpv,45441000,"45421100,45421130",
2d885c65-7f8d-466b-ae79-a214d09abef4,01,LOT-0000,cpv,45441000,"45421100,45421130",
f3a5f1e0-9f72-4179-90d4-bcbd0ab4b850,01,,cpv,71000000,,
f3a5f1e0-9f72-4179-90d4-bcbd0ab4b850,01,LOT-0000,cpv,71000000,,
e57a5e81-925c-4497-a287-25ade645b989,01,,cpv,71000000,,
e57a5e81-925c-4497-a287-25ade645b989,01,LOT-0000,cpv,71000000,,
ec4d8be1-1960-40c4-976d-87eb381e9f1e,01,,cpv,34926000,,
ec4d8be1-1960-40c4-976d-87eb381e9f1e,01,LOT-0000,cpv,34926000,,
506dd332-df90-4a82-a41a-7fd75b71a74a,01,,cpv,31127000,31682530,
506dd332-df90-4a82-a41a-7fd75b71a74a,01,LOT-0001,cpv,31127000,31682530,
6c6fd5da-2d81-4cd1-9b7a-4f9af163c766,01,,cpv,45311100,"45311200,45315600,45315700,45316110",
6c6fd5da-2d81-4cd1-9b7a-4f9af163c766,01,LOT-0000,cpv,45311100,"45311200,45315600,45315700,45316110",
b9edd57c-869d-46a1-9b2f-e4d784c599f8,01,,cpv,45113000,,
b9edd57c-869d-46a1-9b2f-e4d784c599f8,01,LOT-0000,cpv,45113000,,
2370d38a-4a55-40fd-880f-484ba02afa04,01,,cpv,71327000,,
2370d38a-4a55-40fd-880f-484ba02afa04,01,LOT-0000,cpv,71327000,,
cc0b1993-24c7-49b8-965b-2d87b7d6b61f,01,,cpv,18230000,18100000,
cc0b1993-24c7-49b8-965b-2d87b7d6b61f,01,LOT-0001,cpv,18113000,,
cc0b1993-24c7-49b8-965b-2d87b7d6b61f,01,LOT-0002,cpv,18113000,,
04ff402f-4285-41f8-8377-bac1364d2807,01,,cpv,90919300,"90911300,90911200",
04ff402f-4285-41f8-8377-bac1364d2807,01,LOT-0001,cpv,90919300,,
04ff402f-4285-41f8-8377-bac1364d2807,01,LOT-0002,cpv,90911300,,
d5be3ec2-f7c5-4017-bc4c-fae12b7f6ef7,01,,cpv,64110000,"64112000,64121100,64100000",
d5be3ec2-f7c5-4017-bc4c-fae12b7f6ef7,01,LOT-0001,cpv,64110000,64112000,
d5be3ec2-f7c5-4017-bc4c-fae12b7f6ef7,01,LOT-0002,cpv,64110000,64112000,
d5be3ec2-f7c5-4017-bc4c-fae12b7f6ef7,01,LOT-0003,cpv,64110000,64112000,
d5be3ec2-f7c5-4017-bc4c-fae12b7f6ef7,01,LOT-0004,cpv,64110000,64112000,
d5be3ec2-f7c5-4017-bc4c-fae12b7f6ef7,01,LOT-0005,cpv,64110000,"64100000,64112000,64121100",
ec979362-0650-4ab1-8069-b5eb25d72e28,01,,cpv,34940000,,
ec979362-0650-4ab1-8069-b5eb25d72e28,01,LOT-0000,cpv,34940000,,
9eac5c2d-a869-4f51-aa20-65d23c0c2d8d,01,,cpv,79611000,,
9eac5c2d-a869-4f51-aa20-65d23c0c2d8d,01,LOT-0000,cpv,79611000,,
7d420b5a-d751-4e71-8250-e817a7c35bc9,01,,cpv,45000000,"45323000,45422000,45422100",
7d420b5a-d751-4e71-8250-e817a7c35bc9,01,LOT-0001,cpv,45000000,"45323000,45422000,45422100",
de46f8cc-3e1b-45a8-a1fb-b0c56e7a468d,01,,cpv,38636100,,
de46f8cc-3e1b-45a8-a1fb-b0c56e7a468d,01,LOT-0000,cpv,38636100,,
0f40a536-3868-4c78-8710-e1a04df5dfdc,01,,cpv,45221112,,
0f40a536-3868-4c78-8710-e1a04df5dfdc,01,LOT-0001,cpv,45221112,,
81c6013b-1919-4756-861d-b75bb351baed,01,,cpv,79713000,,
81c6013b-1919-4756-861d-b75bb351baed,01,LOT-0001,cpv,79713000,,
acb8340a-bc54-4982-bae7-7945179d4c5e,02,,cpv,39100000,,
acb8340a-bc54-4982-bae7-7945179d4c5e,02,LOT-0001,cpv,39100000,,
8b68c9cd-becc-4aae-b266-0d8fd532adde,02,,cpv,72200000,,
8b68c9cd-becc-4aae-b266-0d8fd532adde,02,LOT-0001,cpv,72200000,,
169c17c4-4961-4faf-b265-cf241ade7b03,02,,cpv,34144210,,
169c17c4-4961-4faf-b265-cf241ade7b03,02,LOT-0001,cpv,34144210,,
8abc6569-ea2c-47c4-9535-5f7d00210f64,02,,cpv,79410000,,
8abc6569-ea2c-47c4-9535-5f7d00210f64,02,LOT-0001,cpv,79410000,,
8abc6569-ea2c-47c4-9535-5f7d00210f64,02,LOT-0002,cpv,79410000,,
ebf0316c-dc1d-4aff-9f0c-9601ef0834b6,02,,cpv,72413000,,
ebf0316c-dc1d-4aff-9f0c-9601ef0834b6,02,LOT-0001,cpv,72413000,,
a94fce7c-d20b-4801-a8a4-fa82599b306b,07,,cpv,44110000,,
a94fce7c-d20b-4801-a8a4-fa82599b306b,07,LOT-0000,cpv,44110000,,
d054f781-67a9-4059-8661-386f0f62f944,07,,cpv,09310000,,
d054f781-67a9-4059-8661-386f0f62f944,07,LOT-0000,cpv,09310000,,
f1b8b89e-0c34-489c-8605-e48d0d0a5cb1,01,,cpv,98310000,39518000,
f1b8b89e-0c34-489c-8605-e48d0d0a5cb1,01,LOT-0001,cpv,98310000,39518000,
9a8868e4-d7bb-4015-8909-1bf3484af77f,01,,cpv,38000000,,
9a8868e4-d7bb-4015-8909-1bf3484af77f,01,LOT-0001,cpv,38000000,,
10ab646d-012a-4acd-9d41-d2d5927addbb,01,,cpv,45311200,"45312000,45316000,45312100,45312200,45310000,45311000,45314000,45314300,45214210,45214200,45000000",
10ab646d-012a-4acd-9d41-d2d5927addbb,01,LOT-0001,cpv,45311200,"45312000,45316000,45312100,45310000,45310000,45311000,45314000,45314300,45214210,45214200,45000000",
91690441-2088-4e96-99df-2b8ad32e5a1b,01,,cpv,45234100,,
91690441-2088-4e96-99df-2b8ad32e5a1b,01,LOT-0001,cpv,45234100,,
ee3a9d8e-fe1e-4949-9e4a-4e9c190918de,01,,cpv,71240000,"71327000,71321000,71321200,71321300,71321400",
ee3a9d8e-fe1e-4949-9e4a-4e9c190918de,01,LOT-0001,cpv,71240000,"71320000,71000000,71200000",
ee3a9d8e-fe1e-4949-9e4a-4e9c190918de,01,LOT-0002,cpv,71240000,"71320000,71000000,71200000",
6626a339-d511-4a4c-b0a7-54a84a14e72e,01,,cpv,45211340,,
6626a339-d511-4a4c-b0a7-54a84a14e72e,01,LOT-0000,cpv,45211340,,
78a13158-21b8-4927-8497-55f095cffba6,01,,cpv,45432130,45432111,
78a13158-21b8-4927-8497-55f095cffba6,01,LOT-0001,cpv,45432130,45432111,
b74698a4-9f50-479c-b077-0a57c4ab0fb0,01,,cpv,90900000,"39532000,39530000",
b74698a4-9f50-479c-b077-0a57c4ab0fb0,01,LOT-0001,cpv,90900000,"39532000,39530000",
af09e797-6292-421c-b943-41d89a98d88e,01,,cpv,90900000,"39532000,39530000",
af09e797-6292-421c-b943-41d89a98d88e,01,LOT-0001,cpv,90900000,"39532000,39530000",
98597e19-5747-4c1b-988b-56cbc7418509,01,,cpv,71000000,,
98597e19-5747-4c1b-988b-56cbc7418509,01,LOT-0001,cpv,71000000,,
98597e19-5747-4c1b-988b-56cbc7418509,01,LOT-0002,cpv,71000000,,
991c04fe-ca10-4e6b-9304-0ad31b4757ed,01,,cpv,71000000,"71200000,71210000,71220000,71221000,71222000,71240000,71300000,71320000",
991c04fe-ca10-4e6b-9304-0ad31b4757ed,01,LOT-0001,cpv,71000000,"71200000,71210000,71220000,71221000,71222000,71240000,71300000,71320000",
37cdd9a6-65fb-4c7d-b7f5-ad7c7befc670,01,,cpv,45421141,,
37cdd9a6-65fb-4c7d-b7f5-ad7c7befc670,01,LOT-0001,cpv,45311000,,
e7ffd4a2-72f0-4c60-b831-c4b32143062c,01,,cpv,45111100,,
e7ffd4a2-72f0-4c60-b831-c4b32143062c,01,LOT-0000,cpv,45111100,,
31a68589-dbd6-413e-9508-5e94c897fcc7,01,,cpv,71000000,,
31a68589-dbd6-413e-9508-5e94c897fcc7,01,LOT-0001,cpv,71000000,,
9affc1f7-f387-4b6c-b221-a24ee46c41c6,01,,cpv,45234116,"34944000,45213300,45230000,45234113,45234160",
9affc1f7-f387-4b6c-b221-a24ee46c41c6,01,LOT-0001,cpv,45234116,"34944000,45213300,45230000,45234113,45234160,45221100,45221220",
6bbaf2c8-f9d8-42ff-8696-dff505cb0366,01,,cpv,90911000,,
6bbaf2c8-f9d8-42ff-8696-dff505cb0366,01,LOT-0000,cpv,90911000,,
46d59055-2d6b-4dd0-8259-86b3ae67397c,01,,cpv,45311000,,
46d59055-2d6b-4dd0-8259-86b3ae67397c,01,LOT-0000,cpv,45311000,,
f03cd7a8-f967-4d6c-8ce7-8fdc0ed14af6,01,,cpv,90919300,90911300,
f03cd7a8-f967-4d6c-8ce7-8fdc0ed14af6,01,LOT-0001,cpv,90919300,,
f03cd7a8-f967-4d6c-8ce7-8fdc0ed14af6,01,LOT-0002,cpv,90911300,,
3eb98c24-107b-4db4-9bc7-13790e23b295,01,,cpv,45000000,,
3eb98c24-107b-4db4-9bc7-13790e23b295,01,LOT-0001,cpv,45000000,,
d28f5c90-99bc-44f6-ab7f-b559d95655ec,01,,cpv,45315300,,
d28f5c90-99bc-44f6-ab7f-b559d95655ec,01,LOT-0000,cpv,45315300,,
0ef9519d-3c29-4818-a4de-74d9d2fafdd5,01,,cpv,45324000,45421146,
0ef9519d-3c29-4818-a4de-74d9d2fafdd5,01,LOT-0001,cpv,45324000,45421146,
01a0908b-72d0-4605-806b-700f82b26738,01,,cpv,72212451,,
01a0908b-72d0-4605-806b-700f82b26738,01,LOT-0001,cpv,72212451,,
008cde4f-7c6c-45cd-8286-9111985fe572,01,,cpv,79221000,,
008cde4f-7c6c-45cd-8286-9111985fe572,01,LOT-0001,cpv,79221000,,
4d70dd3a-19b8-45bb-8fe1-cc4dbf9f9bc0,01,,cpv,45420000,,
4d70dd3a-19b8-45bb-8fe1-cc4dbf9f9bc0,01,LOT-0001,cpv,45420000,,
3b86fd33-00b9-40dd-8ca9-ceabce92d4f0,01,,cpv,72250000,"72000000,72200000,72260000",
3b86fd33-00b9-40dd-8ca9-ceabce92d4f0,01,LOT-0001,cpv,72250000,"72000000,72200000,72260000",
fb31e81f-405c-4e29-a8ae-81702715ad54,01,,cpv,71240000,,
fb31e81f-405c-4e29-a8ae-81702715ad54,01,LOT-0001,cpv,71240000,,
f9a8f375-5a0b-4757-8f63-3bb02d515e15,01,,cpv,79710000,,
f9a8f375-5a0b-4757-8f63-3bb02d515e15,01,LOT-0001,cpv,79710000,,
f3b9c031-9495-43d1-98ae-9b6965e5dcd5,01,,cpv,34144200,,
f3b9c031-9495-43d1-98ae-9b6965e5dcd5,01,LOT-0001,cpv,34144200,,
c75374b3-68b2-4961-babf-eda69b82ddf5,01,,cpv,75000000,,
c75374b3-68b2-4961-babf-eda69b82ddf5,01,LOT-0000,cpv,75000000,,
eef2ee81-6ce1-44d3-a872-d7ef3172d45b,01,,cpv,30000000,"30213000,30214000",
eef2ee81-6ce1-44d3-a872-d7ef3172d45b,01,LOT-0001,cpv,30000000,"30213000,30214000",
72116ef8-f365-4654-a1ae-dad48639eca7,01,,cpv,22820000,"22000000,22440000",
72116ef8-f365-4654-a1ae-dad48639eca7,01,LOT-0001,cpv,22820000,,
72116ef8-f365-4654-a1ae-dad48639eca7,01,LOT-0002,cpv,22820000,,
72116ef8-f365-4654-a1ae-dad48639eca7,01,LOT-0003,cpv,22820000,,
d6edcf37-85e7-4c5d-aadd-631777267c50,01,,cpv,71327000,,
d6edcf37-85e7-4c5d-aadd-631777267c50,01,LOT-0001,cpv,71327000,,
1fae276e-8f0b-4dc6-86fe-d4f630f347b4,01,,cpv,48000000,"48223000,48329000",
1fae276e-8f0b-4dc6-86fe-d4f630f347b4,01,LOT-0001,cpv,48000000,"48223000,48329000",
2127b926-d426-4e4b-903f-6ca78cf49240,01,,cpv,45000000,45200000,
2127b926-d426-4e4b-903f-6ca78cf49240,01,LOT-0000,cpv,45000000,45200000,
b5167006-df6c-4516-b249-954d8e8f3df2,01,,cpv,45312310,,
b5167006-df6c-4516-b249-954d8e8f3df2,01,LOT-0000,cpv,45312310,,
00645247-2a18-4009-8d3c-86d79b0008cd,01,,cpv,72212000,,
00645247-2a18-4009-8d3c-86d79b0008cd,01,LOT-0001,cpv,72212000,,
41652100-e2a9-449d-b561-ec5cd19b8897,03,,cpv,35240000,,
41652100-e2a9-449d-b561-ec5cd19b8897,03,LOT-0000,cpv,35240000,,
afd9f95e-cfc5-4aa3-9657-683dc982242e,01,,cpv,45234100,,
afd9f95e-cfc5-4aa3-9657-683dc982242e,01,LOT-0001,cpv,45234100,,
bd789d45-0e90-47dc-bc95-938462f0599d,01,,cpv,71521000,,
bd789d45-0e90-47dc-bc95-938462f0599d,01,LOT-0001,cpv,71521000,,
bd789d45-0e90-47dc-bc95-938462f0599d,01,LOT-0002,cpv,71521000,,
bd789d45-0e90-47dc-bc95-938462f0599d,01,LOT-0003,cpv,71521000,,
bd789d45-0e90-47dc-bc95-938462f0599d,01,LOT-0004,cpv,71521000,,
9796d9b5-7bf5-46ad-8cfc-948b3723d87d,01,,cpv,79713000,,
9796d9b5-7bf5-46ad-8cfc-948b3723d87d,01,LOT-0000,cpv,79713000,,
c14fa2a8-76dc-437b-bf6c-bd43c83bb3c9,01,,cpv,45421131,,
c14fa2a8-76dc-437b-bf6c-bd43c83bb3c9,01,LOT-0001,cpv,45421131,,
01a0a3d5-6165-4f32-aef7-aa42a53416f8,01,,cpv,48800000,,
01a0a3d5-6165-4f32-aef7-aa42a53416f8,01,LOT-0001,cpv,48800000,,
f313e41a-4633-4ba7-b1be-e4a4adc5eb12,01,,cpv,71300000,"71000000,71320000,71321000,71321200",
f313e41a-4633-4ba7-b1be-e4a4adc5eb12,01,LOT-0001,cpv,71300000,"71000000,71320000,71321000,71321200",
77dd412a-f4af-4b1f-bc1b-77bcaf09e031,01,,cpv,45210000,,
77dd412a-f4af-4b1f-bc1b-77bcaf09e031,01,LOT-0001,cpv,45210000,,
74213ead-8e86-41f8-b1d4-eff6c6ab222a,01,,cpv,45330000,"45331110,45332400",
74213ead-8e86-41f8-b1d4-eff6c6ab222a,01,LOT-0001,cpv,45330000,"45331110,45332400",
f67484c6-0ea9-45ec-98f4-f1afe4c46ecf,01,,cpv,90911200,90911300,
f67484c6-0ea9-45ec-98f4-f1afe4c46ecf,01,LOT-0001,cpv,90911200,,
f67484c6-0ea9-45ec-98f4-f1afe4c46ecf,01,LOT-0002,cpv,90911300,,
dc8a5290-a8f6-4e7a-93be-cc3b6edf7b7f,01,,cpv,71350000,"71352140,71351710,71351200,71352100,71332000,71353100,71520000",
dc8a5290-a8f6-4e7a-93be-cc3b6edf7b7f,01,LOT-0000,cpv,71350000,71352140,
8712ead9-715a-4650-ab3e-b34384a3359a,01,,cpv,50700000,,
8712ead9-715a-4650-ab3e-b34384a3359a,01,LOT-0000,cpv,50700000,,
04f76f7a-e349-489a-a764-54850c2dea86,01,,cpv,71000000,"71300000,71320000,71321000,71321200,71321300,71321400,71322000",
04f76f7a-e349-489a-a764-54850c2dea86,01,LOT-0001,cpv,71000000,"71300000,71320000,71321000,71321200,71321300,71321400,71322000",
d3248030-a348-43c2-a9dd-1f1b9f890f0d,01,,cpv,34142200,,
d3248030-a348-43c2-a9dd-1f1b9f890f0d,01,LOT-0001,cpv,34142200,,
d3248030-a348-43c2-a9dd-1f1b9f890f0d,01,LOT-0002,cpv,34142200,,
d3248030-a348-43c2-a9dd-1f1b9f890f0d,01,LOT-0003,cpv,34142200,,
d3248030-a348-43c2-a9dd-1f1b9f890f0d,01,LOT-0004,cpv,34142200,,
d3248030-a348-43c2-a9dd-1f1b9f890f0d,01,LOT-0005,cpv,34142200,,
d3248030-a348-43c2-a9dd-1f1b9f890f0d,01,LOT-0006,cpv,34142200,,
d3248030-a348-43c2-a9dd-1f1b9f890f0d,01,LOT-0007,cpv,34142200,,
d3248030-a348-43c2-a9dd-1f1b9f890f0d,01,LOT-0008,cpv,34142200,,
d3248030-a348-43c2-a9dd-1f1b9f890f0d,01,LOT-0009,cpv,34142200,,
d3248030-a348-43c2-a9dd-1f1b9f890f0d,01,LOT-0010,cpv,34142200,,
d3248030-a348-43c2-a9dd-1f1b9f890f0d,01,LOT-0011,cpv,34142200,,
d3248030-a348-43c2-a9dd-1f1b9f890f0d,01,LOT-0012,cpv,34142200,,
d3248030-a348-43c2-a9dd-1f1b9f890f0d,01,LOT-0013,cpv,34142200,,
d3248030-a348-43c2-a9dd-1f1b9f890f0d,01,LOT-0014,cpv,34142200,,
d3248030-a348-43c2-a9dd-1f1b9f890f0d,01,LOT-0015,cpv,34142200,,
d3248030-a348-43c2-a9dd-1f1b9f890f0d,01,LOT-0016,cpv,34142200,,
d3248030-a348-43c2-a9dd-1f1b9f890f0d,01,LOT-0017,cpv,34142200,,
d3248030-a348-43c2-a9dd-1f1b9f890f0d,01,LOT-0018,cpv,34142200,,
58ff65ad-ad0d-43da-9705-373a3e18d3db,01,,cpv,45350000,,
58ff65ad-ad0d-43da-9705-373a3e18d3db,01,LOT-0000,cpv,45350000,,
cd3f20d9-6470-470f-9daa-4132a2932046,01,,cpv,45000000,,
cd3f20d9-6470-470f-9daa-4132a2932046,01,PAR-0001,cpv,45000000,,
43f1eed3-92c4-4888-a2ae-b1de0485dec9,01,,cpv,34144511,,
43f1eed3-92c4-4888-a2ae-b1de0485dec9,01,LOT-0001,cpv,34144511,,
43f1eed3-92c4-4888-a2ae-b1de0485dec9,01,LOT-0002,cpv,34144511,,
cba98c7f-e41f-4ab9-81b8-7a3319fc583a,01,,cpv,45315100,,
cba98c7f-e41f-4ab9-81b8-7a3319fc583a,01,LOT-0000,,,,
c76203cb-e304-450e-ab70-f351183aeb21,01,,cpv,45000000,,
c76203cb-e304-450e-ab70-f351183aeb21,01,LOT-0000,cpv,45000000,,
c0a87660-19a6-44c1-bbc8-c7fec1c7615d,01,,cpv,60130000,,
c0a87660-19a6-44c1-bbc8-c7fec1c7615d,01,LOT-0001,cpv,60130000,,
c0a87660-19a6-44c1-bbc8-c7fec1c7615d,01,LOT-0002,cpv,60130000,,
c0a87660-19a6-44c1-bbc8-c7fec1c7615d,01,LOT-0003,cpv,60130000,,
43e6cc1d-3b21-45dd-9238-1a0c606cbdac,01,,cpv,71320000,71240000,
43e6cc1d-3b21-45dd-9238-1a0c606cbdac,01,LOT-0001,cpv,71320000,71240000,
6f3b35b2-71c9-4abb-a5de-426cf16e85d8,01,,cpv,45431000,,
6f3b35b2-71c9-4abb-a5de-426cf16e85d8,01,LOT-0000,,,,
81db0040-7ed0-434a-947e-7113d2568512,01,,cpv,45221110,,
81db0040-7ed0-434a-947e-7113d2568512,01,LOT-0001,cpv,45221110,,
7ee8c71e-6e5c-48b4-bbd0-68c027e3724d,01,,cpv,71314100,"71520000,71521000,71300000,71318100,71323100",
7ee8c71e-6e5c-48b4-bbd0-68c027e3724d,01,LOT-0001,cpv,71314100,"71520000,71521000,71300000,71318100,71323100",
252e2ba7-7660-4d37-a9f0-0247365d28f8,01,,cpv,34100000,"34110000,34144900",
252e2ba7-7660-4d37-a9f0-0247365d28f8,01,LOT-0001,cpv,34100000,"34144900,66114000",
252e2ba7-7660-4d37-a9f0-0247365d28f8,01,LOT-0002,cpv,34100000,,
252e2ba7-7660-4d37-a9f0-0247365d28f8,01,LOT-0003,cpv,34100000,,
252e2ba7-7660-4d37-a9f0-0247365d28f8,01,LOT-0004,cpv,34100000,,
252e2ba7-7660-4d37-a9f0-0247365d28f8,01,LOT-0005,cpv,34100000,,
252e2ba7-7660-4d37-a9f0-0247365d28f8,01,LOT-0006,cpv,34100000,,
470072e8-59d4-460e-83d7-7ef747d9690f,01,,cpv,44212300,45223210,
470072e8-59d4-460e-83d7-7ef747d9690f,01,LOT-0001,cpv,44212300,45223210,
c3a9b49a-2f04-4f8c-8eb2-c8341bbafabe,01,,cpv,45331210,,
c3a9b49a-2f04-4f8c-8eb2-c8341bbafabe,01,LOT-0000,cpv,45331210,,
2339bde4-829b-43aa-b216-c75c2496c85f,01,,cpv,45324000,,
2339bde4-829b-43aa-b216-c75c2496c85f,01,LOT-0001,cpv,45324000,,
f543cff6-5e02-459b-9d43-6a78f2f61da8,01,,cpv,71300000,"71351500,71351710,71351910,71610000",
f543cff6-5e02-459b-9d43-6a78f2f61da8,01,LOT-0001,cpv,71300000,"71351500,71351710,71351910,71610000",
97e862d6-eeca-4870-8e35-1ec6806240b8,01,,cpv,32322000,"30231300,39162110,30237200,30213200",
97e862d6-eeca-4870-8e35-1ec6806240b8,01,LOT-0001,cpv,30231300,,
97e862d6-eeca-4870-8e35-1ec6806240b8,01,LOT-0002,cpv,30237200,,
97e862d6-eeca-4870-8e35-1ec6806240b8,01,LOT-0003,cpv,30231300,,
97e862d6-eeca-4870-8e35-1ec6806240b8,01,LOT-0004,cpv,30213200,,
fae26baa-4795-4ee7-95a1-db6fa841d07a,01,,cpv,71300000,"92534000,90700000",
fae26baa-4795-4ee7-95a1-db6fa841d07a,01,LOT-0001,cpv,71300000,,
fae26baa-4795-4ee7-95a1-db6fa841d07a,01,LOT-0002,cpv,71300000,,
fae26baa-4795-4ee7-95a1-db6fa841d07a,01,LOT-0003,cpv,71300000,,
fae26baa-4795-4ee7-95a1-db6fa841d07a,01,LOT-0004,cpv,71300000,,
fae26baa-4795-4ee7-95a1-db6fa841d07a,01,LOT-0005,cpv,71300000,,
fae26baa-4795-4ee7-95a1-db6fa841d07a,01,LOT-0006,cpv,71300000,,
fae26baa-4795-4ee7-95a1-db6fa841d07a,01,LOT-0007,cpv,71300000,,
fae26baa-4795-4ee7-95a1-db6fa841d07a,01,LOT-0008,cpv,71300000,,
fae26baa-4795-4ee7-95a1-db6fa841d07a,01,LOT-0009,cpv,71300000,,
fae26baa-4795-4ee7-95a1-db6fa841d07a,01,LOT-0010,cpv,71300000,,
fae26baa-4795-4ee7-95a1-db6fa841d07a,01,LOT-0011,cpv,71300000,,
fae26baa-4795-4ee7-95a1-db6fa841d07a,01,LOT-0012,cpv,71300000,,
fae26baa-4795-4ee7-95a1-db6fa841d07a,01,LOT-0013,cpv,71300000,,
fae26baa-4795-4ee7-95a1-db6fa841d07a,01,LOT-0014,cpv,71300000,,
fae26baa-4795-4ee7-95a1-db6fa841d07a,01,LOT-0015,cpv,71300000,,
fae26baa-4795-4ee7-95a1-db6fa841d07a,01,LOT-0016,cpv,71300000,,
fae26baa-4795-4ee7-95a1-db6fa841d07a,01,LOT-0017,cpv,71300000,,
fae26baa-4795-4ee7-95a1-db6fa841d07a,01,LOT-0018,cpv,71300000,,
fae26baa-4795-4ee7-95a1-db6fa841d07a,01,LOT-0019,cpv,71300000,,
fae26baa-4795-4ee7-95a1-db6fa841d07a,01,LOT-0020,cpv,71300000,,
fae26baa-4795-4ee7-95a1-db6fa841d07a,01,LOT-0021,cpv,71300000,,
fae26baa-4795-4ee7-95a1-db6fa841d07a,01,LOT-0022,cpv,71300000,,
fae26baa-4795-4ee7-95a1-db6fa841d07a,01,LOT-0023,cpv,71300000,,
fae26baa-4795-4ee7-95a1-db6fa841d07a,01,LOT-0024,cpv,71300000,,
fae26baa-4795-4ee7-95a1-db6fa841d07a,01,LOT-0025,cpv,71300000,,
fae26baa-4795-4ee7-95a1-db6fa841d07a,01,LOT-0026,cpv,71300000,,
fae26baa-4795-4ee7-95a1-db6fa841d07a,01,LOT-0027,cpv,71300000,,
fae26baa-4795-4ee7-95a1-db6fa841d07a,01,LOT-0028,cpv,71300000,,
ad444921-a025-4950-b270-afc0dd34dd39,01,,cpv,45000000,,
ad444921-a025-4950-b270-afc0dd34dd39,01,LOT-0000,cpv,45000000,,
b86b2a2d-f22f-4843-9c9e-47873e5a5838,01,,cpv,45233120,,
b86b2a2d-f22f-4843-9c9e-47873e5a5838,01,LOT-0000,cpv,45233120,,
5d148dca-836a-4cbe-8ad5-ef933ebbaa3b,01,,cpv,60600000,45314300,
5d148dca-836a-4cbe-8ad5-ef933ebbaa3b,01,LOT-0001,cpv,60600000,45314300,
5d148dca-836a-4cbe-8ad5-ef933ebbaa3b,01,LOT-0002,cpv,60600000,45314300,
5d148dca-836a-4cbe-8ad5-ef933ebbaa3b,01,LOT-0003,cpv,60600000,45314300,
5d148dca-836a-4cbe-8ad5-ef933ebbaa3b,01,LOT-0004,cpv,60600000,45314300,
5d148dca-836a-4cbe-8ad5-ef933ebbaa3b,01,LOT-0005,cpv,50532400,45314300,
5d148dca-836a-4cbe-8ad5-ef933ebbaa3b,01,LOT-0006,cpv,50532400,45314300,
fddd9d32-d79e-4c0e-b40e-8d14b7ca2629,01,,cpv,98310000,,
fddd9d32-d79e-4c0e-b40e-8d14b7ca2629,01,LOT-0000,cpv,98310000,,
d4619e7b-8b9e-4a4f-a8e2-fa3fbe3dcb44,01,,cpv,71300000,,
d4619e7b-8b9e-4a4f-a8e2-fa3fbe3dcb44,01,LOT-0000,cpv,71300000,,
7b584af3-cd7a-4fa9-be87-2fa6755c77f4,01,,cpv,45111230,,
7b584af3-cd7a-4fa9-be87-2fa6755c77f4,01,LOT-0001,cpv,45111230,,
c4e11c05-c40c-401c-b0f0-a479f42067b7,01,,cpv,45421100,,
c4e11c05-c40c-401c-b0f0-a479f42067b7,01,LOT-0001,cpv,45421100,,
193c6052-b39c-4044-9fec-9669ee69dfd8,01,,cpv,45000000,,
193c6052-b39c-4044-9fec-9669ee69dfd8,01,LOT-0000,cpv,45000000,,
2e8cce13-269e-4558-8b56-8c992ec1e00b,01,,cpv,34144210,34144213,
2e8cce13-269e-4558-8b56-8c992ec1e00b,01,LOT-0001,cpv,34144210,34144213,
8ec97d74-8d96-4e6a-a0e8-c75d7647570b,01,,cpv,45234100,45232210,
8ec97d74-8d96-4e6a-a0e8-c75d7647570b,01,LOT-0001,cpv,45232210,45234100,
8ec97d74-8d96-4e6a-a0e8-c75d7647570b,01,LOT-0002,cpv,45232210,45234100,
8ec97d74-8d96-4e6a-a0e8-c75d7647570b,01,LOT-0003,cpv,45232210,45234100,
8ec97d74-8d96-4e6a-a0e8-c75d7647570b,01,LOT-0004,cpv,45232210,45234100,
90f332ed-04ca-467f-9af8-5e6e8e9ac165,01,,cpv,45421131,,
90f332ed-04ca-467f-9af8-5e6e8e9ac165,01,LOT-0000,cpv,45421131,,
3c3b2519-5588-45d3-a0ca-9d0e5dada4ce,01,,cpv,45200000,"45214000,45431000",
3c3b2519-5588-45d3-a0ca-9d0e5dada4ce,01,LOT-0000,cpv,45200000,"45214000,45431000",
fe0bd50e-647d-4bce-916a-4be5863cb38a,01,,cpv,45214000,"71314300,71320000",
fe0bd50e-647d-4bce-916a-4be5863cb38a,01,PAR-0001,cpv,45214000,"71314300,71320000",
8bc44cd7-7b10-4f1d-84b6-c2b84c99bd77,01,,cpv,80570000,,
8bc44cd7-7b10-4f1d-84b6-c2b84c99bd77,01,LOT-0000,cpv,80570000,,
e9684303-556d-4be9-b2f7-525e90f7aa61,01,,cpv,45261410,45261300,
e9684303-556d-4be9-b2f7-525e90f7aa61,01,LOT-0001,cpv,45261410,45261300,
39451e83-34bc-4104-841d-204bcaf0bfb1,01,,cpv,45311000,"45311200,45314310",
39451e83-34bc-4104-841d-204bcaf0bfb1,01,LOT-0001,cpv,45311000,"45311200,45314310",
08738828-2406-4dee-b294-31c6c16f7568,01,,cpv,33140000,18100000,
08738828-2406-4dee-b294-31c6c16f7568,01,LOT-0001,cpv,33140000,18100000,
08738828-2406-4dee-b294-31c6c16f7568,01,LOT-0002,cpv,33140000,18100000,
08738828-2406-4dee-b294-31c6c16f7568,01,LOT-0003,cpv,33140000,18100000,
08738828-2406-4dee-b294-31c6c16f7568,01,LOT-0004,cpv,33140000,18100000,
08738828-2406-4dee-b294-31c6c16f7568,01,LOT-0005,cpv,33140000,18100000,
fffa5d0a-0257-4e98-b6e8-6a182061357d,01,,cpv,45000000,"45230000,45231000,45233120,45247110,45310000",
fffa5d0a-0257-4e98-b6e8-6a182061357d,01,LOT-0001,cpv,45000000,"45230000,45231000,45233120,45247110,45310000",
b6497276-a5eb-4c66-ac56-f86604960788,01,,cpv,45000000,"45331210,45331200,42520000,42521000,45331220",
b6497276-a5eb-4c66-ac56-f86604960788,01,LOT-0001,cpv,45000000,"45331210,45331200,42520000,42521000,45331220",
ca24ac0c-3c27-491e-a1e7-908958fd804d,01,,cpv,34144510,,
ca24ac0c-3c27-491e-a1e7-908958fd804d,01,LOT-0001,cpv,34144510,,
9847632d-4a97-4aaa-ad2a-30e63db92be3,01,,cpv,73100000,,
9847632d-4a97-4aaa-ad2a-30e63db92be3,01,LOT-0000,cpv,73100000,,
01a0a444-1c07-471e-b755-941f4becd2ee,01,,cpv,42414000,"45241000,45223100",
01a0a444-1c07-471e-b755-941f4becd2ee,01,LOT-0001,cpv,42414000,"45241000,45223100",
c5130c2b-46f7-4e0e-9809-68b19283cd29,01,,cpv,50600000,"50000000,50630000",
c5130c2b-46f7-4e0e-9809-68b19283cd29,01,LOT-0001,cpv,50600000,"50000000,50630000",
c5130c2b-46f7-4e0e-9809-68b19283cd29,01,LOT-0002,cpv,50600000,"50000000,50630000",
c5130c2b-46f7-4e0e-9809-68b19283cd29,01,LOT-0003,cpv,50600000,"50000000,50630000",
c5130c2b-46f7-4e0e-9809-68b19283cd29,01,LOT-0004,cpv,50600000,"50000000,50630000",
7267f9d3-1956-47a5-82d7-7d2d914a3ec0,01,,cpv,38433300,,
7267f9d3-1956-47a5-82d7-7d2d914a3ec0,01,LOT-0001,cpv,38433300,,
f38209f9-e539-4f4b-a401-83eb750ae9df,01,,cpv,45112710,45233250,
f38209f9-e539-4f4b-a401-83eb750ae9df,01,LOT-0001,cpv,45112710,45233250,
1594f91b-44f6-456a-a325-ad98833404bc,01,,cpv,45000000,,
1594f91b-44f6-456a-a325-ad98833404bc,01,LOT-0000,cpv,45000000,,
0430fc54-6625-452c-aaf0-0a8cbd97d010,01,,cpv,45234100,,
0430fc54-6625-452c-aaf0-0a8cbd97d010,01,LOT-0001,cpv,45234100,,
da4582b1-8a28-481e-83a6-878d3f239556,01,,cpv,45314300,,
da4582b1-8a28-481e-83a6-878d3f239556,01,LOT-0001,cpv,45314300,,
12d399d4-743f-4ef9-8d50-661c788e7327,01,,cpv,71300000,,
12d399d4-743f-4ef9-8d50-661c788e7327,01,LOT-0001,cpv,71300000,,
7ad430a7-26c5-4230-9ff4-1e948502c5e4,01,,cpv,33600000,,
7ad430a7-26c5-4230-9ff4-1e948502c5e4,01,LOT-0001,cpv,33600000,,
7ad430a7-26c5-4230-9ff4-1e948502c5e4,01,LOT-0002,cpv,33600000,,
7ad430a7-26c5-4230-9ff4-1e948502c5e4,01,LOT-0003,cpv,33600000,,
7ad430a7-26c5-4230-9ff4-1e948502c5e4,01,LOT-0004,cpv,33600000,,
7ad430a7-26c5-4230-9ff4-1e948502c5e4,01,LOT-0005,cpv,33600000,,
7ad430a7-26c5-4230-9ff4-1e948502c5e4,01,LOT-0006,cpv,33600000,,
7ad430a7-26c5-4230-9ff4-1e948502c5e4,01,LOT-0007,cpv,33600000,,
7ad430a7-26c5-4230-9ff4-1e948502c5e4,01,LOT-0008,cpv,33600000,,
7ad430a7-26c5-4230-9ff4-1e948502c5e4,01,LOT-0009,cpv,33600000,,
7ad430a7-26c5-4230-9ff4-1e948502c5e4,01,LOT-0010,cpv,33600000,,
7ad430a7-26c5-4230-9ff4-1e948502c5e4,01,LOT-0011,cpv,33600000,,
7ad430a7-26c5-4230-9ff4-1e948502c5e4,01,LOT-0012,cpv,33600000,,
7ad430a7-26c5-4230-9ff4-1e948502c5e4,01,LOT-0013,cpv,33600000,,
7ad430a7-26c5-4230-9ff4-1e948502c5e4,01,LOT-0014,cpv,33600000,,
7ad430a7-26c5-4230-9ff4-1e948502c5e4,01,LOT-0015,cpv,33600000,,
7ad430a7-26c5-4230-9ff4-1e948502c5e4,01,LOT-0016,cpv,33600000,,
7ad430a7-26c5-4230-9ff4-1e948502c5e4,01,LOT-0017,cpv,33600000,,
7ad430a7-26c5-4230-9ff4-1e948502c5e4,01,LOT-0018,cpv,33600000,,
7ad430a7-26c5-4230-9ff4-1e948502c5e4,01,LOT-0019,cpv,33600000,,
7ad430a7-26c5-4230-9ff4-1e948502c5e4,01,LOT-0020,cpv,33600000,,
7ad430a7-26c5-4230-9ff4-1e948502c5e4,01,LOT-0021,cpv,33600000,,
dc92350b-924f-472a-8ea4-53cee8ca4be7,01,,cpv,45311200,,
dc92350b-924f-472a-8ea4-53cee8ca4be7,01,LOT-0001,cpv,45311200,,
0ae13d17-8a39-4471-8be3-4cd0f7b60d7f,01,,cpv,71000000,,
0ae13d17-8a39-4471-8be3-4cd0f7b60d7f,01,LOT-0000,cpv,71000000,,
47e9847c-09f7-46c9-8624-15b5de8a8f62,01,,cpv,71356100,,
47e9847c-09f7-46c9-8624-15b5de8a8f62,01,LOT-0001,cpv,71356100,,
47e9847c-09f7-46c9-8624-15b5de8a8f62,01,LOT-0002,cpv,71356100,,
e6363aeb-0f90-4733-b245-4001b55ec7e6,01,,cpv,45234100,,
e6363aeb-0f90-4733-b245-4001b55ec7e6,01,LOT-0001,cpv,45234100,,
8ddab506-cf1b-4137-8c4e-d9def6330a29,01,,cpv,33162000,,
8ddab506-cf1b-4137-8c4e-d9def6330a29,01,LOT-0000,cpv,33162000,,
e2adf39c-21d6-4694-b513-9f76df32f968,01,,cpv,34144000,,
e2adf39c-21d6-4694-b513-9f76df32f968,01,LOT-0000,cpv,34144000,,
dbcf653b-8029-4098-a109-9b62fa738deb,01,,cpv,45432000,45320000,
dbcf653b-8029-4098-a109-9b62fa738deb,01,LOT-0000,cpv,45432000,45320000,
d18415b2-37c4-4bb8-bca6-73e36fa44adf,01,,cpv,45431000,,
d18415b2-37c4-4bb8-bca6-73e36fa44adf,01,LOT-0001,cpv,45431000,,
de39d29e-8132-47bb-a227-fe06507d0371,01,,cpv,71000000,,
de39d29e-8132-47bb-a227-fe06507d0371,01,LOT-0001,cpv,71000000,,
763c3a53-9692-49bb-add0-43db1fd0f91d,01,,cpv,45212320,"50860000,37311300,45212000,45212300,45000000",
763c3a53-9692-49bb-add0-43db1fd0f91d,01,LOT-0001,cpv,45212320,"50860000,37311300,45212000,45212300,45000000",
810e6512-9092-4f9a-a6ab-93befebd7864,01,,cpv,38341300,,
810e6512-9092-4f9a-a6ab-93befebd7864,01,LOT-0001,cpv,38341300,,
d29a2896-ac0d-4e81-87ca-6bca68477b0e,01,,cpv,79820000,,
d29a2896-ac0d-4e81-87ca-6bca68477b0e,01,LOT-0001,cpv,79820000,,
69f42806-87d3-4f16-88fb-96f6bdee1dc0,01,,cpv,75000000,75211200,
69f42806-87d3-4f16-88fb-96f6bdee1dc0,01,LOT-0001,cpv,75000000,75211200,
6b0f4674-e061-4675-a513-14d54862e182,01,,cpv,72212520,72212100,
6b0f4674-e061-4675-a513-14d54862e182,01,LOT-0001,cpv,72212520,72212100,
95906661-a883-4219-9c5f-e89d254ce70b,01,,cpv,45234116,,
95906661-a883-4219-9c5f-e89d254ce70b,01,LOT-0001,cpv,45234116,,
f9402825-f213-40c8-8453-1ad29277d8f7,01,,cpv,45421100,45421148,
f9402825-f213-40c8-8453-1ad29277d8f7,01,LOT-0000,cpv,45421100,45421148,
8af347ed-e0b4-414f-8662-44a1be1556e0,01,,cpv,45262212,,
8af347ed-e0b4-414f-8662-44a1be1556e0,01,LOT-0001,cpv,45262212,,
06d24af2-412b-48d0-b33c-74005b9380fe,01,,cpv,32424000,,
06d24af2-412b-48d0-b33c-74005b9380fe,01,LOT-0001,cpv,32424000,,
9506b95b-d588-4533-82ec-3e555f728b64,01,,cpv,90911000,"90911200,90911300",
9506b95b-d588-4533-82ec-3e555f728b64,01,LOT-0001,cpv,90911200,,
9506b95b-d588-4533-82ec-3e555f728b64,01,LOT-0002,cpv,90911200,,
9506b95b-d588-4533-82ec-3e555f728b64,01,LOT-0003,cpv,90911200,,
9506b95b-d588-4533-82ec-3e555f728b64,01,LOT-0004,cpv,90911200,,
9506b95b-d588-4533-82ec-3e555f728b64,01,LOT-0005,cpv,90911300,,
20133507-4613-4ebd-95da-8a2f57f0d895,01,,cpv,48000000,"48931000,72263000",
20133507-4613-4ebd-95da-8a2f57f0d895,01,LOT-0001,cpv,48000000,"48931000,72263000",
6022c182-3498-4ed0-9f3e-56e8ed37b231,01,,cpv,79710000,,
6022c182-3498-4ed0-9f3e-56e8ed37b231,01,LOT-0000,cpv,79710000,,
de65c969-dd52-4814-9c62-5b1b54856a7a,01,,cpv,48814000,,
de65c969-dd52-4814-9c62-5b1b54856a7a,01,LOT-0000,cpv,48814000,,
b8978155-5df0-4743-a47b-17b326208f78,01,,cpv,48000000,,
b8978155-5df0-4743-a47b-17b326208f78,01,LOT-0001,cpv,48000000,,
0cd5762f-6d15-42d5-bb02-89240c990c72,01,,cpv,42990000,,
0cd5762f-6d15-42d5-bb02-89240c990c72,01,LOT-0001,cpv,42990000,,
0cd5762f-6d15-42d5-bb02-89240c990c72,01,LOT-0002,cpv,42990000,,
638de82a-f853-4b99-b7f6-276f72d8f122,01,,cpv,48000000,,
638de82a-f853-4b99-b7f6-276f72d8f122,01,LOT-0001,cpv,48000000,,
8850e2ed-8211-4877-8ce3-ab6cabf3515f,01,,cpv,45262330,,
8850e2ed-8211-4877-8ce3-ab6cabf3515f,01,LOT-0001,cpv,45262330,,
625720a2-3dcb-4a88-b391-48aa63d0a10f,01,,cpv,45000000,"45421130,45421132,45421131,45421140,45421145,44221220",
625720a2-3dcb-4a88-b391-48aa63d0a10f,01,LOT-0001,cpv,45000000,"45421130,45421132,45421131,45421140,45421145,44221220",
dd8c3ec5-5ab2-46cc-b703-5ad9f5ae6000,01,,cpv,45000000,,
dd8c3ec5-5ab2-46cc-b703-5ad9f5ae6000,01,LOT-0001,cpv,45000000,,
d86840df-3303-4c19-a3d3-777ee6813b73,01,,cpv,34100000,,
d86840df-3303-4c19-a3d3-777ee6813b73,01,LOT-0000,cpv,34100000,,
a72e859e-1800-4833-813a-9247ffdf31e7,01,,cpv,09000000,,
a72e859e-1800-4833-813a-9247ffdf31e7,01,LOT-0001,cpv,09000000,,
49715446-c1da-4691-9ef4-4f898af7c008,01,,cpv,34100000,"34144000,34144200",
49715446-c1da-4691-9ef4-4f898af7c008,01,LOT-0000,cpv,34100000,"34144000,34144200",
4c8b8d25-5ca8-4a24-af95-19a6f5a0b651,01,,cpv,71000000,71321000,
4c8b8d25-5ca8-4a24-af95-19a6f5a0b651,01,LOT-0000,cpv,71000000,71321000,
d617515d-c861-42af-a1db-efb077422ddd,01,,cpv,72000000,48000000,
d617515d-c861-42af-a1db-efb077422ddd,01,LOT-0001,cpv,72000000,48000000,
48ad93c1-a5ef-48ec-b699-689d0bc29a11,01,,cpv,85310000,"85000000,85300000,85311300,85312100,85320000,98133000",
48ad93c1-a5ef-48ec-b699-689d0bc29a11,01,LOT-0001,cpv,85310000,"85000000,85300000,85311300,85312100,85320000,98133000",
8eece87c-c8ed-4c58-8424-4bfc2e480153,01,,cpv,71300000,,
8eece87c-c8ed-4c58-8424-4bfc2e480153,01,LOT-0001,cpv,71300000,,
a01b6767-8cce-49dc-b347-29b2254182ba,01,,cpv,66500000,,
a01b6767-8cce-49dc-b347-29b2254182ba,01,LOT-0001,cpv,66500000,,
a01b6767-8cce-49dc-b347-29b2254182ba,01,LOT-0002,cpv,66500000,,
a01b6767-8cce-49dc-b347-29b2254182ba,01,LOT-0003,cpv,66500000,,
ea0e049a-a32c-4310-aeb3-6f1f61ea8b6c,01,,cpv,71240000,,
ea0e049a-a32c-4310-aeb3-6f1f61ea8b6c,01,LOT-0001,cpv,71240000,,
2f3259ec-494a-445b-8973-8e88ea4d982b,01,,cpv,45331100,,
2f3259ec-494a-445b-8973-8e88ea4d982b,01,LOT-0000,cpv,45331100,,
5d629036-f05a-4442-bf94-3393a3cbddba,01,,cpv,71300000,"71240000,71320000,71221000,71322000,71321000,71321200,71323200",
5d629036-f05a-4442-bf94-3393a3cbddba,01,LOT-0001,cpv,71300000,,
5d629036-f05a-4442-bf94-3393a3cbddba,01,LOT-0002,cpv,71300000,,
8d4a29da-6d95-436d-a0f7-26429bbf0f10,01,,cpv,45234100,"34944000,45000000,45200000,45221250,45234116,45234160,45311000,45314300,45314310",
8d4a29da-6d95-436d-a0f7-26429bbf0f10,01,LOT-0001,cpv,45234100,"34944000,45000000,45112700,45200000,45210000,45213321,45220000,45221112,45221200,45221243,45221250,45223000,45223200,45223220,45234116,45234160,45259900,45261213,45311000,45314300,45314310,45332400,45453100",
8d4a29da-6d95-436d-a0f7-26429bbf0f10,01,LOT-0002,cpv,45234100,"34944000,45000000,45112700,45200000,45210000,45213321,45220000,45221112,45221200,45221243,45221250,45223000,45223200,45223220,45234116,45234160,45259900,45261213,45311000,45314300,45314310,45332400,45453100",
8d4a29da-6d95-436d-a0f7-26429bbf0f10,01,LOT-0003,cpv,45234100,"34944000,45000000,45112700,45200000,45210000,45213321,45220000,45221112,45221200,45221243,45221250,45223000,45223200,45223220,45234116,45234160,45259900,45261213,45311000,45314300,45314310,45332400,45453100",
ec8e8be2-d6eb-4729-8d2d-09bbef6c68a8,01,,cpv,98310000,35110000,
ec8e8be2-d6eb-4729-8d2d-09bbef6c68a8,01,LOT-0001,cpv,98310000,35110000,
bcc8ba50-6f9a-4203-b1b0-8e47f17b1d21,01,,cpv,34144210,34144211,
bcc8ba50-6f9a-4203-b1b0-8e47f17b1d21,01,LOT-0001,cpv,34144210,34144211,
443b1f65-33e9-470e-a0d4-bdfbe75a3894,01,,cpv,90911200,,
443b1f65-33e9-470e-a0d4-bdfbe75a3894,01,LOT-0001,cpv,90911200,,
443b1f65-33e9-470e-a0d4-bdfbe75a3894,01,LOT-0002,cpv,90911200,,
58eb916b-42e7-4bae-a968-f2441fbbdf8e,01,,cpv,71400000,,
58eb916b-42e7-4bae-a968-f2441fbbdf8e,01,LOT-0001,cpv,71400000,,
5b4b6b5d-0392-497a-9434-6a4c80f1c9ed,01,,cpv,30231310,,
5b4b6b5d-0392-497a-9434-6a4c80f1c9ed,01,LOT-0000,cpv,30231310,,
6567e7d7-a73f-4743-95cc-1d79924e3da6,01,,cpv,45234100,,
6567e7d7-a73f-4743-95cc-1d79924e3da6,01,LOT-0001,cpv,45234100,,
fd32bf75-380b-4526-8219-1452e28c6aab,01,,cpv,79710000,,
fd32bf75-380b-4526-8219-1452e28c6aab,01,LOT-0000,cpv,79710000,,
6f53dfab-2e5b-4d3c-8c90-51b0e179ed28,01,,cpv,72000000,,
6f53dfab-2e5b-4d3c-8c90-51b0e179ed28,01,LOT-0001,cpv,72000000,,
6f53dfab-2e5b-4d3c-8c90-51b0e179ed28,01,LOT-0002,cpv,72000000,,
455f167a-a4f5-4731-9358-f35e7a72bbd8,01,,cpv,09123000,,
455f167a-a4f5-4731-9358-f35e7a72bbd8,01,LOT-0001,cpv,09123000,,
c1420ad3-d5ad-45b3-aebd-ed9669ffe8fa,01,,cpv,71221000,,
c1420ad3-d5ad-45b3-aebd-ed9669ffe8fa,01,LOT-0001,cpv,71221000,,
d2d48dc2-f531-4bcd-999c-62b90579b79f,01,,cpv,34144511,"34144510,34144512",
d2d48dc2-f531-4bcd-999c-62b90579b79f,01,LOT-0001,cpv,34144511,"34144512,34144510",
d2d48dc2-f531-4bcd-999c-62b90579b79f,01,LOT-0002,cpv,34144511,"34144510,34144512",
d2d48dc2-f531-4bcd-999c-62b90579b79f,01,LOT-0003,cpv,34144511,"34144510,34144512",
d2d48dc2-f531-4bcd-999c-62b90579b79f,01,LOT-0004,cpv,34144511,"34144510,34144512",
915313db-1a99-4a68-802f-f0707033240b,01,,cpv,45442100,,
915313db-1a99-4a68-802f-f0707033240b,01,LOT-0000,cpv,45442100,,
ed6675ff-7b24-4be8-8fe8-77d6714633f2,01,,cpv,45214220,"45262800,45421111,45421131",
ed6675ff-7b24-4be8-8fe8-77d6714633f2,01,LOT-0001,cpv,45214220,"45262800,45421111,45421131",
326d396e-a357-4ff6-8360-829eeff56814,01,,cpv,72268000,,
326d396e-a357-4ff6-8360-829eeff56814,01,LOT-0000,cpv,72268000,,
4214b1f1-d072-4fe2-86a9-354f62166769,01,,cpv,79710000,,
4214b1f1-d072-4fe2-86a9-354f62166769,01,LOT-0000,cpv,79710000,,
5bb66845-fee5-49e6-b2c8-f3077fa3ed32,01,,cpv,09000000,,
5bb66845-fee5-49e6-b2c8-f3077fa3ed32,01,LOT-0001,cpv,09000000,,
5efadda4-49d5-4acd-b026-868aa4239f3f,01,,cpv,34144510,,
5efadda4-49d5-4acd-b026-868aa4239f3f,01,LOT-0001,cpv,34144510,,
2ab32f0d-71a0-48ea-b7ce-574864ea9f96,01,,cpv,71300000,"71351500,71351710,71351910,71610000",
2ab32f0d-71a0-48ea-b7ce-574864ea9f96,01,LOT-0001,cpv,71300000,"71351500,71351710,71351910,71610000",
19567368-13c7-4717-8adf-135ddae9aea6,01,,cpv,45234116,"34944000,45213300,45230000,45234113,45234160",
19567368-13c7-4717-8adf-135ddae9aea6,01,LOT-0001,cpv,45234116,,
a6cbee04-9b79-44b1-bc02-954157bf1acc,01,,cpv,33700000,"33711700,33711800,33740000",
a6cbee04-9b79-44b1-bc02-954157bf1acc,01,LOT-0001,cpv,33700000,"33711700,33711800,33740000",
5262ea32-c945-4313-b24a-e1dc8ce0c833,01,,cpv,50000000,"50100000,50110000",
5262ea32-c945-4313-b24a-e1dc8ce0c833,01,LOT-0001,cpv,50000000,"50100000,50110000",
5262ea32-c945-4313-b24a-e1dc8ce0c833,01,LOT-0002,cpv,50000000,"50100000,50110000",
c02d75ff-4f73-41c3-8746-ab67f279f46b,01,,cpv,72000000,72200000,
c02d75ff-4f73-41c3-8746-ab67f279f46b,01,LOT-0001,cpv,72000000,72200000,
9c21c7b4-fd30-4a13-b41c-fd92aa83e5f8,01,,cpv,90911200,90911300,
9c21c7b4-fd30-4a13-b41c-fd92aa83e5f8,01,LOT-0001,cpv,90911200,,
9c21c7b4-fd30-4a13-b41c-fd92aa83e5f8,01,LOT-0002,cpv,90911300,,
325cac3c-ba5f-4058-8524-ec5a6b5562c7,01,,cpv,45317000,,
325cac3c-ba5f-4058-8524-ec5a6b5562c7,01,LOT-0001,cpv,45317000,,
4466d3d1-354c-4dfd-80f1-470c81110cc7,01,,cpv,71351500,,
4466d3d1-354c-4dfd-80f1-470c81110cc7,01,LOT-0001,cpv,71351500,,
a450274a-fe7c-4dc9-99e0-a78b2904e3dd,01,,cpv,71000000,,
a450274a-fe7c-4dc9-99e0-a78b2904e3dd,01,LOT-0001,cpv,71000000,,
d9ab1893-476e-41db-ad82-62adfc75f439,01,,cpv,45223220,,
d9ab1893-476e-41db-ad82-62adfc75f439,01,LOT-0000,cpv,45223220,,
1cbc2be9-77e9-4ffa-9a20-800fad6e93c3,01,,cpv,45430000,"45443000,45410000",
1cbc2be9-77e9-4ffa-9a20-800fad6e93c3,01,LOT-0000,cpv,45430000,"45443000,45410000",
a5a8d359-ffca-4d30-8c7f-1be5e578381a,01,,cpv,80500000,,
a5a8d359-ffca-4d30-8c7f-1be5e578381a,01,LOT-0000,cpv,80500000,,
cbc38ace-ae5a-48fb-826f-0e56e65dcf44,01,,cpv,75241000,,
cbc38ace-ae5a-48fb-826f-0e56e65dcf44,01,LOT-0000,cpv,75241000,,
cc2d829a-34b8-48aa-a872-94a33787ac01,01,,cpv,45231300,45232450,
cc2d829a-34b8-48aa-a872-94a33787ac01,01,LOT-0001,cpv,45231300,45232450,
722a34d1-9a70-44a5-b131-3aa7cecb3bf0,01,,cpv,90911200,,
722a34d1-9a70-44a5-b131-3aa7cecb3bf0,01,LOT-0001,cpv,90911200,,
722a34d1-9a70-44a5-b131-3aa7cecb3bf0,01,LOT-0002,cpv,90911200,,
9826794f-f8d4-41f5-94ae-1471d8dd3eaf,01,,cpv,48000000,72267000,
9826794f-f8d4-41f5-94ae-1471d8dd3eaf,01,LOT-0001,cpv,48000000,72267000,
2cd44b0b-edc9-4120-b18a-2d8c35a43d9a,01,,cpv,32581100,,
2cd44b0b-edc9-4120-b18a-2d8c35a43d9a,01,LOT-0001,cpv,32581100,,
af662d6d-6dd9-47a9-b947-69930e5be98a,01,,cpv,71000000,,
af662d6d-6dd9-47a9-b947-69930e5be98a,01,LOT-0001,cpv,71000000,,
76a4abec-70c6-4ed9-84f2-9cc496ac0c8d,01,,cpv,71300000,,
76a4abec-70c6-4ed9-84f2-9cc496ac0c8d,01,LOT-0001,cpv,71300000,,
09b85bf3-4637-4ffe-b72a-f4a851f18c50,01,,cpv,45214000,,
09b85bf3-4637-4ffe-b72a-f4a851f18c50,01,LOT-0000,cpv,45214000,,
b8ee89a5-dff2-4f48-8e18-3179c15c7176,01,,cpv,51130000,42100000,
b8ee89a5-dff2-4f48-8e18-3179c15c7176,01,LOT-0000,cpv,51130000,42100000,
f913dfbe-62c2-4805-8fe3-57bcb9b041c4,01,,cpv,90500000,,
f913dfbe-62c2-4805-8fe3-57bcb9b041c4,01,LOT-0001,cpv,90500000,,
508ca28a-585d-4af7-ae3e-01f3b25617b3,01,,cpv,34144213,35000000,
508ca28a-585d-4af7-ae3e-01f3b25617b3,01,LOT-0001,cpv,34144213,34144210,
508ca28a-585d-4af7-ae3e-01f3b25617b3,01,LOT-0002,cpv,35000000,,
b96be751-fb7a-4b0e-8c51-95cf2f0b6932,01,,cpv,32420000,"32422000,32422000",
b96be751-fb7a-4b0e-8c51-95cf2f0b6932,01,LOT-0001,cpv,32420000,"32422000,32422000",
f9dc1e05-3689-41bc-b82b-4ebe5fc1ffb5,01,,cpv,45000000,"45112000,45112700",
f9dc1e05-3689-41bc-b82b-4ebe5fc1ffb5,01,LOT-0001,cpv,45000000,"45112000,45112700",
2cffc857-8981-4b4c-b243-57cfade63ceb,01,,cpv,45000000,45262670,
2cffc857-8981-4b4c-b243-57cfade63ceb,01,LOT-0000,cpv,45000000,45262670,
1287fcbe-fcb9-41ca-bf3c-a0de9daf4b9e,01,,cpv,31682000,31682000,
1287fcbe-fcb9-41ca-bf3c-a0de9daf4b9e,01,LOT-0000,cpv,31682000,31682000,
f439fc31-d3e0-4ed6-b2be-171c7602f2de,01,,cpv,45332400,,
f439fc31-d3e0-4ed6-b2be-171c7602f2de,01,LOT-0001,cpv,45332400,,
1ab5d1a7-fe8d-419a-9db7-79d39fe0c7e2,01,,cpv,39160000,,
1ab5d1a7-fe8d-419a-9db7-79d39fe0c7e2,01,LOT-0000,cpv,39160000,,
5cff7c10-1e0e-4abe-8f0b-b6345a1362a0,01,,cpv,45221111,45233120,
5cff7c10-1e0e-4abe-8f0b-b6345a1362a0,01,LOT-0000,cpv,45221111,45233120,
ff2104f9-1865-47f2-9eb6-492ec5350a0f,01,,cpv,50100000,,
ff2104f9-1865-47f2-9eb6-492ec5350a0f,01,LOT-0000,cpv,50100000,,
01a0a407-b934-4e84-9bc5-759b0283b54d,01,,cpv,09310000,09123000,
01a0a407-b934-4e84-9bc5-759b0283b54d,01,LOT-0001,cpv,09310000,,
01a0a407-b934-4e84-9bc5-759b0283b54d,01,LOT-0002,cpv,09310000,09123000,
c9741f16-aea4-4b1f-905d-999a6eff6661,01,,cpv,34100000,,
c9741f16-aea4-4b1f-905d-999a6eff6661,01,LOT-0001,cpv,34100000,,
c9741f16-aea4-4b1f-905d-999a6eff6661,01,LOT-0002,cpv,34100000,,
c9741f16-aea4-4b1f-905d-999a6eff6661,01,LOT-0003,cpv,34100000,,
c9741f16-aea4-4b1f-905d-999a6eff6661,01,LOT-0004,cpv,34100000,,
c9741f16-aea4-4b1f-905d-999a6eff6661,01,LOT-0005,cpv,34100000,,
7cf2f3fd-2cfd-4bdc-a91f-0617a3c607bb,01,,cpv,71000000,,
7cf2f3fd-2cfd-4bdc-a91f-0617a3c607bb,01,LOT-0000,cpv,71000000,,
dd867525-7c3b-4ca7-be75-717b59eb4294,01,,cpv,71000000,"71200000,71240000",
dd867525-7c3b-4ca7-be75-717b59eb4294,01,LOT-0001,cpv,71000000,"71200000,71240000",
4c0e180b-bc9a-43e6-bac7-35fc4082df54,01,,cpv,45233120,45232452,
4c0e180b-bc9a-43e6-bac7-35fc4082df54,01,LOT-0001,cpv,45233120,45232452,
50d1e5cc-c1ae-45b5-a685-505c1595d0c8,01,,cpv,45315300,,
50d1e5cc-c1ae-45b5-a685-505c1595d0c8,01,LOT-0000,cpv,45315300,,
a9cb14a8-596e-478a-a3e9-d94670549370,01,,cpv,45311000,,
a9cb14a8-596e-478a-a3e9-d94670549370,01,LOT-0000,cpv,45311000,,
ce81ab80-ec22-4e38-96c7-a762aaf4761a,01,,cpv,45421153,,
ce81ab80-ec22-4e38-96c7-a762aaf4761a,01,LOT-0000,cpv,45421153,,
154276a1-4b77-4421-affc-870c5617d15b,01,,cpv,71700000,71900000,
154276a1-4b77-4421-affc-870c5617d15b,01,LOT-0000,cpv,71700000,71900000,
8bb86434-f323-438c-b410-688eea1e9382,01,,cpv,45261210,"45261410,45261300",
8bb86434-f323-438c-b410-688eea1e9382,01,LOT-0000,cpv,45261210,"45261410,45261300",
44c726f4-e15d-43d3-84a5-0ceb2ecbff2a,01,,cpv,45214000,,
44c726f4-e15d-43d3-84a5-0ceb2ecbff2a,01,LOT-0000,cpv,45214000,,
b225ac0d-7f96-4f8c-b700-3633e085621c,01,,cpv,24954000,,
b225ac0d-7f96-4f8c-b700-3633e085621c,01,LOT-0000,cpv,24954000,,
bf6239ed-5f02-4dd1-9d8d-7772fcc8eee0,01,,cpv,71000000,,
bf6239ed-5f02-4dd1-9d8d-7772fcc8eee0,01,LOT-0000,cpv,71000000,,
01a08a75-f5eb-4e4c-83c5-60b164ebe35b,01,,cpv,45000000,,
01a08a75-f5eb-4e4c-83c5-60b164ebe35b,01,LOT-0008,cpv,45000000,,
01a08a75-f5eb-4e4c-83c5-60b164ebe35b,01,LOT-0009,cpv,45000000,,
01a08a75-f5eb-4e4c-83c5-60b164ebe35b,01,LOT-0011,cpv,45000000,,
01a08a75-f5eb-4e4c-83c5-60b164ebe35b,01,LOT-0012,cpv,45000000,,
01a08a75-f5eb-4e4c-83c5-60b164ebe35b,01,LOT-0013,cpv,45000000,,
01a08a75-f5eb-4e4c-83c5-60b164ebe35b,01,LOT-0017,cpv,45000000,,
e79bb7f2-a797-4169-abb8-05686d80f70c,01,,cpv,48000000,,
e79bb7f2-a797-4169-abb8-05686d80f70c,01,LOT-0000,cpv,48000000,,
9fab6856-357f-44cb-a8f7-1b3a015751da,01,,cpv,34110000,"34100000,34110000",
9fab6856-357f-44cb-a8f7-1b3a015751da,01,LOT-0000,cpv,34110000,"34100000,34110000",
49e40c9c-e25d-42bb-a417-c5e2c40be8b5,01,,cpv,71900000,,
49e40c9c-e25d-42bb-a417-c5e2c40be8b5,01,LOT-0001,cpv,71900000,,
49e40c9c-e25d-42bb-a417-c5e2c40be8b5,01,LOT-0002,cpv,71900000,,
49e40c9c-e25d-42bb-a417-c5e2c40be8b5,01,LOT-0003,cpv,71900000,,
1bc79d4d-4082-437e-9e3a-1e7a5bfcbe89,01,,cpv,45311200,,
1bc79d4d-4082-437e-9e3a-1e7a5bfcbe89,01,LOT-0001,cpv,45311200,,
24f04cdc-1d87-4457-9ca5-1dfd450fe67b,01,,cpv,45223220,,
24f04cdc-1d87-4457-9ca5-1dfd450fe67b,01,LOT-0001,cpv,45223220,,
3c19ff19-7593-4294-ada0-ad71fa55a8f1,01,,cpv,80550000,,
3c19ff19-7593-4294-ada0-ad71fa55a8f1,01,LOT-0000,cpv,80550000,,
4a448abd-7f1f-4052-987f-f9aea3df2fb9,01,,cpv,45000000,"45324000,45421141,45421146,45421152",
4a448abd-7f1f-4052-987f-f9aea3df2fb9,01,LOT-0001,cpv,45000000,"45324000,45421141,45421146,45421152",
6c6fdea1-a35c-496f-ba69-5853b8cf1ed4,01,,cpv,42122130,,
6c6fdea1-a35c-496f-ba69-5853b8cf1ed4,01,LOT-0001,cpv,42122130,,
6c6fdea1-a35c-496f-ba69-5853b8cf1ed4,01,LOT-0002,cpv,42122130,,
6c6fdea1-a35c-496f-ba69-5853b8cf1ed4,01,LOT-0003,cpv,42122130,,
6c6fdea1-a35c-496f-ba69-5853b8cf1ed4,01,LOT-0004,cpv,42122130,,
6c6fdea1-a35c-496f-ba69-5853b8cf1ed4,01,LOT-0005,cpv,42122130,,
6c6fdea1-a35c-496f-ba69-5853b8cf1ed4,01,LOT-0006,cpv,42122130,,
6c6fdea1-a35c-496f-ba69-5853b8cf1ed4,01,LOT-0007,cpv,42122130,,
ea6b8124-9d3e-47b1-8200-425ac8a738d0,01,,cpv,79411000,"79416200,79411100,79413000,90712400,79400000,79340000",
ea6b8124-9d3e-47b1-8200-425ac8a738d0,01,LOT-0001,cpv,79411000,"79416200,79411100,79413000,90712400,79400000,79340000",
0f82d9af-1042-4efa-bedb-f3d607ed98fe,01,,cpv,71000000,,
0f82d9af-1042-4efa-bedb-f3d607ed98fe,01,LOT-0000,cpv,71000000,,
d62756f0-2007-4111-b118-e5f44c943b18,01,,cpv,45216121,,
d62756f0-2007-4111-b118-e5f44c943b18,01,LOT-0001,cpv,45216121,,
cf7fd649-8c6c-4db7-aeaa-8b6adf173b11,01,,cpv,34144700,,
cf7fd649-8c6c-4db7-aeaa-8b6adf173b11,01,LOT-0000,cpv,34144700,,
bb722a54-0ab3-4fed-ab47-3f00b6ada783,01,,cpv,45311200,"45315000,45315100,45315600",
bb722a54-0ab3-4fed-ab47-3f00b6ada783,01,LOT-0001,cpv,45311200,"45315000,45315100,45315600",
5f734b5e-89a1-4d03-87e5-eb2f15ad7a35,01,,cpv,45442110,,
5f734b5e-89a1-4d03-87e5-eb2f15ad7a35,01,LOT-0001,cpv,45442110,,
069f2e57-7452-4eec-8c81-59e0faf49d5e,01,,cpv,45112710,,
069f2e57-7452-4eec-8c81-59e0faf49d5e,01,LOT-0001,cpv,45112710,,
c1fccf1b-9a52-4960-a3e3-1066df557382,01,,cpv,45331210,,
c1fccf1b-9a52-4960-a3e3-1066df557382,01,LOT-0001,cpv,45331210,,
7b2a1a74-b527-473f-a088-7888d6e200fb,01,,cpv,77211100,03000000,
7b2a1a74-b527-473f-a088-7888d6e200fb,01,LOT-0001,cpv,77211100,03000000,
7b2a1a74-b527-473f-a088-7888d6e200fb,01,LOT-0002,cpv,77211100,03000000,
7b2a1a74-b527-473f-a088-7888d6e200fb,01,LOT-0003,cpv,77211100,03000000,
7b2a1a74-b527-473f-a088-7888d6e200fb,01,LOT-0004,cpv,03000000,,
7b2a1a74-b527-473f-a088-7888d6e200fb,01,LOT-0005,cpv,03000000,,
7b2a1a74-b527-473f-a088-7888d6e200fb,01,LOT-0006,cpv,77211100,03000000,
7b2a1a74-b527-473f-a088-7888d6e200fb,01,LOT-0007,cpv,03000000,,
26f1848e-d8d5-4ae3-8b0c-6dca3e4bee79,01,,cpv,45234100,,
26f1848e-d8d5-4ae3-8b0c-6dca3e4bee79,01,LOT-0001,cpv,45234100,,
0d06762e-e42a-44c3-96ef-618a5fa055fd,01,,cpv,48822000,"30213200,48820000",
0d06762e-e42a-44c3-96ef-618a5fa055fd,01,LOT-0001,cpv,48822000,,
0d06762e-e42a-44c3-96ef-618a5fa055fd,01,LOT-0002,cpv,30213200,,
56833ea5-58df-41b1-8b93-69c32e3b776d,01,,cpv,45234100,,
56833ea5-58df-41b1-8b93-69c32e3b776d,01,LOT-0001,cpv,45234100,,
ccfe1ec7-0145-4cc5-a866-6058305a1906,01,,cpv,71000000,,
ccfe1ec7-0145-4cc5-a866-6058305a1906,01,LOT-0001,cpv,71000000,,
719c0678-a8c7-4e34-9073-1ea5837a8f61,01,,cpv,45000000,"45331000,45331200,45331210,45331220,45331230",
719c0678-a8c7-4e34-9073-1ea5837a8f61,01,LOT-0000,cpv,45000000,"45331000,45331200,45331210,45331220,45331230",
89f97a08-7e7c-47ff-a36b-8cf22b175cac,01,,cpv,71240000,,
89f97a08-7e7c-47ff-a36b-8cf22b175cac,01,LOT-0001,cpv,71240000,,
255a6420-e1db-4b4a-bd00-02847c49b7bd,01,,cpv,34000000,,
255a6420-e1db-4b4a-bd00-02847c49b7bd,01,LOT-0000,cpv,34000000,,
fef55906-ff0b-49ed-baed-06312268141a,01,,cpv,45432100,,
fef55906-ff0b-49ed-baed-06312268141a,01,LOT-0001,cpv,45432100,,
6a072c36-ff4e-4e01-9d2f-c3849aff79cd,01,,cpv,45221000,"45221112,45234116,45234130",
6a072c36-ff4e-4e01-9d2f-c3849aff79cd,01,LOT-0001,cpv,45221000,"45221112,45234116,45234130",
8db0b259-4bac-4cdb-914d-e4d1c3fdccb2,01,,cpv,71000000,,
8db0b259-4bac-4cdb-914d-e4d1c3fdccb2,01,LOT-0000,cpv,71000000,,
a9a85eaa-02be-4d44-9519-cd119a5374cc,01,,cpv,90610000,,
a9a85eaa-02be-4d44-9519-cd119a5374cc,01,LOT-0000,cpv,90610000,,
ea8f1a43-9513-41a0-8a4d-0cd582862db3,01,,cpv,48218000,,
ea8f1a43-9513-41a0-8a4d-0cd582862db3,01,LOT-0001,cpv,48218000,,
ea399951-3dbe-4ef5-bed6-49aca30291ac,01,,cpv,45200000,44520000,
ea399951-3dbe-4ef5-bed6-49aca30291ac,01,LOT-0000,cpv,45200000,44520000,
d54ec781-962f-409c-a82b-f09e4e169ca3,01,,cpv,45262670,45441000,
d54ec781-962f-409c-a82b-f09e4e169ca3,01,LOT-0001,cpv,45262670,,
232a86f2-44bc-4701-b740-2c7275873a1f,01,,cpv,90620000,90630000,
232a86f2-44bc-4701-b740-2c7275873a1f,01,LOT-0001,cpv,90620000,90630000,
232a86f2-44bc-4701-b740-2c7275873a1f,01,LOT-0002,cpv,90620000,90630000,
232a86f2-44bc-4701-b740-2c7275873a1f,01,LOT-0003,cpv,90620000,90630000,
232a86f2-44bc-4701-b740-2c7275873a1f,01,LOT-0004,cpv,90620000,90630000,
232a86f2-44bc-4701-b740-2c7275873a1f,01,LOT-0005,cpv,90620000,90630000,
232a86f2-44bc-4701-b740-2c7275873a1f,01,LOT-0006,cpv,90620000,90630000,
f97fbca6-d36d-409a-8a03-ef03a38df3de,01,,cpv,92521200,"92500000,92521220,92521210",
f97fbca6-d36d-409a-8a03-ef03a38df3de,01,LOT-0001,cpv,92521200,"92500000,92521220,92521210",
f97fbca6-d36d-409a-8a03-ef03a38df3de,01,LOT-0002,cpv,92521200,"92500000,92521220,92521210",
f97fbca6-d36d-409a-8a03-ef03a38df3de,01,LOT-0003,cpv,92521200,"92500000,92521220,92521210",
f97fbca6-d36d-409a-8a03-ef03a38df3de,01,LOT-0004,cpv,92521200,"92500000,92521220,92521210",
57ece606-117a-426d-a888-4af660b56f3e,01,,cpv,71300000,71321000,
57ece606-117a-426d-a888-4af660b56f3e,01,LOT-0000,cpv,71300000,71321000,
2084d52a-b36f-405e-9d0f-155d89d95f94,01,,cpv,66000000,"66510000,66515000,66515100",
2084d52a-b36f-405e-9d0f-155d89d95f94,01,LOT-0000,cpv,66000000,"66510000,66515000,66515100",
04867f6b-9686-4e52-a263-3c1b27c0f00a,01,,cpv,48730000,"72261000,72267000",
04867f6b-9686-4e52-a263-3c1b27c0f00a,01,LOT-0001,cpv,48820000,"30211300,30200000",
cb625fd4-998b-4104-9f7e-0c2c66a7c16d,01,,cpv,73100000,,
cb625fd4-998b-4104-9f7e-0c2c66a7c16d,01,LOT-0000,cpv,73100000,,
cb4cb836-775d-4166-864b-3717c808efc8,01,,cpv,45215100,"45311000,45311100,45311200,45315100,45315300,45315600,45317000",
cb4cb836-775d-4166-864b-3717c808efc8,01,LOT-0001,cpv,45215100,,
9217b00b-6110-4ee9-abd6-26cc9165de60,01,,cpv,85000000,79000000,
9217b00b-6110-4ee9-abd6-26cc9165de60,01,LOT-0001,cpv,85000000,79000000,
f44ac8af-3eef-4a35-9414-dfa76e528ad8,01,,cpv,45000000,,
f44ac8af-3eef-4a35-9414-dfa76e528ad8,01,LOT-0000,cpv,45000000,,
1f83280b-0311-4e2f-a22c-6d2457cfbcee,01,,cpv,71000000,"71200000,71221000,71240000,71320000",
1f83280b-0311-4e2f-a22c-6d2457cfbcee,01,LOT-0001,cpv,71000000,"71200000,71221000,71240000,71320000",
fab52f0b-58ae-47ed-bbbc-1d3829b47040,01,,cpv,45421132,,
fab52f0b-58ae-47ed-bbbc-1d3829b47040,01,LOT-0000,cpv,45421132,,
88b94f05-7399-428a-bda2-74ab08ab3d07,01,,cpv,72261000,,
88b94f05-7399-428a-bda2-74ab08ab3d07,01,LOT-0001,cpv,72261000,,
b34d0781-ea79-41ab-9907-370f83e79047,01,,cpv,45343100,"45223220,45410000",
b34d0781-ea79-41ab-9907-370f83e79047,01,LOT-0001,cpv,45343100,"45223220,45410000",
29c7ca20-b67c-40b2-87ac-9686db66acaa,01,,cpv,35400000,,
29c7ca20-b67c-40b2-87ac-9686db66acaa,01,LOT-0000,cpv,35400000,,
ff2ff8ed-94f5-47d4-9a40-d6363f5f5c5e,01,,cpv,45432130,"45214400,45432111",
ff2ff8ed-94f5-47d4-9a40-d6363f5f5c5e,01,LOT-0000,cpv,45432130,"45214400,45432111",
1622ff00-ae42-4b30-b534-ad41942e1e65,01,,cpv,71240000,"71245000,71246000,71247000,71248000",
1622ff00-ae42-4b30-b534-ad41942e1e65,01,LOT-0001,cpv,71240000,"71245000,71246000,71247000,71248000",
ca39dcd9-6735-4eeb-a7ec-a3d84ce6d3d3,01,,cpv,90911000,,
ca39dcd9-6735-4eeb-a7ec-a3d84ce6d3d3,01,LOT-0001,cpv,90911000,,
f0c5d53b-9cb6-47fe-9daf-310dfde71f38,01,,cpv,71000000,,
f0c5d53b-9cb6-47fe-9daf-310dfde71f38,01,LOT-0000,cpv,71000000,,
71ed154a-f1b0-4a9f-99e4-3f8e18f561af,01,,cpv,72000000,,
71ed154a-f1b0-4a9f-99e4-3f8e18f561af,01,LOT-0000,cpv,72000000,,
5b6d92e9-a4ab-4d47-90c0-342cc5774de2,01,,cpv,45331200,"45331231,45321000,48921000,45317000,50710000,45213000,45210000,45000000",
5b6d92e9-a4ab-4d47-90c0-342cc5774de2,01,LOT-0001,cpv,45331200,"45331231,45321000,48921000,45317000,50710000,45213000,45210000,45000000",
aac2dd05-c839-4c68-baeb-784225a7c0be,01,,cpv,45311000,,
aac2dd05-c839-4c68-baeb-784225a7c0be,01,LOT-0001,cpv,45311000,,
56123ce9-7570-44f8-898c-ccbf61ddfdba,01,,cpv,90911200,,
56123ce9-7570-44f8-898c-ccbf61ddfdba,01,LOT-0001,cpv,90911200,,
56123ce9-7570-44f8-898c-ccbf61ddfdba,01,LOT-0002,cpv,90911200,,
a4cd7a04-bb82-447d-80ff-207898189a11,01,,cpv,09310000,,
a4cd7a04-bb82-447d-80ff-207898189a11,01,LOT-0000,cpv,09310000,,
b9aa34b4-b93b-4a35-a684-baa083456b4c,01,,cpv,71210000,"71300000,71327000,71314310,71313200",
b9aa34b4-b93b-4a35-a684-baa083456b4c,01,LOT-0000,cpv,71210000,"71300000,71327000,71314310,71313200",
50a582d8-d1af-4637-9eb5-ca6378a99bb9,01,,cpv,90911000,,
50a582d8-d1af-4637-9eb5-ca6378a99bb9,01,LOT-0001,cpv,90911200,,
50a582d8-d1af-4637-9eb5-ca6378a99bb9,01,LOT-0002,cpv,90911200,,
50a582d8-d1af-4637-9eb5-ca6378a99bb9,01,LOT-0003,cpv,90911200,,
50a582d8-d1af-4637-9eb5-ca6378a99bb9,01,LOT-0004,cpv,90911300,,
3ee3ffd5-8ec5-4510-b21e-a9c074591fec,01,,cpv,45214000,,
3ee3ffd5-8ec5-4510-b21e-a9c074591fec,01,LOT-0000,cpv,45214000,,
a5670d06-f5c1-44a2-b02e-d00fe844880e,01,,cpv,45443000,,
a5670d06-f5c1-44a2-b02e-d00fe844880e,01,LOT-0000,cpv,45443000,,
a5111cb1-0261-42d7-98a0-a1b063e9b896,01,,cpv,55520000,55524000,
a5111cb1-0261-42d7-98a0-a1b063e9b896,01,LOT-0001,cpv,55520000,,
a5111cb1-0261-42d7-98a0-a1b063e9b896,01,LOT-0002,cpv,55520000,55524000,
3747dc6f-9c33-4dc6-83af-6504813c09b1,01,,cpv,45234100,,
3747dc6f-9c33-4dc6-83af-6504813c09b1,01,LOT-0001,cpv,45234100,,
3446a559-15f9-491b-8476-6d32e4154c93,01,,cpv,38341000,,
3446a559-15f9-491b-8476-6d32e4154c93,01,LOT-0001,cpv,38341000,,
3090317f-1aac-40b4-8d54-b45d4f559a78,01,,cpv,71220000,,
3090317f-1aac-40b4-8d54-b45d4f559a78,01,LOT-0001,cpv,71220000,,
1e8e8e86-5c2f-497f-9865-460e2e1cb375,01,,cpv,45234116,,
1e8e8e86-5c2f-497f-9865-460e2e1cb375,01,LOT-0001,cpv,45234116,,
a00511c6-9a64-4118-811c-0f238982651a,01,,cpv,45221250,,
a00511c6-9a64-4118-811c-0f238982651a,01,LOT-0001,cpv,45221250,,
381fc019-557a-4388-a9a4-a8e7afcb1741,01,,cpv,71000000,,
381fc019-557a-4388-a9a4-a8e7afcb1741,01,LOT-0001,cpv,71000000,,
fad97142-b443-4bd9-b7aa-c486345187b3,01,,cpv,64120000,,
fad97142-b443-4bd9-b7aa-c486345187b3,01,LOT-0000,cpv,64120000,,
db18829c-a80e-45d8-bacf-cf1745f3b6d5,01,,cpv,45234116,,
db18829c-a80e-45d8-bacf-cf1745f3b6d5,01,LOT-0001,cpv,45234116,,
a19b0eb5-b850-4dc3-b4db-d7ec9049bb26,01,,cpv,71321000,"71300000,71320000,71322000",
a19b0eb5-b850-4dc3-b4db-d7ec9049bb26,01,LOT-0001,cpv,71300000,"71320000,71321000,71322000",
e4d3e324-99ba-4975-82a6-24cd59e5aec6,01,,cpv,45421141,"45421152,44112310,45214100",
e4d3e324-99ba-4975-82a6-24cd59e5aec6,01,LOT-0000,cpv,45421141,"45421152,44112310,45214100",
8176dc60-b619-471e-9097-2d25509222c4,01,,cpv,79000000,"66171000,79111000,79210000,79400000,79410000,79411000,79412000,85140000",
8176dc60-b619-471e-9097-2d25509222c4,01,LOT-0001,cpv,79000000,"66171000,79111000,79210000,79400000,79410000,79411000,79412000,85140000",
51971ae6-9e49-4e37-ae18-5812dd49561d,01,,cpv,45200000,,
51971ae6-9e49-4e37-ae18-5812dd49561d,01,LOT-0000,cpv,45200000,,
54760ccf-db92-421d-bbc0-d3a3052c6575,01,,cpv,45234160,,
54760ccf-db92-421d-bbc0-d3a3052c6575,01,LOT-0001,cpv,45234160,,
a9c762b8-ce8e-4981-b4e8-ee9246ced7f2,01,,cpv,34923000,"32570000,48000000,72200000",
a9c762b8-ce8e-4981-b4e8-ee9246ced7f2,01,LOT-0001,cpv,34923000,"32570000,48000000,72200000",
f51cf9c9-f534-4b55-b11e-79c7e00fc1b2,01,,cpv,09000000,,
f51cf9c9-f534-4b55-b11e-79c7e00fc1b2,01,LOT-0001,cpv,09000000,,
7576de88-72a4-4142-9bc0-0348aef4d44f,01,,cpv,45233120,"45112000,45233000,45233100,45233140,45233141,45233222,45233251,45233300,45247110",
7576de88-72a4-4142-9bc0-0348aef4d44f,01,LOT-0001,cpv,45233120,"45112000,45233000,45233100,45233140,45233141,45233222,45233251,45233300,45247110",
cb21b5cc-64db-4789-b17e-206767fe07e0,01,,cpv,48820000,"48000000,48821000,48822000",
cb21b5cc-64db-4789-b17e-206767fe07e0,01,LOT-0001,cpv,48820000,"48000000,48821000,48822000",
a4bf01d3-eaf4-444c-b103-dc7f10e6d150,01,,cpv,34221000,,
a4bf01d3-eaf4-444c-b103-dc7f10e6d150,01,LOT-0001,cpv,34221000,,
c454fa91-86f5-4f3c-9109-a3bc53e13198,01,,cpv,45261410,,
c454fa91-86f5-4f3c-9109-a3bc53e13198,01,LOT-0000,cpv,45261410,,
abad8933-5d48-4692-87a6-59a6da346543,01,,cpv,73100000,,
abad8933-5d48-4692-87a6-59a6da346543,01,LOT-0001,cpv,73100000,,
ef21858d-19ec-4f13-b58a-a4e0c55551ed,01,,cpv,90700000,"98360000,98363000",
ef21858d-19ec-4f13-b58a-a4e0c55551ed,01,LOT-0001,cpv,90700000,"98360000,98363000",
29715cba-4b1c-4a79-a013-53b23c164720,01,,cpv,92000000,"92370000,64224000",
29715cba-4b1c-4a79-a013-53b23c164720,01,LOT-0001,cpv,92000000,"92370000,64224000",
01a0a4f7-beff-412f-9087-3edc6bf9153e,01,,cpv,64120000,,
01a0a4f7-beff-412f-9087-3edc6bf9153e,01,LOT-0001,cpv,64120000,,
5a6e71b2-0412-41b8-842d-68c99c9ed184,01,,cpv,90514000,,
5a6e71b2-0412-41b8-842d-68c99c9ed184,01,LOT-0001,cpv,90514000,,
1c27c316-9b14-4594-907e-d95f38ed204e,01,,cpv,90630000,90620000,
1c27c316-9b14-4594-907e-d95f38ed204e,01,LOT-0000,cpv,90630000,90620000,
3fdeb952-ef6e-40e5-a887-a7e2b7cf662f,01,,cpv,45262320,,
3fdeb952-ef6e-40e5-a887-a7e2b7cf662f,01,LOT-0001,cpv,45262320,,
2f19d346-0db3-412c-b8a2-9dd0c007b0a8,01,,cpv,45324000,,
2f19d346-0db3-412c-b8a2-9dd0c007b0a8,01,LOT-0001,cpv,45324000,,
2f19d346-0db3-412c-b8a2-9dd0c007b0a8,01,LOT-0002,cpv,45324000,,
2f19d346-0db3-412c-b8a2-9dd0c007b0a8,01,LOT-0003,cpv,45324000,,
2f19d346-0db3-412c-b8a2-9dd0c007b0a8,01,LOT-0004,cpv,45324000,,
2a55e205-4e71-40a0-ac8c-75e8bb465205,01,,cpv,45223220,"45112500,45210000,45262510,45112710",
2a55e205-4e71-40a0-ac8c-75e8bb465205,01,LOT-0001,cpv,45223220,"45112500,45210000,45262510,45112710",
991ad645-b124-416b-b5f9-d364a221823d,01,,cpv,34142200,,
991ad645-b124-416b-b5f9-d364a221823d,01,LOT-0001,cpv,34142200,,
991ad645-b124-416b-b5f9-d364a221823d,01,LOT-0002,cpv,34142200,,
991ad645-b124-416b-b5f9-d364a221823d,01,LOT-0003,cpv,34142200,,
991ad645-b124-416b-b5f9-d364a221823d,01,LOT-0004,cpv,34142200,,
991ad645-b124-416b-b5f9-d364a221823d,01,LOT-0005,cpv,34142200,,
991ad645-b124-416b-b5f9-d364a221823d,01,LOT-0006,cpv,34142200,,
991ad645-b124-416b-b5f9-d364a221823d,01,LOT-0007,cpv,34142200,,
991ad645-b124-416b-b5f9-d364a221823d,01,LOT-0008,cpv,34142200,,
991ad645-b124-416b-b5f9-d364a221823d,01,LOT-0009,cpv,34142200,,
991ad645-b124-416b-b5f9-d364a221823d,01,LOT-0010,cpv,34142200,,
991ad645-b124-416b-b5f9-d364a221823d,01,LOT-0011,cpv,34142200,,
991ad645-b124-416b-b5f9-d364a221823d,01,LOT-0012,cpv,34142200,,
991ad645-b124-416b-b5f9-d364a221823d,01,LOT-0013,cpv,34142200,,
991ad645-b124-416b-b5f9-d364a221823d,01,LOT-0014,cpv,34142200,,
991ad645-b124-416b-b5f9-d364a221823d,01,LOT-0015,cpv,34142200,,
991ad645-b124-416b-b5f9-d364a221823d,01,LOT-0016,cpv,34142200,,
991ad645-b124-416b-b5f9-d364a221823d,01,LOT-0017,cpv,34142200,,
97342522-2e60-41ee-b63e-7fd68f818a0c,01,,cpv,45000000,"45111000,45231000,45231100",
97342522-2e60-41ee-b63e-7fd68f818a0c,01,LOT-0001,cpv,45000000,"45111000,45231000,45231100",
5b29187c-30f5-4ea0-b7d0-5a2195b18ade,01,,cpv,33100000,33157400,
5b29187c-30f5-4ea0-b7d0-5a2195b18ade,01,LOT-0001,cpv,33100000,33157400,
6db5929d-a517-43ed-9fe9-fb670fd9e694,01,,cpv,45113000,,
6db5929d-a517-43ed-9fe9-fb670fd9e694,01,LOT-0001,cpv,45113000,,
75a604da-489d-4c11-8fa6-c21c913fafa8,01,,cpv,45311000,45314000,
75a604da-489d-4c11-8fa6-c21c913fafa8,01,LOT-0001,cpv,45311000,45314000,
7dbb6c22-daf6-4e56-946f-922a05548229,01,,cpv,45212300,45212310,
7dbb6c22-daf6-4e56-946f-922a05548229,01,LOT-0001,cpv,45212300,45212310,
89046bbd-88d4-4d33-b75e-6499e7d1c3ff,01,,cpv,72200000,72240000,
89046bbd-88d4-4d33-b75e-6499e7d1c3ff,01,LOT-0001,cpv,72200000,72240000,
ec83e767-8a08-4384-b1f9-7c970236efa0,01,,cpv,45112700,,
ec83e767-8a08-4384-b1f9-7c970236efa0,01,LOT-0001,cpv,45112700,,
48badf3d-488b-4187-a932-53f825f535a7,01,,cpv,45331100,"45332200,45332400",
48badf3d-488b-4187-a932-53f825f535a7,01,LOT-0000,cpv,45331100,"45332200,45332400",
ababf43b-da83-4689-bf19-3f25a3f96273,01,,cpv,66110000,,
ababf43b-da83-4689-bf19-3f25a3f96273,01,LOT-0000,cpv,66110000,,
6eed375a-5cb3-4ea3-8c0e-467f90e25ca1,01,,cpv,48000000,,
6eed375a-5cb3-4ea3-8c0e-467f90e25ca1,01,LOT-0000,cpv,48000000,,
80675cc9-565a-4b93-816d-55b5930a0bb8,01,,cpv,09123000,,
80675cc9-565a-4b93-816d-55b5930a0bb8,01,LOT-0001,cpv,09123000,,
79800511-1d4b-4ad3-8c60-fd255ab125b3,01,,cpv,45232460,"45232450,41110000",
79800511-1d4b-4ad3-8c60-fd255ab125b3,01,LOT-0001,cpv,45232460,"45232450,41110000",
d31e5a38-d43a-4547-8973-c3590bacd62e,01,,cpv,38515200,,
d31e5a38-d43a-4547-8973-c3590bacd62e,01,LOT-0001,cpv,38515200,,
d31e5a38-d43a-4547-8973-c3590bacd62e,01,LOT-0002,cpv,38515200,,
9938303e-ed44-4a45-aa29-1702c0edcd58,01,,cpv,71240000,71300000,
9938303e-ed44-4a45-aa29-1702c0edcd58,01,LOT-0001,cpv,71240000,71300000,
b64ce675-d41d-4740-be94-e6472a525ea9,01,,cpv,45221112,,
b64ce675-d41d-4740-be94-e6472a525ea9,01,LOT-0001,cpv,45221112,,
7f82f565-4dd7-47a0-b5d2-8365820afd12,01,,cpv,71521000,,
7f82f565-4dd7-47a0-b5d2-8365820afd12,01,LOT-0001,cpv,71521000,,
ad9eaa7a-3247-485c-859d-ec19a1263c6b,01,,cpv,71300000,"71351500,71351710,71351910,71610000",
ad9eaa7a-3247-485c-859d-ec19a1263c6b,01,LOT-0001,cpv,71300000,"71351500,71351710,71351910,71610000",
655042ea-1acb-49b4-af80-c050e20f7f66,01,,cpv,45215100,"45331000,45331210",
655042ea-1acb-49b4-af80-c050e20f7f66,01,LOT-0001,cpv,45215100,"45331000,45331210",
4f079692-fb67-4402-9761-f9a98b5ae938,01,,cpv,80000000,80310000,
4f079692-fb67-4402-9761-f9a98b5ae938,01,LOT-0001,cpv,80000000,80310000,
2c604aa0-56c3-4cdd-80eb-ff20350a7e4d,01,,cpv,39141000,39221000,
2c604aa0-56c3-4cdd-80eb-ff20350a7e4d,01,LOT-0000,cpv,39141000,39221000,
830c6da5-b6b1-4631-a98e-1f52d628be32,01,,cpv,45332400,45232460,
830c6da5-b6b1-4631-a98e-1f52d628be32,01,LOT-0001,cpv,45332400,45232460,
6726f720-afb1-4713-9d79-16afcdf8bc54,01,,cpv,71300000,,
6726f720-afb1-4713-9d79-16afcdf8bc54,01,LOT-0000,cpv,71300000,,
d17d31d5-55ce-45a3-8044-d38ba241649a,01,,cpv,24000000,,
d17d31d5-55ce-45a3-8044-d38ba241649a,01,LOT-0000,cpv,24000000,,
7c2448be-ac15-4f24-a1e8-fd2d19926919,01,,cpv,71000000,,
7c2448be-ac15-4f24-a1e8-fd2d19926919,01,LOT-0001,cpv,71000000,,
e1f56e28-697e-4bd0-be6c-ee7320bd1a4f,01,,cpv,24110000,24111000,
e1f56e28-697e-4bd0-be6c-ee7320bd1a4f,01,LOT-0001,cpv,24110000,24111000,
e1f56e28-697e-4bd0-be6c-ee7320bd1a4f,01,LOT-0002,cpv,24110000,24111000,
c0fea23b-3299-4f7d-81f9-bd0dbeff808f,01,,cpv,45000000,,
c0fea23b-3299-4f7d-81f9-bd0dbeff808f,01,LOT-0000,cpv,45000000,,
ef80485e-9b72-4f69-8fac-b1ca556c920b,01,,cpv,45244000,90523100,
ef80485e-9b72-4f69-8fac-b1ca556c920b,01,LOT-0001,cpv,45244000,90523100,
7c14f33e-7463-4d67-aec2-1d0904c78a73,01,,cpv,39112000,,
7c14f33e-7463-4d67-aec2-1d0904c78a73,01,LOT-0000,cpv,39112000,,
4a5efa8c-4b06-4b5e-82bb-feac20ff8346,01,,cpv,45000000,"45111100,45200000",
4a5efa8c-4b06-4b5e-82bb-feac20ff8346,01,PAR-0001,cpv,45000000,,
bf0fdfde-8f62-4b1a-a947-5a92338c95b6,01,,cpv,45443000,,
bf0fdfde-8f62-4b1a-a947-5a92338c95b6,01,LOT-0000,cpv,45443000,,
a7170bc7-df89-4c34-ad0c-377bea21c268,01,,cpv,71521000,,
a7170bc7-df89-4c34-ad0c-377bea21c268,01,LOT-0001,cpv,71521000,,
9449fe06-b7d5-450b-a214-cb1984fff69b,01,,cpv,73000000,,
9449fe06-b7d5-450b-a214-cb1984fff69b,01,LOT-0000,cpv,73000000,,
542983ed-6b28-4ae0-bc34-9721fa8b95d4,01,,cpv,71000000,,
542983ed-6b28-4ae0-bc34-9721fa8b95d4,01,LOT-0001,cpv,71000000,,
2fef9971-9508-4941-98cb-7c449a31e82e,01,,cpv,45200000,44520000,
2fef9971-9508-4941-98cb-7c449a31e82e,01,LOT-0000,cpv,45200000,44520000,
d34f17c2-ba49-4106-a620-f9f6ef327863,01,,cpv,71240000,,
d34f17c2-ba49-4106-a620-f9f6ef327863,01,LOT-0001,cpv,71240000,,
c92fe955-e074-45e2-b270-ab63af8a6e30,01,,cpv,45313100,,
c92fe955-e074-45e2-b270-ab63af8a6e30,01,LOT-0001,cpv,45313100,,
846aa4fb-948a-48cf-9b6f-0b9d5add1ffa,05,,cpv,45111000,45111210,
846aa4fb-948a-48cf-9b6f-0b9d5add1ffa,05,LOT-0000,cpv,45111000,45111210,
ec07ce3b-6024-4d6e-b732-6f5218b332b4,02,,cpv,45262321,,
ec07ce3b-6024-4d6e-b732-6f5218b332b4,02,LOT-0001,cpv,45262321,,
4f135c7e-421a-4a18-96b3-42acb5886bd3,02,,cpv,71221000,71200000,
4f135c7e-421a-4a18-96b3-42acb5886bd3,02,LOT-0001,cpv,71221000,,
2e39367e-8a41-4431-a32e-ad0a284f236e,02,,cpv,71320000,,
2e39367e-8a41-4431-a32e-ad0a284f236e,02,LOT-0001,cpv,71200000,,
2ae1cd41-6e2c-4ea0-880f-730fbc13c727,01,,cpv,34144510,,
2ae1cd41-6e2c-4ea0-880f-730fbc13c727,01,LOT-0000,cpv,34144510,,
c3c3c991-ddef-4be9-8019-79e0977619b1,01,,cpv,45331000,,
c3c3c991-ddef-4be9-8019-79e0977619b1,01,LOT-0001,cpv,45331000,,
ed9237f6-d2c2-4613-be5a-13617329b435,02,,cpv,45215100,"45232460,45332400",
ed9237f6-d2c2-4613-be5a-13617329b435,02,LOT-0001,cpv,45215100,"45232460,45332400",
9c08a1ab-83d4-49e8-a1d2-0cba0d37ceaa,01,,cpv,45215100,"45331000,45331231",
9c08a1ab-83d4-49e8-a1d2-0cba0d37ceaa,01,LOT-0001,cpv,45215100,"45331000,45331231",
8a5794f3-558e-4156-86a7-1950acb1d1e6,01,,cpv,72260000,,
8a5794f3-558e-4156-86a7-1950acb1d1e6,01,LOT-0000,cpv,72260000,,
ac66cbd7-4e75-4d04-a276-96c26831c4b1,01,,cpv,45221112,,
ac66cbd7-4e75-4d04-a276-96c26831c4b1,01,LOT-0001,cpv,45221112,,
01a0a4d3-42d3-44f0-b13d-d8b56e99fc69,01,,cpv,24322210,,
01a0a4d3-42d3-44f0-b13d-d8b56e99fc69,01,LOT-0001,cpv,24322210,,
78d1a7ca-9cba-4604-87cb-316487d61edd,01,,cpv,77211100,03000000,
78d1a7ca-9cba-4604-87cb-316487d61edd,01,LOT-0001,cpv,03000000,,
78d1a7ca-9cba-4604-87cb-316487d61edd,01,LOT-0002,cpv,03000000,,
78d1a7ca-9cba-4604-87cb-316487d61edd,01,LOT-0003,cpv,03000000,,
78d1a7ca-9cba-4604-87cb-316487d61edd,01,LOT-0004,cpv,03000000,,
78d1a7ca-9cba-4604-87cb-316487d61edd,01,LOT-0005,cpv,03000000,,
78d1a7ca-9cba-4604-87cb-316487d61edd,01,LOT-0006,cpv,03000000,,
78d1a7ca-9cba-4604-87cb-316487d61edd,01,LOT-0007,cpv,03000000,,
78d1a7ca-9cba-4604-87cb-316487d61edd,01,LOT-0008,cpv,03000000,,
78d1a7ca-9cba-4604-87cb-316487d61edd,01,LOT-0009,cpv,03000000,,
78d1a7ca-9cba-4604-87cb-316487d61edd,01,LOT-0010,cpv,03000000,,
78d1a7ca-9cba-4604-87cb-316487d61edd,01,LOT-0011,cpv,03000000,,
78d1a7ca-9cba-4604-87cb-316487d61edd,01,LOT-0012,cpv,03000000,,
78d1a7ca-9cba-4604-87cb-316487d61edd,01,LOT-0013,cpv,03000000,,
78d1a7ca-9cba-4604-87cb-316487d61edd,01,LOT-0014,cpv,77211100,03000000,
78d1a7ca-9cba-4604-87cb-316487d61edd,01,LOT-0015,cpv,03000000,,
78d1a7ca-9cba-4604-87cb-316487d61edd,01,LOT-0016,cpv,03000000,,
d6da6ed7-48c3-48d2-9cac-66f689d15028,1,,,,,
d6da6ed7-48c3-48d2-9cac-66f689d15028,1,LOT-0000,,,,
f7488eee-a1ed-4f47-b78a-a9219f06abe3,1,,cpv,45000000,"43000000,44000000,71000000",
f7488eee-a1ed-4f47-b78a-a9219f06abe3,1,LOT-0000,cpv,45000000,"43000000,44000000,71000000",
25826990,1,,cpv,85312300,"85312000,85312320",
25826990,1,LOT-0000,cpv,85312300,"85312000,85312320",
25826986,1,,cpv,72267000,,
25826986,1,LOT-0000,cpv,72267000,,
25826982,1,,cpv,45233144,,
25826982,1,LOT-0000,cpv,45233144,,
25818298,1,,,,,
25818298,1,LOT-0000,,,,
25821782,1,,cpv,71000000-8,,
25821782,1,LOT-0000,cpv,71000000-8,,
25818322,2,,cpv,45,"43,44,71",
25818322,2,LOT-0000,cpv,45,"43,44,71",
25822872,1,,cpv,50,"51,55,66,70,71,75,77,79,80,85,90,92,98",
25822872,1,LOT-0000,cpv,50,"51,55,66,70,71,75,77,79,80,85,90,92,98",
25822876,1,,cpv,45,"43,44,71",
25822876,1,LOT-0000,cpv,45,"43,44,71",
25822880,1,,cpv,45,"43,44,71",
25822880,1,LOT-0000,cpv,45,"43,44,71",
25822884,1,,cpv,45,"43,44,71",
25822884,1,LOT-0000,cpv,45,"43,44,71",
25822888,1,,cpv,50,"51,55,66,70,71,75,77,79,80,85,90,92,98",
25822888,1,LOT-0000,cpv,50,"51,55,66,70,71,75,77,79,80,85,90,92,98",
25822892,1,,cpv,45,"43,44,71",
25822892,1,LOT-0000,cpv,45,"43,44,71",
25822896,1,,cpv,34,"60,63",
25822896,1,LOT-0000,cpv,34,"60,63",
25822900,1,,cpv,45,"43,44,71",
25822900,1,LOT-0000,cpv,45,"43,44,71",
25822904,1,,cpv,45,"43,44,71",
25822904,1,LOT-0000,cpv,45,"43,44,71",
25822908,1,,cpv,45,"43,44,71",
25822908,1,LOT-0000,cpv,45,"43,44,71",
25822912,1,,cpv,45,"43,44,71",
25822912,1,LOT-0000,cpv,45,"43,44,71",
25822916,1,,cpv,45,"43,44,71",
25822916,1,LOT-0000,cpv,45,"43,44,71",
25822920,1,,cpv,45,"43,44,71",
25822920,1,LOT-0000,cpv,45,"43,44,71",
25822924,1,,cpv,45,"43,44,71",
25822924,1,LOT-0000,cpv,45,"43,44,71",
25822928,1,,cpv,45,"43,44,71",
25822928,1,LOT-0000,cpv,45,"43,44,71",
25822932,1,,cpv,45,"43,44,71",
25822932,1,LOT-0000,cpv,45,"43,44,71",
25822936,1,,cpv,50,"51,55,66,70,71,75,77,79,80,85,90,92,98",
25822936,1,LOT-0000,cpv,50,"51,55,66,70,71,75,77,79,80,85,90,92,98",
25822944,1,,cpv,50,"51,55,66,70,71,75,77,79,80,85,90,92,98",
25822944,1,LOT-0000,cpv,50,"51,55,66,70,71,75,77,79,80,85,90,92,98",
25822948,1,,cpv,50,"51,55,66,70,71,75,77,79,80,85,90,92,98",
25822948,1,LOT-0000,cpv,50,"51,55,66,70,71,75,77,79,80,85,90,92,98",
25822952,1,,cpv,45,"43,44,71",
25822952,1,LOT-0000,cpv,45,"43,44,71",
25822956,1,,cpv,45,"43,44,71",
25822956,1,LOT-0000,cpv,45,"43,44,71",
25822960,1,,cpv,50,"51,55,66,70,71,75,77,79,80,85,90,92,98",
25822960,1,LOT-0000,cpv,50,"51,55,66,70,71,75,77,79,80,85,90,92,98",
25822964,1,,cpv,45,"43,44,71",
25822964,1,LOT-0000,cpv,45,"43,44,71",
25822836,1,,cpv,50,"51,55,66,70,71,75,77,79,80,85,90,92,98",
25822836,1,LOT-0000,cpv,50,"51,55,66,70,71,75,77,79,80,85,90,92,98",
25822840,1,,,,,
25822840,1,LOT-0000,,,,
25822844,1,,cpv,50,"51,55,66,70,71,75,77,79,80,85,90,92,98",
25822844,1,LOT-0000,cpv,50,"51,55,66,70,71,75,77,79,80,85,90,92,98",
25822848,1,,cpv,50,"51,55,66,70,71,75,77,79,80,85,90,92,98",
25822848,1,LOT-0000,cpv,50,"51,55,66,70,71,75,77,79,80,85,90,92,98",
25822852,1,,cpv,45,"43,44,71",
25822852,1,LOT-0000,cpv,45,"43,44,71",
25822856,1,,cpv,45,"43,44,71",
25822856,1,LOT-0000,cpv,45,"43,44,71",
25822860,1,,,,,
25822860,1,LOT-0000,,,,
25822868,1,,cpv,331,"385,389",
25822868,1,LOT-0000,cpv,331,"385,389",
25825356,1,,,,,
25825356,1,LOT-0000,,,,
25825360,1,,cpv,331,"385,389",
25825360,1,LOT-0000,cpv,331,"385,389",
25825364,1,,cpv,50,"51,55,66,70,71,75,77,79,80,85,90,92,98",
25825364,1,LOT-0000,cpv,50,"51,55,66,70,71,75,77,79,80,85,90,92,98",
25825368,1,,cpv,45,"43,44,71",
25825368,1,LOT-0000,cpv,45,"43,44,71",
25825372,1,,cpv,45,"43,44,71",
25825372,1,LOT-0000,cpv,45,"43,44,71",
25825376,1,,cpv,45,"43,44,71",
25825376,1,LOT-0000,cpv,45,"43,44,71",
25825380,1,,cpv,50,"51,55,66,70,71,75,77,79,80,85,90,92,98",
25825380,1,LOT-0000,cpv,50,"51,55,66,70,71,75,77,79,80,85,90,92,98",
25825384,1,,cpv,45,"43,44,71",
25825384,1,LOT-0000,cpv,45,"43,44,71",
25825388,1,,cpv,34,"60,63",
25825388,1,LOT-0000,cpv,34,"60,63",
25825392,1,,cpv,45,"43,44,71",
25825392,1,LOT-0000,cpv,45,"43,44,71",
25825396,1,,cpv,45,"43,44,71",
25825396,1,LOT-0000,cpv,45,"43,44,71",
25825400,1,,cpv,45,"43,44,71",
25825400,1,LOT-0000,cpv,45,"43,44,71",
25825404,1,,cpv,45,"43,44,71",
25825404,1,LOT-0000,cpv,45,"43,44,71",
25825408,1,,cpv,45,"43,44,71",
25825408,1,LOT-0000,cpv,45,"43,44,71",
25825412,1,,cpv,45,"43,44,71",
25825412,1,LOT-0000,cpv,45,"43,44,71",
25825416,1,,cpv,45,"43,44,71",
25825416,1,LOT-0000,cpv,45,"43,44,71",
25825420,1,,cpv,45,"43,44,71",
25825420,1,LOT-0000,cpv,45,"43,44,71",
25825424,1,,cpv,50,"51,55,66,70,71,75,77,79,80,85,90,92,98",
25825424,1,LOT-0000,cpv,50,"51,55,66,70,71,75,77,79,80,85,90,92,98",
25825428,1,,cpv,50,"51,55,66,70,71,75,77,79,80,85,90,92,98",
25825428,1,LOT-0000,cpv,50,"51,55,66,70,71,75,77,79,80,85,90,92,98",
25825432,1,,cpv,45,"43,44,71",
25825432,1,LOT-0000,cpv,45,"43,44,71",
25825436,1,,cpv,50,"51,55,66,70,71,75,77,79,80,85,90,92,98",
25825436,1,LOT-0000,cpv,50,"51,55,66,70,71,75,77,79,80,85,90,92,98",
25825440,1,,cpv,45,"43,44,71",
25825440,1,LOT-0000,cpv,45,"43,44,71",
25821438,2,,cpv,45,"43,44,71",
25821438,2,LOT-0000,cpv,45,"43,44,71",
25825332,1,,cpv,50,"51,55,66,70,71,75,77,79,80,85,90,92,98",
25825332,1,LOT-0000,cpv,50,"51,55,66,70,71,75,77,79,80,85,90,92,98",
25825336,1,,,,,
25825336,1,LOT-0000,,,,
25825340,1,,cpv,50,"51,55,66,70,71,75,77,79,80,85,90,92,98",
25825340,1,LOT-0000,cpv,50,"51,55,66,70,71,75,77,79,80,85,90,92,98",
25825344,1,,cpv,50,"51,55,66,70,71,75,77,79,80,85,90,92,98",
25825344,1,LOT-0000,cpv,50,"51,55,66,70,71,75,77,79,80,85,90,92,98",
25825348,1,,cpv,45,"43,44,71",
25825348,1,LOT-0000,cpv,45,"43,44,71",
25825352,1,,cpv,45,"43,44,71",
25825352,1,LOT-0000,cpv,45,"43,44,71",
25817140,2,,cpv,45,"43,44,71",
25817140,2,LOT-0000,cpv,45,"43,44,71",
25825328,1,,,,,
25825328,1,LOT-0000,,,,
25821434,2,,cpv,50,"51,55,66,70,71,75,77,79,80,85,90,92,98",
25821434,2,LOT-0000,cpv,50,"51,55,66,70,71,75,77,79,80,85,90,92,98",
25635804,1,,cpv,45,"43,44,71",
25635804,1,LOT-0000,cpv,45,"43,44,71",
25750966,2,,cpv,45,"43,44,71",
25750966,2,LOT-0000,cpv,45,"43,44,71",
25827228,1,,cpv,77000000-0,,
25827228,1,LOT-0000,cpv,77000000-0,,
25744564,2,,cpv,45422000-1,,
25744564,2,LOT-0000,cpv,45422000-1,,
25723776,3,,cpv,45234100,,
25723776,3,LOT-0000,cpv,45234100,,
25827124,1,,cpv,71000000 71500000-3 71300000 71631400-4,,
25827124,1,LOT-0000,cpv,71000000 71500000-3 71300000 71631400-4,,
25822500,1,,cpv,79710000,,
25822500,1,LOT-0000,cpv,79710000,,
25823454,1,,cpv,45113000-2,45100000-8,
25823454,1,LOT-0000,cpv,45113000-2,45100000-8,
25825624,1,,cpv,90524300-9,"85200000-1,90500000-2",
25825624,1,LOT-0000,cpv,90524300-9,"85200000-1,90500000-2",
25719552,1,,cpv,45234116,,
25719552,1,LOT-0000,cpv,45234116,,
25823356,1,,cpv,45443000-4,,
25823356,1,LOT-0000,cpv,45443000-4,,
25823352,1,,cpv,45452000-0,45443000-4,
25823352,1,LOT-0000,cpv,45452000-0,45443000-4,
25823338,1,,cpv,90911200-8,,
25823338,1,LOT-0000,cpv,90911200-8,,
25827156,1,,cpv,45,"43,44,71",
25827156,1,LOT-0000,cpv,45,"43,44,71",
25822526,1,,cpv,77000000,,
25822526,1,LOT-0000,cpv,77000000,,
25825788,1,,cpv,85000000-9,,
25825788,1,LOT-0000,cpv,85000000-9,,
25825848,1,,cpv,50711000-2,,
25825848,1,LOT-0000,cpv,50711000-2,,
25823450,1,,cpv,09330000-1,"09331000-8,09332000-5",
25823450,1,LOT-0000,cpv,09330000-1,"09331000-8,09332000-5",
25823310,1,,cpv,39150000-8,39100000-3,
25823310,1,LOT-0000,cpv,39150000-8,39100000-3,
25822816,1,,,,,
25822816,1,LOT-0000,,,,
25822756,1,,cpv,45,"43,44,71",
25822756,1,LOT-0000,cpv,45,"43,44,71",
25822708,1,,cpv,45,"43,44,71",
25822708,1,LOT-0000,cpv,45,"43,44,71",
25823406,1,,cpv,45111000-8,"45233200-1,45112700-2,45232410-9",
25823406,1,LOT-0000,cpv,45111000-8,"45233200-1,45112700-2,45232410-9",
25823012,1,,cpv,45000000-7,45312000-7,
25823012,1,LOT-0000,cpv,45000000-7,45312000-7,
25825852,1,,cpv,45330000-9,,
25825852,1,LOT-0000,cpv,45330000-9,,
25822632,1,,cpv,45,"43,44,71",
25822632,1,LOT-0000,cpv,45,"43,44,71",
25822628,1,,cpv,45,"43,44,71",
25822628,1,LOT-0000,cpv,45,"43,44,71",
25822624,1,,cpv,45,"43,44,71",
25822624,1,LOT-0000,cpv,45,"43,44,71",
25822620,1,,cpv,45,"43,44,71",
25822620,1,LOT-0000,cpv,45,"43,44,71",
25825660,1,,cpv,45233162-2,"45233161-5,45233120-6,45232000-2",
25825660,1,LOT-0000,cpv,45233162-2,"45233161-5,45233120-6,45232000-2",
25823334,1,,cpv,45112500-0,,
25823334,1,LOT-0000,cpv,45112500-0,,
25825784,1,,cpv,71630000-3,,
25825784,1,LOT-0000,cpv,71630000-3,,
25827188,1,,cpv,45,"43,44,71",
25827188,1,LOT-0000,cpv,45,"43,44,71",
25823104,1,,cpv,45331000-6,,
25823104,1,LOT-0000,cpv,45331000-6,,
25823326,1,,cpv,45260000-7,,
25823326,1,LOT-0000,cpv,45260000-7,,
25827084,1,,cpv,45,"43,44,71",
25827084,1,LOT-0000,cpv,45,"43,44,71",
25823348,1,,cpv,44115900-8,45212190-4,
25823348,1,LOT-0000,cpv,44115900-8,45212190-4,
25827184,1,,cpv,45,"43,44,71",
25827184,1,LOT-0000,cpv,45,"43,44,71",
25823344,1,,cpv,45261210-9,45261410-1,
25823344,1,LOT-0000,cpv,45261210-9,45261410-1,
25823446,1,,cpv,45431000-7,"45311200-2,45332400-7,45442100-8",
25823446,1,LOT-0000,cpv,45431000-7,"45311200-2,45332400-7,45442100-8",
25823442,1,,cpv,39112000-0,39110000-6,
25823442,1,LOT-0000,cpv,39112000-0,39110000-6,
25776634,2,,cpv,34100000,34144900,
25776634,2,LOT-0000,cpv,34100000,34144900,
25827180,1,,cpv,45,"43,44,71",
25827180,1,LOT-0000,cpv,45,"43,44,71",
25825628,1,,cpv,39120000-9,"39110000-6,39156000-0,39100000-3",
25825628,1,LOT-0000,cpv,39120000-9,"39110000-6,39156000-0,39100000-3",
25827176,1,,cpv,45,"43,44,71",
25827176,1,LOT-0000,cpv,45,"43,44,71",
25825462,1,,cpv,45233124,,
25825462,1,LOT-0000,cpv,45233124,,
25826954,1,,cpv,45110000,"45111000,45111100",
25826954,1,LOT-0000,cpv,45110000,"45111000,45111100",
25823214,1,,cpv,42510000-4,,
25823214,1,LOT-0000,cpv,42510000-4,,
25826978,1,,cpv,45,"43,44,71",
25826978,1,LOT-0000,cpv,45,"43,44,71",
25825776,1,,cpv,35113210-4,"39173000-5,35113300-2,44421722-4",
25825776,1,LOT-0000,cpv,35113210-4,"39173000-5,35113300-2,44421722-4",
25823084,1,,cpv,43261000-0,,
25823084,1,LOT-0000,cpv,43261000-0,,
25822616,1,,cpv,45,"43,44,71",
25822616,1,LOT-0000,cpv,45,"43,44,71",
25825844,1,,cpv,45330000-9,,
25825844,1,LOT-0000,cpv,45330000-9,,
25823218,1,,cpv,38970000-5,,
25823218,1,LOT-0000,cpv,38970000-5,,
25825772,1,,cpv,50000000-5,50344000-8,
25825772,1,LOT-0000,cpv,50000000-5,50344000-8,
25823076,1,,cpv,35810000-5,35000000-4,
25823076,1,LOT-0000,cpv,35810000-5,35000000-4,
25826950,1,,cpv,45314000,32424000,
25826950,1,LOT-0000,cpv,45314000,32424000,
25826974,1,,cpv,45,"43,44,71",
25826974,1,LOT-0000,cpv,45,"43,44,71",
25825446,1,,cpv,43612000,,
25825446,1,LOT-0000,cpv,43612000,,
25822748,1,,cpv,50,"51,55,66,70,71,75,77,79,80,85,90,92,98",
25822748,1,LOT-0000,cpv,50,"51,55,66,70,71,75,77,79,80,85,90,92,98",
25822584,1,,cpv,45,"43,44,71",
25822584,1,LOT-0000,cpv,45,"43,44,71",
25823072,1,,cpv,45111250-5,45221250-9,
25823072,1,LOT-0000,cpv,45111250-5,45221250-9,
25823056,1,,cpv,45232130-2,,
25823056,1,LOT-0000,cpv,45232130-2,,
25827172,1,,cpv,45,"43,44,71",
25827172,1,LOT-0000,cpv,45,"43,44,71",
25822664,1,,cpv,50,"51,55,66,70,71,75,77,79,80,85,90,92,98",
25822664,1,LOT-0000,cpv,50,"51,55,66,70,71,75,77,79,80,85,90,92,98",
25822612,1,,cpv,50,"51,55,66,70,71,75,77,79,80,85,90,92,98",
25822612,1,LOT-0000,cpv,50,"51,55,66,70,71,75,77,79,80,85,90,92,98",
25823478,1,,cpv,45421131-1,45422000-1,
25823478,1,LOT-0000,cpv,45421131-1,45422000-1,
25823784,1,,cpv,45261210,,
25823784,1,LOT-0000,cpv,45261210,,
25823508,1,,cpv,90712100-2,90711000-4,
25823508,1,LOT-0000,cpv,90712100-2,90711000-4,
25776550,2,,cpv,45210000,,
25776550,2,LOT-0000,cpv,45210000,,
25823306,1,,cpv,45313100-5,,
25823306,1,LOT-0000,cpv,45313100-5,,
25825644,1,,cpv,50118100-6,"50100000-6,50118110-9,50000000-5,50118200-7,50118400-9,50118300-8,50118500-0",
25825644,1,LOT-0000,cpv,50118100-6,"50100000-6,50118110-9,50000000-5,50118200-7,50118400-9,50118300-8,50118500-0",
25823474,1,,cpv,45410000-4,45443000-4,
25823474,1,LOT-0000,cpv,45410000-4,45443000-4,
25825840,1,,cpv,45330000-9,,
25825840,1,LOT-0000,cpv,45330000-9,,
25823294,1,,cpv,45000000-7,,
25823294,1,LOT-0000,cpv,45000000-7,,
25826942,1,,cpv,45316110,50232100,
25826942,1,LOT-0000,cpv,45316110,50232100,
25827168,1,,cpv,45,"43,44,71",
25827168,1,LOT-0000,cpv,45,"43,44,71",
25825818,1,,cpv,30000000-9,,
25825818,1,LOT-0000,cpv,30000000-9,,
25822828,1,,cpv,50,"51,55,66,70,71,75,77,79,80,85,90,92,98",
25822828,1,LOT-0000,cpv,50,"51,55,66,70,71,75,77,79,80,85,90,92,98",
25822608,1,,cpv,45,"43,44,71",
25822608,1,LOT-0000,cpv,45,"43,44,71",
25822604,1,,cpv,45,"43,44,71",
25822604,1,LOT-0000,cpv,45,"43,44,71",
25822994,1,,cpv,45112723-9,,
25822994,1,LOT-0000,cpv,45112723-9,,
25659566,4,,cpv,45234116,,
25659566,4,LOT-0000,cpv,45234116,,
25823282,1,,cpv,80000000-4,,
25823282,1,LOT-0000,cpv,80000000-4,,
25825324,1,,cpv,16600000,,
25825324,1,LOT-0000,cpv,16600000,,
25822498,1,,cpv,39515000,,
25822498,1,LOT-0000,cpv,39515000,,
25823230,1,,cpv,38434000-6,"38400000-9,38000000-5",
25823230,1,LOT-0000,cpv,38434000-6,"38400000-9,38000000-5",
25825610,1,,cpv,45262660-5,,
25825610,1,LOT-0000,cpv,45262660-5,,
25826052,1,,cpv,50,"51,55,66,70,71,75,77,79,80,85,90,92,98",
25826052,1,LOT-0000,cpv,50,"51,55,66,70,71,75,77,79,80,85,90,92,98",
25826056,1,,cpv,50,"51,55,66,70,71,75,77,79,80,85,90,92,98",
25826056,1,LOT-0000,cpv,50,"51,55,66,70,71,75,77,79,80,85,90,92,98",
25823362,1,,cpv,71300000-1,"71000000-8,71313000-5,71317200-5",
25823362,1,LOT-0000,cpv,71300000-1,"71000000-8,71313000-5,71317200-5",
25823366,1,,cpv,45000000-7,45240000-1,
25823366,1,LOT-0000,cpv,45000000-7,45240000-1,
25825606,1,,cpv,45442100-8,,
25825606,1,LOT-0000,cpv,45442100-8,,
25822600,1,,,,,
25822600,1,LOT-0000,,,,
25822596,1,,cpv,50,"51,55,66,70,71,75,77,79,80,85,90,92,98",
25822596,1,LOT-0000,cpv,50,"51,55,66,70,71,75,77,79,80,85,90,92,98",
25823060,1,,cpv,45300000-0,45316212-4,
25823060,1,LOT-0000,cpv,45300000-0,45316212-4,
25825602,1,,cpv,45310000-3,,
25825602,1,LOT-0000,cpv,45310000-3,,
25825648,1,,cpv,75250000-3,,
25825648,1,LOT-0000,cpv,75250000-3,,
25822804,1,,,,,
25822804,1,LOT-0000,,,,
25822800,1,,cpv,45,"43,44,71",
25822800,1,LOT-0000,cpv,45,"43,44,71",
25823470,1,,cpv,45111200-0,"45220000-5,45000000-7,45221250-9,45246200-5,45262210-6,45111220-6",
25823470,1,LOT-0000,cpv,45111200-0,"45220000-5,45000000-7,45221250-9,45246200-5,45262210-6,45111220-6",
25825768,1,,cpv,71317210-8,71317200-5,
25825768,1,LOT-0000,cpv,71317210-8,71317200-5,
25826918,1,,cpv,45234100,"45000000,45222000,45233200,45234116,45314310,45112700,45213321,45221250,45234000,79710000,79714000,63711000,45236000",
25826918,1,LOT-0000,cpv,45234100,"45000000,45222000,45233200,45234116,45314310,45112700,45213321,45221250,45234000,79710000,79714000,63711000,45236000",
25822796,1,,cpv,45,"43,44,71",
25822796,1,LOT-0000,cpv,45,"43,44,71",
25822744,1,,cpv,50,"51,55,66,70,71,75,77,79,80,85,90,92,98",
25822744,1,LOT-0000,cpv,50,"51,55,66,70,71,75,77,79,80,85,90,92,98",
25822752,1,,cpv,50,"51,55,66,70,71,75,77,79,80,85,90,92,98",
25822752,1,LOT-0000,cpv,50,"51,55,66,70,71,75,77,79,80,85,90,92,98",
25822672,1,,,,,
25822672,1,LOT-0000,,,,
25822668,1,,,,,
25822668,1,LOT-0000,,,,
25822990,1,,cpv,45200000-9,45230000-8,
25822990,1,LOT-0000,cpv,45200000-9,45230000-8,
25822478,1,,cpv,50,"51,55,66,70,71,75,77,79,80,85,90,92,98",
25822478,1,LOT-0000,cpv,50,"51,55,66,70,71,75,77,79,80,85,90,92,98",
25823158,1,,cpv,98341120-2,,
25823158,1,LOT-0000,cpv,98341120-2,,
25807478,2,,cpv,45421100,"45421130,45421132,45421131",
25807478,2,LOT-0000,cpv,45421100,"45421130,45421132,45421131",
25822792,1,,cpv,45,"43,44,71",
25822792,1,LOT-0000,cpv,45,"43,44,71",
25822784,1,,cpv,50,"51,55,66,70,71,75,77,79,80,85,90,92,98",
25822784,1,LOT-0000,cpv,50,"51,55,66,70,71,75,77,79,80,85,90,92,98",
25822592,1,,cpv,45,"43,44,71",
25822592,1,LOT-0000,cpv,45,"43,44,71",
25822580,1,,cpv,50,"51,55,66,70,71,75,77,79,80,85,90,92,98",
25822580,1,LOT-0000,cpv,50,"51,55,66,70,71,75,77,79,80,85,90,92,98",
25823438,1,,cpv,72267000-4,"72261000-2,72267100-0",
25823438,1,LOT-0000,cpv,72267000-4,"72261000-2,72267100-0",
25825666,1,,cpv,45442100-8,,
25825666,1,LOT-0000,cpv,45442100-8,,
25825718,1,,cpv,16800000-3,16700000-2,
25825718,1,LOT-0000,cpv,16800000-3,16700000-2,
25825636,1,,cpv,45261300-7,45261210-9,
25825636,1,LOT-0000,cpv,45261300-7,45261210-9,
25825824,1,,cpv,30237134-7,"30237130-9,30211100-2",
25825824,1,LOT-0000,cpv,30237134-7,"30237130-9,30211100-2",
25825316,1,,cpv,30000000,,
25825316,1,LOT-0000,cpv,30000000,,
25758778,3,,cpv,45000000,,
25758778,3,LOT-0000,cpv,45000000,,
25823266,1,,cpv,79414000-9,,
25823266,1,LOT-0000,cpv,79414000-9,,
25823052,1,,cpv,45311200-2,,
25823052,1,LOT-0000,cpv,45311200-2,,
25822780,1,,,,,
25822780,1,LOT-0000,,,,
25823262,1,,cpv,90922000-6,"90000000-7,90670000-4,90921000-9",
25823262,1,LOT-0000,cpv,90922000-6,"90000000-7,90670000-4,90921000-9",
25825586,1,,cpv,45233140-2,"45233120-6,45233222-1,45233141-9,45233200-1,45233252-0",
25825586,1,LOT-0000,cpv,45233140-2,"45233120-6,45233222-1,45233141-9,45233200-1,45233252-0",
25822652,1,,cpv,45,"43,44,71",
25822652,1,LOT-0000,cpv,45,"43,44,71",
25823430,1,,cpv,44613700-7,,
25823430,1,LOT-0000,cpv,44613700-7,,
25823772,1,,cpv,45112710,,
25823772,1,LOT-0000,cpv,45112710,,
25826946,1,,cpv,45,"43,44,71",
25826946,1,LOT-0000,cpv,45,"43,44,71",
25823768,1,,cpv,90000000,,
25823768,1,LOT-0000,cpv,90000000,,
25822568,1,,cpv,45,"43,44,71",
25822568,1,LOT-0000,cpv,45,"43,44,71",
25823254,1,,cpv,45111100-9,45262660-5,
25823254,1,LOT-0000,cpv,45111100-9,45262660-5,
25822978,1,,cpv,48820000-2,72500000-0,
25822978,1,LOT-0000,cpv,48820000-2,72500000-0,
25823434,1,,cpv,48800000-6,48822000-6,
25823434,1,LOT-0000,cpv,48800000-6,48822000-6,
25825458,1,,cpv,45000000,,
25825458,1,LOT-0000,cpv,45000000,,
25822564,1,,cpv,45,"43,44,71",
25822564,1,LOT-0000,cpv,45,"43,44,71",
25823764,1,,cpv,45,"43,44,71",
25823764,1,LOT-0000,cpv,45,"43,44,71",
25823426,1,,cpv,75131000-3,79414000-9,
25823426,1,LOT-0000,cpv,75131000-3,79414000-9,
25823048,1,,cpv,90740000-6,,
25823048,1,LOT-0000,cpv,90740000-6,,
25822740,1,,cpv,45,"43,44,71",
25822740,1,LOT-0000,cpv,45,"43,44,71",
25822560,1,,cpv,45,"43,44,71",
25822560,1,LOT-0000,cpv,45,"43,44,71",
25825442,1,,cpv,45000000,,
25825442,1,LOT-0000,cpv,45000000,,
25826048,1,,cpv,50,"51,55,66,70,71,75,77,79,80,85,90,92,98",
25826048,1,LOT-0000,cpv,50,"51,55,66,70,71,75,77,79,80,85,90,92,98",
25825308,1,,cpv,43000000,,
25825308,1,LOT-0000,cpv,43000000,,
25826926,1,,cpv,45,"43,44,71",
25826926,1,LOT-0000,cpv,45,"43,44,71",
25823250,1,,cpv,90911200-8,,
25823250,1,LOT-0000,cpv,90911200-8,,
25771066,2,,cpv,45421131,,
25771066,2,LOT-0000,cpv,45421131,,
25823246,1,,cpv,38000000-5,,
25823246,1,LOT-0000,cpv,38000000-5,,
25823162,1,,cpv,45317300-5,"45311200-2,45315400-2,45315600-4,45317000-2,45311000-0,45315100-9",
25823162,1,LOT-0000,cpv,45317300-5,"45311200-2,45315400-2,45315600-4,45317000-2,45311000-0,45315100-9",
25823460,1,,cpv,44482100,,
25823460,1,LOT-0000,cpv,44482100,,
25822700,1,,cpv,45,"43,44,71",
25822700,1,LOT-0000,cpv,45,"43,44,71",
25776542,4,,cpv,90900000,,
25776542,4,LOT-0000,cpv,90900000,,
25823044,1,,cpv,45233280-5,"34928110-2,45233139-3,45233100-0",
25823044,1,LOT-0000,cpv,45233280-5,"34928110-2,45233139-3,45233100-0",
25826894,1,,cpv,32230000,"32270000,32344220",
25826894,1,LOT-0000,cpv,32230000,"32270000,32344220",
25825656,1,,cpv,48612000-1,"48613000-8,48614000-5,48611000-4,48610000-7",
25825656,1,LOT-0000,cpv,48612000-1,"48613000-8,48614000-5,48611000-4,48610000-7",
25823242,1,,cpv,73100000-3,,
25823242,1,LOT-0000,cpv,73100000-3,,
25826922,1,,cpv,45,"43,44,71",
25826922,1,LOT-0000,cpv,45,"43,44,71",
25823154,1,,cpv,79713000-5,,
25823154,1,LOT-0000,cpv,79713000-5,,
25822510,1,,cpv,50,"51,55,66,70,71,75,77,79,80,85,90,92,98",
25822510,1,LOT-0000,cpv,50,"51,55,66,70,71,75,77,79,80,85,90,92,98",
25823422,1,,cpv,38518200-1,38000000-5,
25823422,1,LOT-0000,cpv,38518200-1,38000000-5,
25825304,1,,cpv,37400000,,
25825304,1,LOT-0000,cpv,37400000,,
25822736,1,,,,,
25822736,1,LOT-0000,,,,
25825706,1,,cpv,45223220-4,"45112500-0,45262300-4,45262310-7",
25825706,1,LOT-0000,cpv,45223220-4,"45112500-0,45262300-4,45262310-7",
25826914,1,,cpv,45,"43,44,71",
25826914,1,LOT-0000,cpv,45,"43,44,71",
25826004,1,,cpv,45,"43,44,71",
25826004,1,LOT-0000,cpv,45,"43,44,71",
25826008,1,,cpv,45,"43,44,71",
25826008,1,LOT-0000,cpv,45,"43,44,71",
25823238,1,,cpv,71317200-5,,
25823238,1,LOT-0000,cpv,71317200-5,,
25781004,2,,cpv,39162100,39162200,
25781004,2,LOT-0000,cpv,39162100,39162200,
25823418,1,,cpv,38436000-0,38436300-3,
25823418,1,LOT-0000,cpv,38436000-0,38436300-3,
25826910,1,,cpv,50,"51,55,66,70,71,75,77,79,80,85,90,92,98",
25826910,1,LOT-0000,cpv,50,"51,55,66,70,71,75,77,79,80,85,90,92,98",
25823466,1,,cpv,45112200-7,"44912400-0,45221250-9,14212000-0",
25823466,1,LOT-0000,cpv,45112200-7,"44912400-0,45221250-9,14212000-0",
25825300,1,,cpv,34100000,,
25825300,1,LOT-0000,cpv,34100000,,
25825620,1,,cpv,03451000-6,,
25825620,1,LOT-0000,cpv,03451000-6,,
25823234,1,,cpv,80510000-2,80522000-9,
25823234,1,LOT-0000,cpv,80510000-2,80522000-9,
25825702,1,,cpv,45324000-4,,
25825702,1,LOT-0000,cpv,45324000-4,,
25823370,1,,cpv,90733200-6,"90733900-3,45000000-7,45245000-6",
25823370,1,LOT-0000,cpv,90733200-6,"90733900-3,45000000-7,45245000-6",
25826886,1,,cpv,45233222,45247110,
25826886,1,LOT-0000,cpv,45233222,45247110,
25826102,1,,cpv,18,"19,22,31,30,39",
25826102,1,LOT-0000,cpv,18,"19,22,31,30,39",
25826906,1,,cpv,45,"43,44,71",
25826906,1,LOT-0000,cpv,45,"43,44,71",
25823040,1,,cpv,42414100-2,45000000-7,
25823040,1,LOT-0000,cpv,42414100-2,45000000-7,
25823752,1,,cpv,38000000,,
25823752,1,LOT-0000,cpv,38000000,,
25823748,1,,cpv,45000000,,
25823748,1,LOT-0000,cpv,45000000,,
25823170,1,,cpv,45324000-4,,
25823170,1,LOT-0000,cpv,45324000-4,,
25825296,1,,cpv,45251143,,
25825296,1,LOT-0000,cpv,45251143,,
25823410,1,,cpv,77310000-6,"77314000-4,90720000-0",
25823410,1,LOT-0000,cpv,77310000-6,"77314000-4,90720000-0",
25822552,1,,cpv,45,"43,44,71",
25822552,1,LOT-0000,cpv,45,"43,44,71",
25823456,1,,cpv,44212310,,
25823456,1,LOT-0000,cpv,44212310,,
25822776,1,,,,,
25822776,1,LOT-0000,,,,
25823032,1,,cpv,45422000-1,,
25823032,1,LOT-0000,cpv,45422000-1,,
25823382,1,,cpv,39296000-3,"33970000-0,98371000-4,98371200-6,98370000-7,33900000-9",
25823382,1,LOT-0000,cpv,39296000-3,"33970000-0,98371000-4,98371200-6,98370000-7,33900000-9",
25823016,1,,cpv,45111200-0,"77211400-6,45000000-7",
25823016,1,LOT-0000,cpv,45111200-0,"77211400-6,45000000-7",
25823402,1,,cpv,45300000-0,45112700-2,
25823402,1,LOT-0000,cpv,45300000-0,45112700-2,
25822732,1,,cpv,45,"43,44,71",
25822732,1,LOT-0000,cpv,45,"43,44,71",
25823654,1,,cpv,43324100,"45212212,45248000,45252120",
25823654,1,LOT-0000,cpv,43324100,"45212212,45248000,45252120",
25823378,1,,cpv,72611000-6,"72225000-8,72220000-3,72253000-3",
25823378,1,LOT-0000,cpv,72611000-6,"72225000-8,72220000-3,72253000-3",
25825652,1,,cpv,45421130-4,45262670-8,
25825652,1,LOT-0000,cpv,45421130-4,45262670-8,
25823028,1,,cpv,34143000-1,,
25823028,1,LOT-0000,cpv,34143000-1,,
25822768,1,,,,,
25822768,1,LOT-0000,,,,
25822724,1,,cpv,45,"43,44,71",
25822724,1,LOT-0000,cpv,45,"43,44,71",
25822728,1,,cpv,45,"43,44,71",
25822728,1,LOT-0000,cpv,45,"43,44,71",
25822720,1,,cpv,45,"43,44,71",
25822720,1,LOT-0000,cpv,45,"43,44,71",
25822712,1,,cpv,45,"43,44,71",
25822712,1,LOT-0000,cpv,45,"43,44,71",
25822716,1,,cpv,45,"43,44,71",
25822716,1,LOT-0000,cpv,45,"43,44,71",
25822696,1,,cpv,45,"43,44,71",
25822696,1,LOT-0000,cpv,45,"43,44,71",
25822680,1,,cpv,45,"43,44,71",
25822680,1,LOT-0000,cpv,45,"43,44,71",
25823724,1,,cpv,45,"43,44,71",
25823724,1,LOT-0000,cpv,45,"43,44,71",
25827160,1,,cpv,45,"43,44,71",
25827160,1,LOT-0000,cpv,45,"43,44,71",
25825454,1,,cpv,45410000,,
25825454,1,LOT-0000,cpv,45410000,,
25822832,1,,cpv,45,"43,44,71",
25822832,1,LOT-0000,cpv,45,"43,44,71",
25822760,1,,,,,
25822760,1,LOT-0000,,,,
25822676,1,,cpv,45,"43,44,71",
25822676,1,LOT-0000,cpv,45,"43,44,71",
25822644,1,,,,,
25822644,1,LOT-0000,,,,
25822640,1,,cpv,45,"43,44,71",
25822640,1,LOT-0000,cpv,45,"43,44,71",
25823226,1,,cpv,45000000-7,,
25823226,1,LOT-0000,cpv,45000000-7,,
25825752,1,,cpv,79000000-4,"30000000-9,72000000-5",
25825752,1,LOT-0000,cpv,79000000-4,"30000000-9,72000000-5",
25825814,1,,cpv,77211500-7,,
25825814,1,LOT-0000,cpv,77211500-7,,
25822548,1,,cpv,45,"43,44,71",
25822548,1,LOT-0000,cpv,45,"43,44,71",
25822528,1,,cpv,45,"43,44,71",
25822528,1,LOT-0000,cpv,45,"43,44,71",
25823140,1,,cpv,45243510-0,45240000-1,
25823140,1,LOT-0000,cpv,45243510-0,45240000-1,
25827148,1,,cpv,45,"43,44,71",
25827148,1,LOT-0000,cpv,45,"43,44,71",
25822474,1,,cpv,45,"43,44,71",
25822474,1,LOT-0000,cpv,45,"43,44,71",
25822536,1,,cpv,45,"43,44,71",
25822536,1,LOT-0000,cpv,45,"43,44,71",
25825670,1,,cpv,45262300-4,"45000000-7,45232400-6,45247110-4",
25825670,1,LOT-0000,cpv,45262300-4,"45000000-7,45232400-6,45247110-4",
25822532,1,,,,,
25822532,1,LOT-0000,,,,
25825268,1,,cpv,32000000,,
25825268,1,LOT-0000,cpv,32000000,,
25822660,1,,,,,
25822660,1,LOT-0000,,,,
25822656,1,,,,,
25822656,1,LOT-0000,,,,
25826854,1,,cpv,45313100,,
25826854,1,LOT-0000,cpv,45313100,,
25826850,1,,cpv,03400000,"03410000,34928210",
25826850,1,LOT-0000,cpv,03400000,"03410000,34928210",
25825516,1,,cpv,45,"43,44,71",
25825516,1,LOT-0000,cpv,45,"43,44,71",
25825528,1,,cpv,50,"51,55,66,70,71,75,77,79,80,85,90,92,98",
25825528,1,LOT-0000,cpv,50,"51,55,66,70,71,75,77,79,80,85,90,92,98",
25825536,1,,cpv,45,"43,44,71",
25825536,1,LOT-0000,cpv,45,"43,44,71",
25825540,1,,cpv,50,"51,55,66,70,71,75,77,79,80,85,90,92,98",
25825540,1,LOT-0000,cpv,50,"51,55,66,70,71,75,77,79,80,85,90,92,98",
25825544,1,,cpv,45,"43,44,71",
25825544,1,LOT-0000,cpv,45,"43,44,71",
25825552,1,,cpv,45,"43,44,71",
25825552,1,LOT-0000,cpv,45,"43,44,71",
25825556,1,,cpv,50,"51,55,66,70,71,75,77,79,80,85,90,92,98",
25825556,1,LOT-0000,cpv,50,"51,55,66,70,71,75,77,79,80,85,90,92,98",
25825560,1,,cpv,50,"51,55,66,70,71,75,77,79,80,85,90,92,98",
25825560,1,LOT-0000,cpv,50,"51,55,66,70,71,75,77,79,80,85,90,92,98",
25825564,1,,cpv,50,"51,55,66,70,71,75,77,79,80,85,90,92,98",
25825564,1,LOT-0000,cpv,50,"51,55,66,70,71,75,77,79,80,85,90,92,98",
25825568,1,,cpv,50,"51,55,66,70,71,75,77,79,80,85,90,92,98",
25825568,1,LOT-0000,cpv,50,"51,55,66,70,71,75,77,79,80,85,90,92,98",
25825572,1,,cpv,50,"51,55,66,70,71,75,77,79,80,85,90,92,98",
25825572,1,LOT-0000,cpv,50,"51,55,66,70,71,75,77,79,80,85,90,92,98",
25825580,1,,cpv,50,"51,55,66,70,71,75,77,79,80,85,90,92,98",
25825580,1,LOT-0000,cpv,50,"51,55,66,70,71,75,77,79,80,85,90,92,98",
25825484,1,,cpv,45,"43,44,71",
25825484,1,LOT-0000,cpv,45,"43,44,71",
25823136,1,,cpv,45240000-1,,
25823136,1,LOT-0000,cpv,45240000-1,,
25824728,1,,cpv,42,"16,43",
25824728,1,LOT-0000,cpv,42,"16,43",
25824736,1,,cpv,34,"60,63",
25824736,1,LOT-0000,cpv,34,"60,63",
25824744,1,,cpv,34,"60,63",
25824744,1,LOT-0000,cpv,34,"60,63",
25823492,1,,cpv,45000000-7,,
25823492,1,LOT-0000,cpv,45000000-7,,
25825480,1,,cpv,50,"51,55,66,70,71,75,77,79,80,85,90,92,98",
25825480,1,LOT-0000,cpv,50,"51,55,66,70,71,75,77,79,80,85,90,92,98",
25825640,1,,cpv,45431000-7,45431100-8,
25825640,1,LOT-0000,cpv,45431000-7,45431100-8,
25825798,1,,cpv,45233120-6,,
25825798,1,LOT-0000,cpv,45233120-6,,
25825832,1,,cpv,45233120-6,,
25825832,1,LOT-0000,cpv,45233120-6,,
25825748,1,,cpv,45250000-4,,
25825748,1,LOT-0000,cpv,45250000-4,,
25826000,1,,cpv,42512300-1,"45331000-6,45315000-8",
25826000,1,LOT-0000,cpv,42512300-1,"45331000-6,45315000-8",
25826020,1,,cpv,35113000-9,,
25826020,1,LOT-0000,cpv,35113000-9,,
25826024,1,,cpv,71410000-5,,
25826024,1,LOT-0000,cpv,71410000-5,,
25826028,1,,cpv,45,"43,44,71",
25826028,1,LOT-0000,cpv,45,"43,44,71",
25826032,1,,cpv,45,"43,44,71",
25826032,1,LOT-0000,cpv,45,"43,44,71",
25826036,1,,cpv,45,"43,44,71",
25826036,1,LOT-0000,cpv,45,"43,44,71",
25826040,1,,cpv,31122000-7,,
25826040,1,LOT-0000,cpv,31122000-7,,
25826044,1,,cpv,45,"43,44,71",
25826044,1,LOT-0000,cpv,45,"43,44,71",
25826070,1,,cpv,50532100-4,,
25826070,1,LOT-0000,cpv,50532100-4,,
25826074,1,,cpv,37535200-9,,
25826074,1,LOT-0000,cpv,37535200-9,,
25826082,1,,cpv,50,"51,55,66,70,71,75,77,79,80,85,90,92,98",
25826082,1,LOT-0000,cpv,50,"51,55,66,70,71,75,77,79,80,85,90,92,98",
25826086,1,,cpv,45262660-5,,
25826086,1,LOT-0000,cpv,45262660-5,,
25825996,1,,cpv,34927100-2,44113910-7,
25825996,1,LOT-0000,cpv,34927100-2,44113910-7,
25826012,1,,cpv,45,"43,44,71",
25826012,1,LOT-0000,cpv,45,"43,44,71",
25826016,1,,cpv,45262670-8,,
25826016,1,LOT-0000,cpv,45262670-8,,
25826094,1,,cpv,50,"51,55,66,70,71,75,77,79,80,85,90,92,98",
25826094,1,LOT-0000,cpv,50,"51,55,66,70,71,75,77,79,80,85,90,92,98",
25826058,1,,cpv,45112700-2,,
25826058,1,LOT-0000,cpv,45112700-2,,
25826098,1,,cpv,50,"51,55,66,70,71,75,77,79,80,85,90,92,98",
25826098,1,LOT-0000,cpv,50,"51,55,66,70,71,75,77,79,80,85,90,92,98",
25825836,1,,cpv,45341000-9,45340000-2,
25825836,1,LOT-0000,cpv,45341000-9,45340000-2,
25827232,1,,cpv,73,38,
25827232,1,LOT-0000,cpv,73,38,
25827236,1,,,,,
25827236,1,LOT-0000,,,,
25827200,1,,,,,
25827200,1,LOT-0000,,,,
25825584,1,,cpv,50,"51,55,66,70,71,75,77,79,80,85,90,92,98",
25825584,1,LOT-0000,cpv,50,"51,55,66,70,71,75,77,79,80,85,90,92,98",
25823484,1,,cpv,79000000-4,,
25823484,1,LOT-0000,cpv,79000000-4,,
25823480,1,,cpv,79000000-4,,
25823480,1,LOT-0000,cpv,79000000-4,,
25823108,1,,cpv,45232141-2,,
25823108,1,LOT-0000,cpv,45232141-2,,
25823788,1,,cpv,45431000,,
25823788,1,LOT-0000,cpv,45431000,,
25825632,1,,cpv,42416100-6,,
25825632,1,LOT-0000,cpv,42416100-6,,
25826970,1,,cpv,72000000,,
25826970,1,LOT-0000,cpv,72000000,,
25825828,1,,cpv,48490000-9,"75131000-3,72212490-0,79418000-7",
25825828,1,LOT-0000,cpv,48490000-9,"75131000-3,72212490-0,79418000-7",
25823330,1,,cpv,92522000-6,"45442100-8,45443000-4",
25823330,1,LOT-0000,cpv,92522000-6,"45442100-8,45443000-4",
25823512,1,,cpv,79411000-8,80400000-8,
25823512,1,LOT-0000,cpv,79411000-8,80400000-8,
25825780,1,,cpv,48820000-2,,
25825780,1,LOT-0000,cpv,48820000-2,,
25825576,1,,cpv,50,"51,55,66,70,71,75,77,79,80,85,90,92,98",
25825576,1,LOT-0000,cpv,50,"51,55,66,70,71,75,77,79,80,85,90,92,98",
25823666,1,,,,,
25823666,1,LOT-0000,,,,
25823322,1,,cpv,45234116-2,,
25823322,1,LOT-0000,cpv,45234116-2,,
25823318,1,,cpv,45234116-2,,
25823318,1,LOT-0000,cpv,45234116-2,,
25826962,1,,cpv,45233120,,
25826962,1,LOT-0000,cpv,45233120,,
25826966,1,,cpv,45233120,,
25826966,1,LOT-0000,cpv,45233120,,
25823100,1,,cpv,79952000-2,,
25823100,1,LOT-0000,cpv,79952000-2,,
25823096,1,,cpv,45311000-0,,
25823096,1,LOT-0000,cpv,45311000-0,,
25826958,1,,cpv,72267000,,
25826958,1,LOT-0000,cpv,72267000,,
25823092,1,,cpv,45330000-9,,
25823092,1,LOT-0000,cpv,45330000-9,,
25823088,1,,cpv,45262670-8,,
25823088,1,LOT-0000,cpv,45262670-8,,
25823080,1,,cpv,45233222-1,,
25823080,1,LOT-0000,cpv,45233222-1,,
25823662,1,,,,,
25823662,1,LOT-0000,,,,
25823658,1,,,,,
25823658,1,LOT-0000,,,,
25823314,1,,cpv,72252000-6,,
25823314,1,LOT-0000,cpv,72252000-6,,
25823068,1,,cpv,45233222-1,,
25823068,1,LOT-0000,cpv,45233222-1,,
25822812,1,,cpv,45,"43,44,71",
25822812,1,LOT-0000,cpv,45,"43,44,71",
25823504,1,,cpv,75131000-3,,
25823504,1,LOT-0000,cpv,75131000-3,,
25823302,1,,cpv,45430000-0,,
25823302,1,LOT-0000,cpv,45430000-0,,
25827112,1,,cpv,45112000-5 45100000-8,,
25827112,1,LOT-0000,cpv,45112000-5 45100000-8,,
25825590,1,,cpv,45247110-4,,
25825590,1,LOT-0000,cpv,45247110-4,,
25823298,1,,cpv,45223800-4,,
25823298,1,LOT-0000,cpv,45223800-4,,
25823134,1,,cpv,32322000-6,,
25823134,1,LOT-0000,cpv,32322000-6,,
25823064,1,,cpv,45212200-8,,
25823064,1,LOT-0000,cpv,45212200-8,,
25823290,1,,cpv,45324000-4,,
25823290,1,LOT-0000,cpv,45324000-4,,
25826938,1,,cpv,45221113,"45111100,45112000,45221115,71337000,45262300",
25826938,1,LOT-0000,cpv,45221113,"45111100,45112000,45221115,71337000,45262300",
25823286,1,,cpv,45431000-7,,
25823286,1,LOT-0000,cpv,45431000-7,,
25823500,1,,cpv,71241000-9,,
25823500,1,LOT-0000,cpv,71241000-9,,
25823278,1,,cpv,45262500-6,,
25823278,1,LOT-0000,cpv,45262500-6,,
25826934,1,,cpv,34144900,,
25826934,1,LOT-0000,cpv,34144900,,
25823274,1,,cpv,45231300-8,,
25823274,1,LOT-0000,cpv,45231300-8,,
25823496,1,,cpv,71800000-6,90500000-2,
25823496,1,LOT-0000,cpv,71800000-6,90500000-2,
25826930,1,,cpv,45112700,,
25826930,1,LOT-0000,cpv,45112700,,
25825320,1,,cpv,45331000,,
25825320,1,LOT-0000,cpv,45331000,,
25823270,1,,cpv,45221250-9,,
25823270,1,LOT-0000,cpv,45221250-9,,
25822588,1,,,,,
25822588,1,LOT-0000,,,,
25825488,1,,cpv,50,"51,55,66,70,71,75,77,79,80,85,90,92,98",
25825488,1,LOT-0000,cpv,50,"51,55,66,70,71,75,77,79,80,85,90,92,98",
25827152,1,,cpv,45,"43,44,71",
25827152,1,LOT-0000,cpv,45,"43,44,71",
25825312,1,,cpv,72260000,,
25825312,1,LOT-0000,cpv,72260000,,
25823258,1,,cpv,45233120-6,"45233222-1,45112700-2",
25823258,1,LOT-0000,cpv,45233120-6,"45233222-1,45112700-2",
25827108,1,,cpv,45,"43,44,71",
25827108,1,LOT-0000,cpv,45,"43,44,71",
25825598,1,,cpv,45200000-9,,
25825598,1,LOT-0000,cpv,45200000-9,,
25822572,1,,,,,
25822572,1,LOT-0000,,,,
25826902,1,,cpv,34942100,45231000,
25826902,1,LOT-0000,cpv,34942100,45231000,
25825764,1,,cpv,31120000-3,,
25825764,1,LOT-0000,cpv,31120000-3,,
25827080,1,,cpv,45300000-0 45315000-8,,
25827080,1,LOT-0000,cpv,45300000-0 45315000-8,,
25827088,1,,cpv,45,"43,44,71",
25827088,1,LOT-0000,cpv,45,"43,44,71",
25823760,1,,cpv,45111100,,
25823760,1,LOT-0000,cpv,45111100,,
25827096,1,,cpv,45,"43,44,71",
25827096,1,LOT-0000,cpv,45,"43,44,71",
25822982,1,,cpv,45422100-2,45443000-4,
25822982,1,LOT-0000,cpv,45422100-2,45443000-4,
25825714,1,,cpv,45000000-7,45233120-6,
25825714,1,LOT-0000,cpv,45000000-7,45233120-6,
25826898,1,,cpv,72000000,,
25826898,1,LOT-0000,cpv,72000000,,
25825710,1,,cpv,71300000-1,"71000000-8,71200000-0,71327000-6,71319000-7,71500000-3,71328000-3",
25825710,1,LOT-0000,cpv,71300000-1,"71000000-8,71200000-0,71327000-6,71319000-7,71500000-3,71328000-3",
25825760,1,,cpv,38432200-4,,
25825760,1,LOT-0000,cpv,38432200-4,,
25827092,1,,cpv,45,"43,44,71",
25827092,1,LOT-0000,cpv,45,"43,44,71",
25826890,1,,cpv,48100000,,
25826890,1,LOT-0000,cpv,48100000,,
25825450,1,,cpv,45261210,,
25825450,1,LOT-0000,cpv,45261210,,
25827100,1,,cpv,45,"43,44,71",
25827100,1,LOT-0000,cpv,45,"43,44,71",
25827104,1,,cpv,45,"43,44,71",
25827104,1,LOT-0000,cpv,45,"43,44,71",
25825520,1,,cpv,50,"51,55,66,70,71,75,77,79,80,85,90,92,98",
25825520,1,LOT-0000,cpv,50,"51,55,66,70,71,75,77,79,80,85,90,92,98",
25822984,1,,cpv,45261210-9,45443000-4,
25822984,1,LOT-0000,cpv,45261210-9,45443000-4,
25825678,1,,cpv,45311200-2,,
25825678,1,LOT-0000,cpv,45311200-2,,
25822648,1,,cpv,45,"43,44,71",
25822648,1,LOT-0000,cpv,45,"43,44,71",
25823414,1,,cpv,45111100-9,,
25823414,1,LOT-0000,cpv,45111100-9,,
25826882,1,,cpv,45315100,,
25826882,1,LOT-0000,cpv,45315100,,
25822556,1,,cpv,45,"43,44,71",
25822556,1,LOT-0000,cpv,45,"43,44,71",
25826878,1,,cpv,30200000,30230000,
25826878,1,LOT-0000,cpv,30200000,30230000,
25823036,1,,cpv,38310000-1,,
25823036,1,LOT-0000,cpv,38310000-1,,
25823740,1,,cpv,45233000,,
25823740,1,LOT-0000,cpv,45233000,,
25823744,1,,cpv,50,"51,55,66,70,71,75,77,79,80,85,90,92,98",
25823744,1,LOT-0000,cpv,50,"51,55,66,70,71,75,77,79,80,85,90,92,98",
25825594,1,,cpv,79713000-5,,
25825594,1,LOT-0000,cpv,79713000-5,,
25823736,1,,cpv,331,"385,389",
25823736,1,LOT-0000,cpv,331,"385,389",
25825756,1,,cpv,45231300-8,,
25825756,1,LOT-0000,cpv,45231300-8,,
25825276,1,,cpv,71240000,,
25825276,1,LOT-0000,cpv,71240000,,
25822692,1,,cpv,45,"43,44,71",
25822692,1,LOT-0000,cpv,45,"43,44,71",
25822636,1,,cpv,45,"43,44,71",
25822636,1,LOT-0000,cpv,45,"43,44,71",
25823720,1,,cpv,38636100,,
25823720,1,LOT-0000,cpv,38636100,,
25823222,1,,cpv,45223210-1,,
25823222,1,LOT-0000,cpv,45223210-1,,
ec2ebac5-f882-4557-8f21-ab61d46d3c4a,01,,cpv,09000000,,
ec2ebac5-f882-4557-8f21-ab61d46d3c4a,01,LOT-0001,cpv,09000000,,
9b81c802-39b8-4174-a4cc-a7dd42d5bc39,1,,cpv,38000000,,
9b81c802-39b8-4174-a4cc-a7dd42d5bc39,1,LOT-0000,cpv,38000000,,
06092931-df9d-48ca-bad5-0371a41ba431,2,,cpv,31521330,,
06092931-df9d-48ca-bad5-0371a41ba431,2,LOT-0000,cpv,31521330,,
f0c055e3-d0ac-45a8-8ed0-e2e7382866ac,01,,,,,
f0c055e3-d0ac-45a8-8ed0-e2e7382866ac,01,LOT-0000,cpv,50000000,,
c7711135-fbb7-4e6d-801a-66d41155ecca,2,,cpv,48443000,,
c7711135-fbb7-4e6d-801a-66d41155ecca,2,LOT-0000,cpv,48443000,,
200ff04c-a468-4b9e-bd0f-b1b7643c3f77,1,,cpv,45000000,"43000000,44000000,71000000",
200ff04c-a468-4b9e-bd0f-b1b7643c3f77,1,LOT-0000,cpv,45000000,"43000000,44000000,71000000",
21d4f711-fe19-4cd7-aa8c-09863fb8e5dd,2,,cpv,38000000,,
21d4f711-fe19-4cd7-aa8c-09863fb8e5dd,2,LOT-0000,cpv,38000000,,
d199a92e-c6f7-4f52-921c-229ba1ccca1b,2,,,,,
d199a92e-c6f7-4f52-921c-229ba1ccca1b,2,LOT-0000,,,,
851f49ba-160c-4aec-859e-5575b9a046bb,1,,cpv,73000000,,
851f49ba-160c-4aec-859e-5575b9a046bb,1,LOT-0000,cpv,73000000,,
b0f6fa43-92ac-4e7c-a8c9-55e3487121b0,2,,cpv,45000000,"43000000,44000000,71000000",
b0f6fa43-92ac-4e7c-a8c9-55e3487121b0,2,LOT-0000,cpv,45000000,"43000000,44000000,71000000",
cb0b417c-4949-40cb-babb-8d35ac5ecb26,1,,cpv,45000000,"43000000,44000000,71000000",
cb0b417c-4949-40cb-babb-8d35ac5ecb26,1,LOT-0000,cpv,45000000,"43000000,44000000,71000000",
d7d215a3-38df-4b0e-a785-26cae0a17984,1,,cpv,30232100,,
d7d215a3-38df-4b0e-a785-26cae0a17984,1,LOT-0000,cpv,30232100,,
9532800d-f9a4-4856-bb1a-46f1763f33fb,1,,cpv,73100000,,
9532800d-f9a4-4856-bb1a-46f1763f33fb,1,LOT-0000,cpv,73100000,,
86a622d6-b5c8-42ae-8e4e-834ac610f252,2,,cpv,45000000,"43000000,44000000,71000000",
86a622d6-b5c8-42ae-8e4e-834ac610f252,2,LOT-0000,cpv,45000000,"43000000,44000000,71000000",
982091ec-4912-4b1c-b56b-828bf784f3ab,1,,,,,
982091ec-4912-4b1c-b56b-828bf784f3ab,1,LOT-0000,,,,
be63422c-a3e0-44fd-befa-6be4e0907e4b,1,,cpv,90523100,,
be63422c-a3e0-44fd-befa-6be4e0907e4b,1,LOT-0000,cpv,90523100,,
a9a248f5-fa5a-471c-8cb2-30ea888267a3,1,,cpv,45000000,"43000000,44000000,71000000",
a9a248f5-fa5a-471c-8cb2-30ea888267a3,1,LOT-0000,cpv,45000000,"43000000,44000000,71000000",
a9a248f5-fa5a-471c-8cb2-30ea888267a3,2,,cpv,45000000,"43000000,44000000,71000000",
a9a248f5-fa5a-471c-8cb2-30ea888267a3,2,LOT-0000,cpv,45000000,"43000000,44000000,71000000",
38e7a718-d91d-4334-926a-dd334c57b252,2,,cpv,34144210,,
38e7a718-d91d-4334-926a-dd334c57b252,2,LOT-0000,cpv,34144210,,
5ad18efd-468c-4e58-9ba9-061739e2d9d0,1,,cpv,50000000,"51000000,55000000,66000000,70000000,71000000,75000000,77000000,79000000,80000000,85000000,90000000,92000000,98000000",
5ad18efd-468c-4e58-9ba9-061739e2d9d0,1,LOT-0000,cpv,50000000,"51000000,55000000,66000000,70000000,71000000,75000000,77000000,79000000,80000000,85000000,90000000,92000000,98000000",
40012ccd-56fd-473b-927f-f1a120e69ccc,1,,,,,
40012ccd-56fd-473b-927f-f1a120e69ccc,1,LOT-0000,,,,
05db21f9-25d1-4f8c-bbac-8bc0a526af0e,1,,cpv,73300000,,
05db21f9-25d1-4f8c-bbac-8bc0a526af0e,1,LOT-0000,cpv,73300000,,
d142419a-39aa-42be-aebb-cc0d7b3f8938,1,,cpv,33696500,,
d142419a-39aa-42be-aebb-cc0d7b3f8938,1,LOT-0000,cpv,33696500,,
9b81c802-39b8-4174-a4cc-a7dd42d5bc39,2,,cpv,38000000,,
9b81c802-39b8-4174-a4cc-a7dd42d5bc39,2,LOT-0000,cpv,38000000,,
deb8eb79-9ac1-4e33-9b9f-90de5ac304cb,1,,cpv,38000000,,
deb8eb79-9ac1-4e33-9b9f-90de5ac304cb,1,LOT-0000,cpv,38000000,,
612e70ea-16b7-4b5f-b692-4a4f25ef11ba,2,,cpv,50711000,,
612e70ea-16b7-4b5f-b692-4a4f25ef11ba,2,LOT-0000,cpv,50711000,,
f3c3e09e-228d-45ce-8b31-a19e2230a5ef,1,,cpv,18300000,,
f3c3e09e-228d-45ce-8b31-a19e2230a5ef,1,LOT-0000,cpv,18300000,,
533019ec-0a4e-4ace-b65a-80ad779a29ec,01,,cpv,45000000,,
533019ec-0a4e-4ace-b65a-80ad779a29ec,01,LOT-0000,cpv,45000000,,
b8c743e3-0629-4d28-9e6f-5a669b05f017,01,,cpv,45000000,,
b8c743e3-0629-4d28-9e6f-5a669b05f017,01,LOT-0000,cpv,45000000,,
57f6110d-aabb-4481-b481-a36e978c631c,1,,cpv,45000000,"43000000,44000000,71000000",
57f6110d-aabb-4481-b481-a36e978c631c,1,LOT-0000,cpv,45000000,"43000000,44000000,71000000",
5decd4b2-9084-4d2d-a611-beb806f6afa5,1,,cpv,55110000,55120000,
5decd4b2-9084-4d2d-a611-beb806f6afa5,1,LOT-0000,cpv,55110000,55120000,
9060ffe1-8203-45ac-8b2d-cfaf33217cf9,1,,cpv,80000000,,
9060ffe1-8203-45ac-8b2d-cfaf33217cf9,1,LOT-0000,cpv,80000000,,
25cecc38-f1a3-4ca9-b27d-29acd25ad83c,5,,cpv,72000000,,
25cecc38-f1a3-4ca9-b27d-29acd25ad83c,5,LOT-0000,cpv,72000000,,
e8382197-4285-40e5-88d2-b62a25ec04e2,01,,cpv,45000000,,
e8382197-4285-40e5-88d2-b62a25ec04e2,01,PAR-0000,cpv,45000000,,
c62abfd1-f12f-483b-ad30-083a126132f6,1,,cpv,45000000,"43000000,44000000,71000000",
c62abfd1-f12f-483b-ad30-083a126132f6,1,LOT-0000,cpv,45000000,"43000000,44000000,71000000",
25827508,1,,cpv,73,38,
25827508,1,LOT-0000,cpv,73,38,
25827258,1,,cpv,45232000-2,,
25827258,1,LOT-0000,cpv,45232000-2,,
25827454,1,,cpv,45240000-1,,
25827454,1,LOT-0000,cpv,45240000-1,,
25827626,1,,,,,
25827626,1,LOT-0000,,,,
25827482,1,,cpv,45,"43,44,71",
25827482,1,LOT-0000,cpv,45,"43,44,71",
25827422,1,,cpv,50,"51,55,66,70,71,75,77,79,80,85,90,92,98",
25827422,1,LOT-0000,cpv,50,"51,55,66,70,71,75,77,79,80,85,90,92,98",
25827444,1,,,,,
25827444,1,LOT-0000,,,,
25827498,1,,cpv,45000000-7,,
25827498,1,LOT-0000,cpv,45000000-7,,
25827358,1,,cpv,45,"43,44,71",
25827358,1,LOT-0000,cpv,45,"43,44,71",
25827270,1,,cpv,45,"43,44,71",
25827270,1,LOT-0000,cpv,45,"43,44,71",
25827266,1,,,,,
25827266,1,LOT-0000,,,,
25827262,1,,cpv,50,"51,55,66,70,71,75,77,79,80,85,90,92,98",
25827262,1,LOT-0000,cpv,50,"51,55,66,70,71,75,77,79,80,85,90,92,98",
