noticeIdentifier,noticeVersion,organisationName,organisationIdentifier,organisationCity,organisationPostCode,organisationCountrySubdivision,organisationCountryCode,organisationInternetAddress,organisationNaturalPerson,organisationRole,buyerProfileURL,buyerLegalType,buyerContractingEntity,winnerSize,winnerOwnerNationality,winnerListed
c5ef3499-a4b9-47ec-bc70-26f11a16f0c3,01,"Land Berlin, vertreten durch das Bezirksamt Treptow-Köpenick von Berlin",11-1393306000-19,Berlin,12414,DE300,DEU,,,buyer,,omu-lbeh,,,,
c5ef3499-a4b9-47ec-bc70-26f11a16f0c3,01,Vergabekammer des Landes Berlin,11-1300000V00-74,Berlin,10825,DE300,DEU,,,reviewer,,,,,,
3c8225a9-791b-49f1-b08d-a65ecfcb0076,01,Deutsche Bundesbank,991-80008-08,Frankfurt am Main,60329,DE712,DEU,https://www.bundesbank.de,,buyer,,,,,,
3c8225a9-791b-49f1-b08d-a65ecfcb0076,01,Vergabekammer des Bundes beim Bundeskartellamt,t:022894990,Bonn,53123,DEA22,DEU,,,reviewer,,,,,,
3c8225a9-791b-49f1-b08d-a65ecfcb0076,01,Klum GmbH,HRB1076,Bad Camberg,65520,DE723,DEU,,,tenderer,,,,,,
c69749e4-68cc-4d41-aabc-ab5cf295998f,1,"Landeshauptstadt Erfurt, Stadtverwaltung, Stadtkämmerei, Verdingungsstelle",,Erfurt,99084,,DEU,,,buyer,,,,,,
7b083735-d2fe-4149-b920-ca6a524868e3,1,"Landeshauptstadt Erfurt, Stadtverwaltung, Stadtkämmerei, Verdingungsstelle",,Erfurt,99084,,DEU,,,buyer,,,,,,
62017582-b322-43ba-b234-99c6d10e7cde,1,"Landeshauptstadt Erfurt, Stadtverwaltung, Stadtkämmerei-Vergabestelle",,Erfurt,99084,,DEU,https://www.erfurt.de/ef111226.html,,buyer,,,,,,
8168d760-e364-4120-9df0-b30c308f22c7,1,"Landeshauptstadt Erfurt, Stadtverwaltung, Stadtkämmerei-Vergabestelle",,Erfurt,99084,,DEU,https://www.erfurt.de/ef111226.html,,buyer,,,,,,
f9f456db-7d9a-4aa3-bb60-6dced2f58bcf,01,Stadt Bad Rappenau,8161,Bad Rappenau,74906,DE118,DEU,www.badrappenau.de,,buyer,,,,,,
f9f456db-7d9a-4aa3-bb60-6dced2f58bcf,01,Vergabekammer Baden Württemberg,08-A9866-40,Karlsruhe,76137,DE122,DEU,,,reviewer,,,,,,
f9f456db-7d9a-4aa3-bb60-6dced2f58bcf,01,JMS GmbH & Co. KG,90489/01139,Weinstadt,71384,DE116,DEU,,,tenderer,,,,,,
3aa224f3-9873-4526-9c23-7271cf89efd8,01,SWE UmweltService GmbH,Berichtseinheit-ID 00004531,Erfurt,99086,DEG01,DEU,https://www.stadtwerke-erfurt.de,,buyer,,pub-undert,,,,
3aa224f3-9873-4526-9c23-7271cf89efd8,01,Vergabekammer des Freistaates Thüringen beim Thüringer Landesverwaltungsamt,Leitweg-ID: 16900334-0001-29,Weimar,99423,DEG05,DEU,,,reviewer,,,,,,
3aa224f3-9873-4526-9c23-7271cf89efd8,01,Kanadevia Inova Steinmüller GmbH,USt.-IdNr.: DE813550241,Gummersbach,51643,DEA2A,DEU,,,tenderer,,,,large,DEU,
ca6a9d29-4645-4b9f-9cbf-ec837f1587f9,01,"Land Hessen, vertreten durch den Landesbetrieb Bau und Immobilien Hessen, Zentrale Vergabe",wird bei Auftragserteilung mitgeteilt,Bad Nauheim,61231,DE71E,DEU,https://vergabe.hessen.de,,buyer,,koerp-oer-land,,,,
ca6a9d29-4645-4b9f-9cbf-ec837f1587f9,01,Vergabekammer des Landes Hessen bei dem Regierungspräsidium Darmstadt,DE 812 056 745,Darmstadt,64283,DE711,DEU,,,reviewer,,,,,,
1fddcaa3-767c-4634-bea9-8c172601ff9e,01,Kreis Herzogtum Lauenburg,Berichtseinheit-ID 00002256,Ratzeburg,23909,DEF06,DEU,http://www.kreis-rz.de,,buyer,,koerp-oer-kommun,,,,
1fddcaa3-767c-4634-bea9-8c172601ff9e,01,Vergabekammer Schleswig-Holstein,keine Angabe,Kiel,24105,DEF02,DEU,,,reviewer,,,,,,
041a3b4a-d1d4-4009-9dcc-6ff36b793ef3,01,Samtgemeinde Ilmenau(LK Lüneburg),Leitweg-ID 033555405-0-68,Melbeck,21406,DE935,DEU,https://www.samtgemeinde-ilmenau.de,,buyer,https://www.subreport-elvis.de,koerp-oer-kommun,,,,
6bf5b4f6-4a92-47f9-bc92-0d3e550a2fe2,01,Magistrat der Stadt Bremerhaven vertreten durch den Wirtschaftsbetrieb Seestadt Immobilien,unbekannt,Bremerhaven,27576,DE502,DEU,www.seestadt-immobilien.de,,buyer,,kommun-beh,,,,
6bf5b4f6-4a92-47f9-bc92-0d3e550a2fe2,01,"Vergabekammer Bremen bei der Senatorin für Klimaschutz,, Mobilität, Stadtentwicklung und Wohnungsbau",unbekannt,Bremen,28195,DE502,DEU,https://vergabe.bremen.de/NetServer/,,reviewer,,,,,,
6bf5b4f6-4a92-47f9-bc92-0d3e550a2fe2,01,"Vergabekammer der Freien Hansestadt Bremen bei der Senatorin für Klimaschutz, Umwelt, Mobilität, Stadtentwicklung und Wohnungsbau",keine Angabe,Bremen,28195,DE502,DEU,https://vergabe.bremen.de/NetServer/,,,,,,,,
69e0360e-ef46-4cfc-93dc-c2f1a34d1292,01,"Universität zu Köln, Abteilung 64 - Einkauf",05315-06008-84,Köln,50923,DEA23,DEU,https://uni-koeln.de/,,buyer,https://www.vergabe.nrw.de/,koerp-oer-land,,,,
69e0360e-ef46-4cfc-93dc-c2f1a34d1292,01,Vergabekammer Westfalen,05515-03004-07,Münster,48147,DEA33,DEU,https://www.bezreg-muenster.de/themen/wirtschaft-kultur-und-kommunales/vergabekammer-westfalen,,serv-prov,,,,,,
008f59f2-eb85-4cae-abb1-fc517ee97374,01,Magistrat der Stadt Hanau Amt für Brand- und Bevölkerungsschutz,DE113525347,Hanau,63452,DE719,DEU,https://www.bhg-hanau.de,,buyer,,koerp-oer-kommun,,,,
008f59f2-eb85-4cae-abb1-fc517ee97374,01,Vergabekammer des Landes Hessen,DE812056745,Darmstadt,64283,DE711,DEU,,,mediator,,,,,,
a530858f-6d25-4f15-85a0-5947d0f21719,01,Stadt Geilenkirchen - Der Bürgermeister -,053700012012-31001-61,Geilenkirchen,52511,DEA29,DEU,https://www.geilenkirchen.de/,,buyer,,kommun-beh,,,,
a530858f-6d25-4f15-85a0-5947d0f21719,01,Vergabekammer Rheinland,05315-03002-81,Köln,50667,DEA23,DEU,https://www.bezreg-koeln.nrw.de/themen/wirtschaft-und-kultur/vergabekammer-rheinland,,reviewer,,,,,,
298f0d7c-fb8d-4be7-8010-aa46e2328aed,01,"Stadtverwaltung Mainz, Abt. Vergabe und Einkauf",Berichtseinheit-ID 00004114,Mainz,55116,DEB35,DEU,http://www.mainz.de,,buyer,,,,,,
298f0d7c-fb8d-4be7-8010-aa46e2328aed,01,"Ministerium für Wirtschaft, Tourismus, Energie und Klima RLP
 - Vergabekammer",DE355604198,Mainz,55116,DEB35,DEU,,,reviewer,,,,,,
5b3d9c41-6b95-444b-951c-01eecb8f850e,01,Stadtverwaltung Bad Salzungen,DE 813100236,Bad Salzungen,36433,DEG0R,DEU,www.badsalzungen.de,,buyer,,kommun-beh,,,,
5b3d9c41-6b95-444b-951c-01eecb8f850e,01,"Vergabekammer des Freistaates Thüringen, Thüringer Landesverwaltungsamt, Referat 250",16900334-0001-29,Weimar,99423,DEG05,DEU,,,reviewer,,,,,,
5b3d9c41-6b95-444b-951c-01eecb8f850e,01,B19 Architekten BDA,DE 155/151/43804,Barchfeld-Immelborn,36456,DEG0R,DEU,,,tenderer,,,,micro,,
7520388b-9b97-457f-90b9-f475ba5e4f0d,01,Universitätsklinikum Magdeburg A.ö.R.,DE 811 640 443,Magdeburg,39120,DEE03,DEU,http://intranet.med.ovgu.de/,,buyer,,anst-oer-land,,,,
7520388b-9b97-457f-90b9-f475ba5e4f0d,01,Vergabekammer beim Landesverwaltungsamt Sachsen-Anhalt,03455141536,Halle (Saale),06112,DEE02,DEU,,,reviewer,,,,,,
7520388b-9b97-457f-90b9-f475ba5e4f0d,01,Siemens Healthineers AG,DE 64872105,Berlin,13629,DE300,DEU,,,tenderer,,,,large,,
e6f5cf35-ea68-40a6-b4e7-9cda0aa4174b,01,Kreis Herzogtum Lauenburg,Berichtseinheit-ID 00002256,Ratzeburg,23909,DEF06,DEU,http://www.kreis-rz.de,,buyer,,koerp-oer-kommun,,,,
e6f5cf35-ea68-40a6-b4e7-9cda0aa4174b,01,Vergabekammer Schleswig-Holstein,keine Angabe,Kiel,24105,DEF02,DEU,,,reviewer,,,,,,
bd27ea21-4be0-43b2-ade5-0789e54cbaee,01,Stadt Coesfeld,DE 124470655,Coesfeld,48653,DEA35,DEU,https://www.coesfeld.de/startseite,,buyer,,koerp-oer-kommun,,,,
bd27ea21-4be0-43b2-ade5-0789e54cbaee,01,Vergabekammer Westfalen c/o Bezirksregierung Münster,05515-03004-07,Münster,48147,DEA33,DEU,https://www.bezreg-muenster.de/de/wirtschaft_finanzen_kommunalaufsicht/vergabekammer_westfalen/index.html,,reviewer,,,,,,
307bbb8e-7821-42e3-bebc-c5ce607d6d58,01,"Amt für Stadtentwicklung, Steinheim an der Murr",Leitweg-ID 18448070-A6301-43,Steinheim an der Murr,71711,DE115,DEU,http://www.stadt-steinheim.de/bauen-gewerbe-umwelt/ausschreibungen/oeffentliche-ausschreibungen,,buyer,,koerp-oer-kommun,,,,
5bf0da81-04b4-4540-a2a1-fa832e81b42d,01,Magistrat der Stadt Bremerhaven vertreten durch den Wirtschaftsbetrieb Seestadt Immobilien,unbekannt,Bremerhaven,27576,DE502,DEU,www.seestadt-immobilien.de,,buyer,,kommun-beh,,,,
5bf0da81-04b4-4540-a2a1-fa832e81b42d,01,"Vergabekammer Bremen bei der Senatorin für Klimaschutz,, Mobilität, Stadtentwicklung und Wohnungsbau",unbekannt,Bremen,28195,DE502,DEU,https://vergabe.bremen.de/NetServer/,,reviewer,,,,,,
5bf0da81-04b4-4540-a2a1-fa832e81b42d,01,"Vergabekammer der Freien Hansestadt Bremen bei der Senatorin für Klimaschutz, Umwelt, Mobilität, Stadtentwicklung und Wohnungsbau",keine Angabe,Bremen,28195,DE502,DEU,https://vergabe.bremen.de/NetServer/,,,,,,,,
c99ad21f-5df0-4684-8d10-23135c1e8b85,01,Oberlandesgericht Dresden,ohne,Dresden,01067,DED21,DEU,https://www.justiz.sachsen.de/olg,,buyer,,koerp-oer-land,,,,
c99ad21f-5df0-4684-8d10-23135c1e8b85,01,1. Vergabekammer des Freistaates Sachsen bei der Landesdirektion Sachsen,unbekannt,Leipzig,04107,DED51,DEU,https://www.lds.sachsen.de/index.asp?ID=4421&art_param=363,,reviewer,,,,,,
c99ad21f-5df0-4684-8d10-23135c1e8b85,01,1. Vergabekammer des Freistaates Sachsen bei der Landesdirektion Sachsen,nicht bekannt,Leipzig,04107,DED51,DEU,https://www.lds.sachsen.de/index.asp?ID=4421&art_param=363,,,,,,,,
c99ad21f-5df0-4684-8d10-23135c1e8b85,01,Media Logistik GmbH,DE 140 296 345,Dresden,01157,DED21,DEU,,,tenderer,,,,medium,,False
c99ad21f-5df0-4684-8d10-23135c1e8b85,01,MEDIA Logistik Service GmbH & Co. KG,DE 256 057 019,Chemnitz,09113,DED41,DEU,,,tenderer,,,,medium,,False
c99ad21f-5df0-4684-8d10-23135c1e8b85,01,LVZ Post GmbH,DE141515733,Leipzig,04159,DED51,DEU,,,tenderer,,,,medium,,False
381330e9-a9a0-4bc7-a13c-dcca11451662,01,EWN Entsorgungswerk für Nuklearanlagen GmbH,19b3be90-12e8-4654-a09c-4d9332a460ea,Rubenow,17509,DE80N,DEU,https://www.ewn-gmbh.de,,buyer,https://portal.deutsche-evergabe.de,pub-undert-cga,,,,
381330e9-a9a0-4bc7-a13c-dcca11451662,01,Bundeskartellamt - Vergabekammern des Bundes,dd0a3a75-ce02-4ec8-8ecf-c4c7fc642dcf,Bonn,53123,DEA22,DEU,http://www.bundeskartellamt.de,,reviewer,,,,,,
381330e9-a9a0-4bc7-a13c-dcca11451662,01,EWN Entsorgungswerk für Nuklearanlagen GmbH,ee183970-975a-43ea-8c4d-e278f22bea3e,Rubenow,17509,DE80N,DEU,,,,,,,,,
fcd29cc5-5683-4216-98b9-bce47074c29b,01,Fraunhofer-Gesellschaft zur Förderung der angewandten Forschung e.V. - Einkauf B12 - Vergabestelle Bau,DE129515865,München,80686,DE212,DEU,https://vergabe.fraunhofer.de/,,buyer,https://vergabe.fraunhofer.de/NetServer/,org-sub,,,,
fcd29cc5-5683-4216-98b9-bce47074c29b,01,Vergabekammern des Bundes,t:022894990,Bonn,53113,DEA22,DEU,,,reviewer,,,,,,
fcd29cc5-5683-4216-98b9-bce47074c29b,01,Fraunhofer-Gesellschaft zur Förderung der angewandten Forschung e.V.,DE 129515865,München,80686,DE212,DEU,https://www.fraunhofer.de,,,,,,,,
55e88b1c-8f87-4059-a5e7-b883f368db49,01,Stadt Kremmen,12-121014993885230-02,Kremmen,16766,DE40A,DEU,http://www.kremmen.de,,buyer,,koerp-oer-kommun,,,,
55e88b1c-8f87-4059-a5e7-b883f368db49,01,"Vergabekammer des Landes Brandenburg beim Ministerium für Wirtschaft, Arbeit und Energie",t:03318661719,Potsdam,14473,DE404,DEU,https://mwae.brandenburg.de,,reviewer,,,,,,
50fa43f2-fdd1-496b-92b0-37c5682c5e27,01,IKW Rüdersdorf GmbH,USt. ID: DE 310804968,Potsdam,14467,DE404,DEU,https://www.danpower.de,,buyer,,org-sub,,,,
50fa43f2-fdd1-496b-92b0-37c5682c5e27,01,"Vergabekammer des Landes Brandenburg beim Ministerium für Wirtschaft, Arbeit und Energie",t:03318661719,Potsdam,14473,DE404,DEU,,,reviewer,,,,,,
50fa43f2-fdd1-496b-92b0-37c5682c5e27,01,BLS Energieplan GmbH,DE179719725,Berlin,10829,DE300,DEU,,False,winner,,,,medium,,False
c321c95c-20c6-4bbc-827b-02d8b709daea,01,Gemeinsame Kommunale Datenzentrale Recklinghausen,055620032032-34001-16,Recklinghausen,45665,DEA36,DEU,,,buyer,,koerp-oer-kommun,,,,
c321c95c-20c6-4bbc-827b-02d8b709daea,01,Vergabekammer Westfalen,05515-03004-07,Münster,48147,DEA33,DEU,http://www.bezreg-muenster.nrw.de/de/wirtschaft_finanzen_kommunalaufsicht/vergabekammer_westfalen/index.html,,reviewer,,,,,,
80a70f68-a454-456f-b5ea-c7d81027ef8b,01,Regierung von Oberbayern - Vergabekammer Südbayern,t:08921762411,München,80538,DE212,DEU,,,reviewer,,,,,,
80a70f68-a454-456f-b5ea-c7d81027ef8b,01,SG 1.51 Hochbau und Bildung,t:086158440,Traunstein,83278,DE21M,DEU,https://traunstein.bayern,,serv-prov,,,,,,
80a70f68-a454-456f-b5ea-c7d81027ef8b,01,Chiemgau Invest,t:086158440,Traunstein,83278,DE21M,DEU,https://traunstein.bayern,,buyer,https://www.traunstein.bayern,anst-oer-kommun,,,,
bef6cc00-924a-4e51-a18e-0439bd51379d,01,Stadt Karlsruhe Hauptamt,Leitweg-ID DE143589000,Karlsruhe,76133,DE122,DEU,https://www.karlsruhe.de,,buyer,,koerp-oer-kommun,,,,
bef6cc00-924a-4e51-a18e-0439bd51379d,01,Vergabekammer Baden-Württemberg beim Regierungspräsidium Karlsruhe,ID-Nr.: 08-A9866-40,Karlsruhe,76131,DE122,DEU,https://rp.baden-wuerttemberg.de/rpk/abt1/ref15/,,reviewer,,,,,,
bef6cc00-924a-4e51-a18e-0439bd51379d,01,Kohrmann Baumaschinen GmbH,DE815773497,Bühl,77815,DE124,DEU,,,tenderer,,,,large,,
bef6cc00-924a-4e51-a18e-0439bd51379d,01,Knoblauch GmbH,DE813258226,Immendingen,78194,DE137,DEU,,,tenderer,,,,micro,,
a1ee4560-73ee-44ca-879c-b81b4a3e500b,01,Stadt Marktheidenfeld,9759,Marktheidenfeld,97828,DE26A,DEU,https://www.marktheidenfeld.de,,buyer,https://www.deutsche-evergabe.de,kommun-beh,,,,
a1ee4560-73ee-44ca-879c-b81b4a3e500b,01,Vergabekammer Nordbayern bei der Regierung von Mittelfranken,214c10d1-7b2f-423c-8a8f-2e1f50e031d8,Ansbach,91522,DE251,DEU,,,reviewer,,,,,,
e336f93b-93c1-488d-ab33-497cd88996cf,01,MVA Weisweiler GmbH & Co. KG,Berichtseinheit-ID 00014275,Eschweiler,52249,DEA2D,DEU,https://www.mva-weisweiler.de,,buyer,,,,,,
e336f93b-93c1-488d-ab33-497cd88996cf,01,Vergabekammer Westfalen,05515-03004-07,Münster,48147,DEA33,DEU,,,reviewer,,,,,,
deebdf92-64cc-4802-981c-de0c3eef80e2,01,HOWOGE Wohnungsbaugesellschaft mbH,HOWOGE Wohnungsbaugesellschaft mbH,Berlin,10365,DE300,DEU,https://howoge.de,,serv-prov,https://www.howoge.de,pub-undert,True,,,
deebdf92-64cc-4802-981c-de0c3eef80e2,01,Vergabekammer des Landes Berlin,VK,Berlin,10825,DE300,DEU,https://www.berlin.de/sen/wirtschaft/wirtschaftsrecht/vergabekammer/,,reviewer,,,,,,
975a9fd6-729e-45a6-b6e0-5042d1b52752,01,Friedrich-Ebert-Krankenhaus Neumünster GmbH,t:043214051040,Kiel,24534,DEF04,DEU,www.friedrich-ebert-krankenhaus.de,,buyer,,pub-undert,,,,
907f675f-60c4-4f5c-a630-1b14f3ce81f7,01,Niersverband,Leitweg-ID 051660032032-31003-25,Viersen,41747,DEA1E,DEU,https://www.niersverband.de,,buyer,,koerp-oer-land,,,,
907f675f-60c4-4f5c-a630-1b14f3ce81f7,01,Vergabekammer Rheinland c/o Bezirksregierung Köln,UST-IdNr:DE812110859,Köln,50667,DEA23,DEU,https://www.bezreg-koeln.nrw.de,,reviewer,,,,,,
6a370408-13db-4e37-84b8-9a80e96a5610,01,ITSG - Informationstechnische Servicestelle der gesetzlichen Krankenversicherung GmbH,DE199033267,Offenbach,63067,DE713,DEU,http://www.itsg.de,,buyer,,pub-undert,,,,
6a370408-13db-4e37-84b8-9a80e96a5610,01,spectrumK GmbH,591103701,Berlin,10249,DE300,DEU,http://www.spectrumk.de,,,,,,,,
6a370408-13db-4e37-84b8-9a80e96a5610,01,Vergabekammer des Bundes,0,Bonn,53113,DE300,DEU,http://www.bundeskartellamt.de,,reviewer,,,,,,
6a370408-13db-4e37-84b8-9a80e96a5610,01,Controlware GmbH,DE 113 539 225,Dietzenbach,63128,DE71C,DEU,,,tenderer,,,,large,,False
c9c6916d-697f-4b01-b55a-5cb570bbc304,01,EnBW Erneuerbare Operation & Service GmbH,DE815215393,Stuttgart,70567,DE111,DEU,https://www.enbw.com,,buyer,,,,,,
c9c6916d-697f-4b01-b55a-5cb570bbc304,01,Vergabekammer Baden-Württemberg,t:07219268730,Karlsruhe,76137,DE122,DEU,,,reviewer,,,,,,
c9c6916d-697f-4b01-b55a-5cb570bbc304,01,Ems Ports Agency & Stevedoring Bet. GmbH & Co. KG,DE 811948198,Emden,26725,DE942,DEU,,,tenderer,,,,medium,,False
d915e6fc-98f1-4026-b89a-ca71511550d7,01,Kreisverwaltung Germersheim,Berichtseinheit-ID 00002630,Germersheim,76726,DEB3E,DEU,https://www.kreis-germersheim.de,,buyer,,kommun-beh,,,,
d915e6fc-98f1-4026-b89a-ca71511550d7,01,"Ministerium für Wirtschaft, Verkehr, Landwirtschaft und Weinbau Rheinland-Pfalz",USt-ID DE355604198,Mainz,55116,DEB35,DEU,,,reviewer,,,,,,
7b607828-d2b7-4030-b1f8-ccfa850420c5,01,Bezirksamt Steglitz-Zehlendorf von Berlin,11-1363306000-24,Berlin,14163,DE300,DEU,https://www.berlin.de/ba-steglitz-zehlendorf/,,buyer,,kommun-beh,,,,
7b607828-d2b7-4030-b1f8-ccfa850420c5,01,Vergabekammer des Landes Berlin,11-1300000V00-74,Berlin,10825,DE300,DEU,https://www.berlin.de/sen/wirtschaft/wirtschaftsrecht/vergabekammer/,,reviewer,,,,,,
de166c56-23c7-4c31-9f0e-9846fb8ea264,01,Stadtverwaltung Gera,16052000-0001-49,Gera,07545,DEG02,DEU,https://www.gera.de,,buyer,https://www.vergabe.rib.de,kommun-beh,,,,
de166c56-23c7-4c31-9f0e-9846fb8ea264,01,Vergabekammer Thüringen,16900334-0001-29,Weimar,99423,DEG05,DEU,https://landesverwaltungsamt.thueringen.de/wirtschaft/vergabekammer,,reviewer,,,,,,
de166c56-23c7-4c31-9f0e-9846fb8ea264,01,Aufhebung,16052000-0001-49,Gera,07545,DEG02,DEU,,,tenderer,,,,medium,,
05406422-b01c-4501-81f5-f3a35c83851f,01,KoPart eG,Berichtseinheit-ID 00007243,Düsseldorf,40474,DEA11,DEU,http://www.kopart.de,,serv-prov,,,,,,
05406422-b01c-4501-81f5-f3a35c83851f,01,Gemeinde Schermbeck,051700036036-31001-95,Schermbeck,46514,DEA1F,DEU,,,buyer,,koerp-oer-kommun,,,,
05406422-b01c-4501-81f5-f3a35c83851f,01,Vergabekammer Westfalen,05515-03004-07,Münster,48147,DEA33,DEU,,,reviewer,,,,,,
05406422-b01c-4501-81f5-f3a35c83851f,01,Teupe & Söhne Gerüstbau GmbH,DE123771337,Stadtlohn,48703,DEA34,DEU,,,winner,,,,medium,DEU,
32a921fc-6099-482a-b50f-05bab94d8660,01,"Stadt Bamberg 
vertreten durch:  
Immobilienmanagement 
-Abteilung Hochbau-",DE 132274925,Bamberg,96049,DE241,DEU,,,buyer,https://plattform.aumass.de/Veroeffentlichung/av2869e6-eu,grp-p-aut,,,,
32a921fc-6099-482a-b50f-05bab94d8660,01,Vergabekammer Nordbayern der Regierung von Mittelfranken,0000,Ansbach,91522,DE251,DEU,,,reviewer,,,,,,
671a062d-0e72-4040-807f-446ce257be29,01,Stadt Solingen,3596c0ed-48f0-4bd8-aa8e-5936b533bd75,Solingen,42697,DEA19,DEU,http://www.solingen.de,,buyer,,kommun-beh,,,,
671a062d-0e72-4040-807f-446ce257be29,01,Vergabekammer Westfalen,d23310b2-0d0f-4e62-b138-0c1dd4bc3495,Münster,48147,DEA33,DEU,,,reviewer,,,,,,
671a062d-0e72-4040-807f-446ce257be29,01,Klingenstadt Solingen Konzernbeschaffung und Medienservice,97df460b-262c-4f43-9a59-dbc9f0611aaa,Solingen,42601,DEA19,DEU,http://www.solingen.de,,,,,,,,
671a062d-0e72-4040-807f-446ce257be29,01,Mese Putz,ed3394bf-354a-47d7-ba4a-7c31befaa423,Bonn,53179,DEA22,DEU,,,tenderer,,,,micro,,
b8d6782f-fde0-4efd-88f2-7be05e488c82,01,Entwicklungsgesellschaft Industriegebiet Halle-Saalkreis mbH & Co. KG,.,Halle (Saale),06108,DEE02,DEU,,,buyer,,pub-undert-ra,,,,
b8d6782f-fde0-4efd-88f2-7be05e488c82,01,Verkabekammer Landesverwaltungsamt Sachsen Anhalt,.,Halle Saale,06112,DEE02,DEU,,,reviewer,,,,,,
01a0a017-b599-47f5-bb96-ad3a5279dfb2,01,Messe Erfurt GmbH,DE173364228,Erfurt,99094,DEG01,DEU,,,buyer,,pub-undert,,,,
01a0a017-b599-47f5-bb96-ad3a5279dfb2,01,Schicker Thies Partnerschaft von Rechtsanwälten mbB,DE205009126,Erfurt,99084,DEG01,DEU,https://schickerthies.de/,,,,,,,,
01a0a017-b599-47f5-bb96-ad3a5279dfb2,01,Vergabekammer des Freistaates Thüringen beim Thüringer Landesverwaltungsamt,16900334-0001-29,Weimar,99423,DEG05,DEU,,,reviewer,,,,,,
13749400-50bc-453b-af41-538d48435248,01,DB InfraGO AG – Geschäftsbereich Fahrweg (Bukr 16),fb197f94-7578-4673-8a57-4642ae120532,Frankfurt Main,60327,DE712,DEU,http://www.deutschebahn.com/bieterportal/,,buyer,,,,,,
13749400-50bc-453b-af41-538d48435248,01,Vergabekammer des Bundes,0a9ea480-08e4-4ab6-bf12-d722d0ad54b6,Bonn,53113,DEA22,DEU,,,reviewer,,,,,,
d944448a-9232-41c7-b2a5-5ba1ef6b0c51,01,Kreisausschuss des Lahn-Dill-Kreises 12.4 Zentrale Vergabe- und Submissionsstelle,06532000-KreisausschussLDK-76,Wetzlar,35576,DE722,DEU,https://www.lahn-dill-kreis.de,,buyer,,kommun-beh,,,,
d944448a-9232-41c7-b2a5-5ba1ef6b0c51,01,Regierungspräsidium Darmstadt,t:06151126603-1,Darmstadt,64283,DE711,DEU,https://www.rp-darmstadt.hessen.de,,reviewer,,,,,,
d944448a-9232-41c7-b2a5-5ba1ef6b0c51,01,Regierungspräsidium Darmstadt,t:06151126603-2,Darmstadt,64283,DE711,DEU,https://www.rp-darmstadt.hessen.de,,,,,,,,
d944448a-9232-41c7-b2a5-5ba1ef6b0c51,01,Aulbach Gerüstbau e.K,DE131952836,Aschaffenburg,63739,DE261,DEU,,,tenderer,,,,small,,False
46665f56-3961-43b7-9815-fee8452fef01,01,Südbrandenburgischer Abfallzweckverband -  Verbandsvorsteher - Herr Riesner,DE227680101,Ludwigsfelde,14974,DE40H,DEU,https://www.sbazv.de,,buyer,,koerp-oer-kommun,,,,
46665f56-3961-43b7-9815-fee8452fef01,01,Vergabekammer des Landes Brandenburg,DE325561763a,Potsdam,14473,DE404,DEU,,,reviewer,,,,,,
515eea47-64b4-43a9-b2b1-fdb7d7895ef0,01,Stadtverwaltung Bad Salzungen,DE 813100236,Bad Salzungen,36433,DEG0R,DEU,www.badsalzungen.de,,buyer,,kommun-beh,,,,
515eea47-64b4-43a9-b2b1-fdb7d7895ef0,01,"Vergabekammer des Freistaates Thüringen, Thüringer Landesverwaltungsamt, Referat 250",16900334-0001-29,Weimar,99423,DEG05,DEU,,,reviewer,,,,,,
515eea47-64b4-43a9-b2b1-fdb7d7895ef0,01,JNS-ING GmbH,DE316980219,Waltershausen,99880,DEG0C,DEU,,,tenderer,,,,micro,,
441bf2d2-b2ab-4701-85af-025a1d352a34,01,VGV Asbach ZVS,Berichtseinheit-ID 00001226,Asbach,53567,DEB18,DEU,https://www.vg-asbach.de,,buyer,,kommun-beh,,,,
5872a17b-44fb-4261-96de-d8513acb1c67,01,Gemeinde Rommerskirchen,051620028028-31001-64,Rommerskirchen,41569,DEA1D,DEU,https://www.rommerskirchen.de,,buyer,,koerp-oer-kommun,,,,
5872a17b-44fb-4261-96de-d8513acb1c67,01,B2Sozietät Rechtsanwälte,DE408069581-00001,Düsseldorf,41363,DEA11,DEU,https://www.b2sozietaet.de,,serv-prov,,,,,,
5872a17b-44fb-4261-96de-d8513acb1c67,01,Vergabekammer Westfalen,05515-03004-07,Münster,48147,DEA33,DEU,https://www.bezreg-muenster.de/themen/wirtschaft-kultur-und-kommunales/vergabekammer-westfalen,,reviewer,,,,,,
1ac5b191-c43e-4f22-9002-0d527b55fcd2,01,"Bundesrepublik Deutschland, vertreten durch das Bundesministerium des Innern, vertreten durch das Beschaffungsamt des BMI",t:0049228996100,Bonn,53119,DEA22,DEU,http://www.bescha.bund.de,,buyer,,omu-bbeh-niedrig,,,,
1ac5b191-c43e-4f22-9002-0d527b55fcd2,01,Vergabekammer des Bundes,t:022894990,Bonn,53113,DEA22,DEU,http://www.bundeskartellamt.de,,reviewer,,,,,,
c04ac815-abf6-4327-b5a9-43ba95631cae,01,Universität Duisburg-Essen,DE811272995,Duisburg,47057,DEA12,DEU,https://www.uni-due.de/,,buyer,,koerp-oer-land,,,,
c04ac815-abf6-4327-b5a9-43ba95631cae,01,Vergabekammer Rheinland,DE812110859,Köln,50667,DEA23,DEU,https://www.bezreg-koeln.nrw.de,,reviewer,,,,,,
c04ac815-abf6-4327-b5a9-43ba95631cae,01,Dauphin HumanDesign Group GmbH & Co. KG,HRA 7040,Offenhausen,91238,DE259,DEU,https://www.dauphin-group.com/de/,,tenderer,,,,large,DEU,False
a963e896-11ba-49ba-b2e8-8717d30a7a31,01,"Landeshauptstadt München, Direktorium, Vergabestelle 1, SG 1",Leitweg-ID 09162000-ZRE1000000-09,München,80636,DE212,DEU,https://vergabe.muenchen.de/,,buyer,https://vergabe.muenchen.de/,kommun-beh,,,,
a963e896-11ba-49ba-b2e8-8717d30a7a31,01,"Regierung von Oberbayern, Vergabekammer Südbayern",Ust-ID DE 811 335 517,München,80534,DE212,DEU,https://www.regierung.oberbayern.bayern.de/ueber_uns/zentralezustaendigkeiten/vergabekammer-suedbayern/,,reviewer,,,,,,
a963e896-11ba-49ba-b2e8-8717d30a7a31,01,Weiss Dienstleistungen GmbH,DE312909321,Puchheim,82178,DE21C,DEU,,,tenderer,,,,small,,False
4d11e71f-98dd-451f-b082-d5af534b3236,01,Verbandsgemeindeverwaltung Wirges,'+49 2602689343,Wirges,56422,DEB1B,DEU,https://www.wirges.de/rathaus/vergabeverfahren/,,buyer,,kommun-beh,,,,
4d11e71f-98dd-451f-b082-d5af534b3236,01,Kreisverwaltung des Westerwaldkreises,'+49 26021240,Montabaur,56410,DEB1B,DEU,https://www.westerwaldkreis.de/startseite.html,,,,,,,,
4d11e71f-98dd-451f-b082-d5af534b3236,01,Vergabekammern Rheinland-Pfalz,'+49 6131-16-2234,Mainz,55116,DEB35,DEU,https://mwvlw.rlp.de,,reviewer,,,,,,
4d11e71f-98dd-451f-b082-d5af534b3236,01,"Ministerium für Wirtschaft, Verkehr, Landwirtschaft und Weinbau - Vergabeprüfstelle -",'+49 6131162546,Mainz,55116,DEB35,DEU,https://www.mwvlw.rlp.de,,mediator,,,,,,
4d11e71f-98dd-451f-b082-d5af534b3236,01,SOCOTEC Ingenieure AG,16414 Bochum,Bochum,44801,DEB35,DEU,http://www.socotec.de,,tenderer,,,,medium,,True
93613bd8-3bcd-4118-bbce-f56adce48bb4,01,OPG Offenbacher Projektentwicklungsgesellschaft mbH im Namen und Rechnung des Magistrates der Stadt Offenbach am Main,DE264283064,Offenbach am Main,63069,DE713,DEU,https://www.offenbach.de,,buyer,,kommun-beh,,,,
93613bd8-3bcd-4118-bbce-f56adce48bb4,01,Vergabekammer des Landes Hessen beim Regierungspräsidium Darmstadt,t:06151126603,Darmstadt,64283,DE711,DEU,,,reviewer,,,,,,
5bace31b-17d6-4672-a429-62870fd8e5a5,01,Die Autobahn GmbH des Bundes - NL Nordbayern,USt-ID DE329214156,Nürnberg,90402,DE254,DEU,https://www.autobahn.de,,buyer,https://vergabe.autobahn.de,kommun-beh,,,,
5bace31b-17d6-4672-a429-62870fd8e5a5,01,Bundeskartellamt - Vergabekammern des Bundes,N.N.,Bonn,53113,DEA22,DEU,https://www.bundeskartellamt.de/DE/Vergaberecht/vergaberecht_node.html,,reviewer,,,,,,
5bace31b-17d6-4672-a429-62870fd8e5a5,01,Die Autobahn GmbH des Bundes,USt.-ID DE329214156,Berlin,10557,DE300,DEU,https://www.autobahn.de,,,,,,,,
5bace31b-17d6-4672-a429-62870fd8e5a5,01,Die Autobahn GmbH des Bundes,USt. ID DE329214156,Berlin,10557,DE300,DEU,https://www.autobahn.de,,mediator,,,,,,
b6d328f5-cd55-4d41-9421-3734043c6787,01,"Landesamt für Natur, Umwelt und Klima NRW",DE 126 352 455,Recklinghausen,45659,DEA36,DEU,https://www.lanuk.nrw.de,,buyer,,omu-lbeh,,,,
b6d328f5-cd55-4d41-9421-3734043c6787,01,Vergabekammer Westfalen,0251 411-2165,Münster,48147,DEA33,DEU,https://www.bezreg-muenster.de/themen/wirtschaft-kultur-und-kommunales/vergabekammer-westfalen,,reviewer,,,,,,
b6d328f5-cd55-4d41-9421-3734043c6787,01,Gianna Allera,DE441869239,Münster,48151,DEA33,DEU,,,tenderer,,,,micro,DEU,False
b6d328f5-cd55-4d41-9421-3734043c6787,01,Roman Bonnier,94576823605,Göttingen,37073,DE91C,DEU,,,tenderer,,,,micro,DEU,False
b6d328f5-cd55-4d41-9421-3734043c6787,01,Bioplan Höxter PartG,DE357418085,Höxter,37671,DEA44,DEU,,,tenderer,,,,small,DEU,False
b6d328f5-cd55-4d41-9421-3734043c6787,01,Büro Elanus,45/114/03960,Göttingen,37075,DE91C,DEU,,,tenderer,,,,micro,DEU,False
b6d328f5-cd55-4d41-9421-3734043c6787,01,Heiner Härtel,159 871 025,Lübbecke,32312,DEA46,DEU,,,tenderer,,,,micro,DEU,False
b6d328f5-cd55-4d41-9421-3734043c6787,01,Dr. Joachim Kranz,111111111,Mainz,55122,DEB35,DEU,,,tenderer,,,,micro,DEU,False
b6d328f5-cd55-4d41-9421-3734043c6787,01,Josef Kallmayer,111111111,Göttingen,37085,DE91C,DEU,,,tenderer,,,,micro,DEU,False
b6d328f5-cd55-4d41-9421-3734043c6787,01,Svenja Kunze,111111111,Münster,48153,DEA33,DEU,,,tenderer,,,,micro,DEU,False
b6d328f5-cd55-4d41-9421-3734043c6787,01,Tewannakit Mermagen,DE404293001-00001,Münster,48153,DEA33,DEU,,,tenderer,,,,micro,DEU,False
b6d328f5-cd55-4d41-9421-3734043c6787,01,LökPlan - Conze & Cordes GbR,DE169831618,Anröchte,59609,DEA5B,DEU,,,tenderer,,,,micro,DEU,False
b6d328f5-cd55-4d41-9421-3734043c6787,01,Hannah Kalthoff,337/5130/3203,Münster,48153,DEA33,DEU,,,tenderer,,,,micro,DEU,False
b6d328f5-cd55-4d41-9421-3734043c6787,01,"Büro für Vegetationskunde, Faunistik und Umweltplanung Jürgen Wissmann",DE169831618,Bonn,53119,DEA22,DEU,,,tenderer,,,,micro,DEU,False
b6d328f5-cd55-4d41-9421-3734043c6787,01,Mike Müller,95210478864,Brühl,50321,DEA27,DEU,,,tenderer,,,,micro,DEU,False
b6d328f5-cd55-4d41-9421-3734043c6787,01,Büro ISA Ingenieure,DE180163869,Heltersberg,67716,DEB3K,DEU,,,tenderer,,,,small,DEU,False
b6d328f5-cd55-4d41-9421-3734043c6787,01,Sven Philipper,59823104976,Köln,50858,DEA23,DEU,,,tenderer,,,,micro,DEU,False
b6d328f5-cd55-4d41-9421-3734043c6787,01,Anna Lena Hörsken,111111111,Rheine,57539,DEB13,DEU,,,tenderer,,,,micro,DEU,False
b6d328f5-cd55-4d41-9421-3734043c6787,01,Dr. Clemens Hackenberg,111111111,Feusdorf,54584,DEB24,DEU,,,tenderer,,,,micro,DEU,False
b6d328f5-cd55-4d41-9421-3734043c6787,01,Büro Berthold Rees,DE239800002,Arnsberg,59757,DEA57,DEU,,,tenderer,,,,micro,DEU,False
b6d328f5-cd55-4d41-9421-3734043c6787,01,Franziska Klauer,DE460423207,Münster,48145,DEA33,DEU,,,tenderer,,,,micro,DEU,False
b6d328f5-cd55-4d41-9421-3734043c6787,01,Julian Koch,306/5121/5063,Bochum,44797,DEA51,DEU,,,tenderer,,,,micro,DEU,False
b6d328f5-cd55-4d41-9421-3734043c6787,01,Friederike Kunz,337/5154/4119,Münster,48153,DEA33,DEU,,,tenderer,,,,micro,DEU,False
b6d328f5-cd55-4d41-9421-3734043c6787,01,Faunista Landschaftsökologie GbR,DE363101849,Münster,48153,DEA33,DEU,,,tenderer,,,,micro,DEU,False
eca54e1b-066b-4624-9b25-52c469e4b387,01,Deutsche Gesellschaft für Internationale Zusammenarbeit (GIZ) GmbH,993-80072-52,Eschborn,65760,DE71A,DEU,https://www.giz.de,,buyer,,pub-undert-cga,,,,
eca54e1b-066b-4624-9b25-52c469e4b387,01,Vergabekammern des Bundes,022894990,Bonn,53113,DEA22,DEU,https://www.bundeskartellamt.de,,reviewer,,,,,,
2bbbdc07-fa5f-4af9-99a4-7b2e9248396f,01,"Fraunhofer-Gesellschaft zur Förderung der Angewandten Forschung e.V., vertreten durch die 
Fraunhofer-Einrichtung für Energieinfrastrukturen und Geotechnologien (Fraunhofer IEG)",KA,Bochum,44801,DEA51,DEU,,,buyer,,pub-undert,,,,
2bbbdc07-fa5f-4af9-99a4-7b2e9248396f,01,Vergabekammer des Bundes beim Bundeskartellamt,NN,Bonn,53113,DEA22,DEU,,,reviewer,,,,,,
2bbbdc07-fa5f-4af9-99a4-7b2e9248396f,01,RED Drilling & Services GmbH,KA,Gampern,4851,AT315,AUT,,,winner,,,,medium,,
31817d6c-02a0-4088-8949-b5a7f9edc13e,01,Abfallwirtschaft GmbH Halle-Lochau,0,"Schkopau, OT Döllnitz",06258,DEE0B,DEU,https://www.aw-halle.de,,buyer,,kommun-beh,,,,
31817d6c-02a0-4088-8949-b5a7f9edc13e,01,Abfallwirtschaft GmbH Halle-Lochau,0,Schkopau,06258,DEE0B,DEU,,,reviewer,,,,,,
1604bfc0-df6f-4412-a9b8-6bbff0548131,01,Eigenbetrieb Schule und Gebäudewirtschaft - Kreis Bergstraße - Vergabestelle,Berichtseinheit-ID 00000649,Heppenheim,64646,DE715,DEU,https://www.kreis-bergstrasse.de,,buyer,,koerp-oer-kommun,,,,
1604bfc0-df6f-4412-a9b8-6bbff0548131,01,Vergabekammer des Landes Hessen beim Regierungspräsidium Darmstadt,06151 126603,Darmstadt,64283,DE711,DEU,,,reviewer,,,,,,
1604bfc0-df6f-4412-a9b8-6bbff0548131,01,Jaeger Modulbau GmbH + Co KG,DE275872827,Weiden,92637,DE233,DEU,,,tenderer,,,,large,,
7a2bc9a7-8015-4b5e-b0de-841f3a78496b,01,"Hanau Immobilien- und Baumanagement, 
Eigenbetrieb der Stadt Hanau",DE113525347,Hanau,63452,DE719,DEU,https://www.hanau.de,,buyer,,kommun-beh,,,,
7a2bc9a7-8015-4b5e-b0de-841f3a78496b,01,"Vergabekammer des Landes Hessen beim
Regierungspräsidium Darmstadt",DE294956625,Darmstadt,64283,DE711,DEU,,,reviewer,,,,,,
f1f4f430-22aa-4217-9c09-8d7d94a5516c,01,Mainova AG,dcd6e40f-8cb3-461e-bc03-e7e7228f40b3,Frankfurt am Main,60486,DE712,DEU,https://www.mainova.de,,buyer,,,,,,
f1f4f430-22aa-4217-9c09-8d7d94a5516c,01,Vergabekammer des Landes Hessen beim Regierungspräsidium Darmstadt,56e7b770-8c1a-47f2-a7dd-154332993450,Darmstadt,64283,DE711,DEU,,,reviewer,,,,,,
f1f4f430-22aa-4217-9c09-8d7d94a5516c,01,Mainova AG,f713b366-db7e-4f78-a7db-7f412a0ef349,Frankfurt,60486,DE712,DEU,https://www.mainova.de,,,,,,,,
452cdf46-ea32-4091-af28-6a63ef8c9c74,01,"Stadtverwaltung Baden-Baden
Hochbauamt",Berichtseinheit-ID 00000780,Baden-Baden,76530,DE121,DEU,https://www.baden-baden.de,,buyer,,koerp-oer-kommun,,,,
452cdf46-ea32-4091-af28-6a63ef8c9c74,01,Vergabekammer Baden-Württemberg im Regierungspräsidium Karlsruhe,08-A9866-40,Karlsruhe,76131,DE122,DEU,,,reviewer,,,,,,
452cdf46-ea32-4091-af28-6a63ef8c9c74,01,"Stadtverwaltung Baden-Baden
Rechtsamt / Abteilung Vergabe",Berichtseinheit-ID 00000780,Baden-Baden,76530,DE121,DEU,,,,,,,,,
452cdf46-ea32-4091-af28-6a63ef8c9c74,01,"Sterk Ingenieure, Dipl.-Ing. Thomas STERK",keine Angaben,Baden-Baden,76532,DE121,DEU,,False,tenderer,,,,micro,,False
0154f570-03d0-4766-90ab-501c3e9c9727,01,Flughafen München GmbH,DE129352365,München,85326,DE21B,DEU,https://www.munich-airport.de,,buyer,,,,,,
0154f570-03d0-4766-90ab-501c3e9c9727,01,Regierung von Oberbayern - Vergabekammer Südbayern,09-0318006-60,München,80534,DE212,DEU,,,reviewer,,,,,,
e4ea949f-6d96-43b3-ba0f-8f48f6c8c175,01,Verbandsgemeindeverwaltung Wörrstadt (LK Alzey Worms),Leitweg-ID 073315006000-001,Wörrstadt,55286,DEB3B,DEU,https://www.vgwoerrstadt.de,,buyer,,koerp-oer-kommun,,,,
e4ea949f-6d96-43b3-ba0f-8f48f6c8c175,01,"Vergabekammer Rheinland-Pfalz beim Ministerium für Wirtschaft, Verkehr, Landwirtschaft und Weinbau Rheinland-Pfalz",USt.-ID: DE355604198,Mainz,55116,DEB3J,DEU,,,reviewer,,,,,,
ea96b9d2-128d-4482-bda5-b62255a3569c,01,AOK Bremen/Bremerhaven,t:042117610,Bremen,28195,DE501,DEU,https://www.aok.de/bremen,,buyer,,pub-undert,,,,
d96a9962-729c-44a2-a060-f4fa4fa5caa6,01,Bundesstadt Bonn - Referat Vergabedienste,05314-31001-65,Bonn,53111,DEA22,DEU,http://www.bonn.de,,buyer,,kommun-beh,,,,
d96a9962-729c-44a2-a060-f4fa4fa5caa6,01,Vergabekammer Westfalen,05515-03004-07,Münster,48147,DEA33,DEU,https://www.bezreg-muenster.de/themen/wirtschaft-kultur-und-kommunales/vergabekammer-westfalen,,reviewer,,,,,,
e43bf811-04c1-4456-a92e-b8059fc60905,01,Gemeinde Reiskirchen,'-,Reiskirchen,35447,DE300,DEU,,,buyer,,kommun-beh,,,,
e43bf811-04c1-4456-a92e-b8059fc60905,01,Vergabekammern des Landes Hessen,t:06151126603,Darmstadt,64283,DE711,DEU,,,reviewer,,,,,,
c1bb7efc-f32e-4d8a-a28b-7c7768dba9c8,01,Stadt Bad Staffelstein,09478165-0023-18,Bad Staffelstein,96231,DE24C,DEU,https://bad-staffelstein.de/,,buyer,https://www.staatsanzeiger-eservices.de/,kommun-beh,,,,
c1bb7efc-f32e-4d8a-a28b-7c7768dba9c8,01,Vergabekammer Nordbayern,09-0358002-61,Ansbach,91522,DE251,DEU,http://www.regierung.mittelfranken.bayern.de/,,reviewer,,,,,,
c1bb7efc-f32e-4d8a-a28b-7c7768dba9c8,01,PAMPELBAU GmbH,ORG-0003,Zwickau,08056,DED45,DEU,,,tenderer,,,,small,,
bcfd3845-ebc1-44b8-9c34-c2d124b10fe7,01,Universität Siegen,DE 154854171,Siegen,57076,DEA5A,DEU,https://www.uni-siegen.de/start/,,buyer,,koerp-oer-land,,,,
bcfd3845-ebc1-44b8-9c34-c2d124b10fe7,01,Vergabekammer Westfalen bei der Bezirksregierung Münster,05515-03004-07,Münster,48128,DEA33,DEU,https://www.bezreg-muenster.de/de/wirtschaft_finanzen_kommunalaufsicht/vergabekammer_westfalen/index.html,,reviewer,,,,,,
bcfd3845-ebc1-44b8-9c34-c2d124b10fe7,01,Winterdienst GmbH,DE 369 759 167,Grefrath,47929,DEA1E,DEU,https://www.winterdienst-gmbh.com,,tenderer,,,,small,DEU,False
9a1b2062-053c-47dc-bc6c-b4cd4604c5f2,01,Stadt Ichenhausen,5865,Ichenhausen,89335,DE278,DEU,https://www.deutsche-evergabe.de,,buyer,https://www.deutsche-evergabe.de,kommun-beh,,,,
9a1b2062-053c-47dc-bc6c-b4cd4604c5f2,01,Vergabekammer Südbayern,f82f18bb-92cd-4ea1-8065-8c23e72e781c,München,80534,DE212,DEU,,,reviewer,,,,,,
2f51da30-ace1-438c-87f3-d453fea657eb,01,Stadtverwaltung Radolfzell am Bodensee,Leitweg-ID 08335063-A8498-15,Radolfzell,78315,DE138,DEU,https://www.radolfzell.de,,buyer,,koerp-oer-kommun,,,,
2f51da30-ace1-438c-87f3-d453fea657eb,01,Vergabekammer Baden-Württemberg beim Regierungspräsidium Karlsruhe,Leitweg ID: 08-A9866-40,Karlsruhe,76131,DE122,DEU,,,reviewer,,,,,,
89a419d8-3f95-4702-993f-d8beec8f6caa,01,KJF Klinik Josefinum gGmbH,Berichtseinheit-ID 00006337,Augsburg,86150,DE271,DEU,https://www.josefinum.de/,,buyer,,org-sub,,,,
89a419d8-3f95-4702-993f-d8beec8f6caa,01,Regierung von Oberbayern,DE 811335517,München,860538,DE212,DEU,,,reviewer,,,,,,
89a419d8-3f95-4702-993f-d8beec8f6caa,01,KMP Projektsteuerung GmbH,DE186893263,Buchloe,86807,DE27B,DEU,https://www.kmp-projektsteuerung.de/,,serv-prov,,,,,,
89a419d8-3f95-4702-993f-d8beec8f6caa,01,Büromöbel Schmid,DE 333334091,Augsburg,86167,DE271,DEU,https://bueromoebel-schmid.de/,,winner,,,,small,,False
ddcd7ad8-87a6-4630-8e5c-2b280cfcc3dc,01,"Land Hessen, vertreten durch den Landesbetrieb Bau und Immobilien Hessen, Zentrale Vergabe",wird bei Auftragserteilung mitgeteilt,Bad Nauheim,61231,DE71E,DEU,https://vergabe.hessen.de,,buyer,,koerp-oer-land,,,,
ddcd7ad8-87a6-4630-8e5c-2b280cfcc3dc,01,Vergabekammer des Landes Hessen bei dem Regierungspräsidium Darmstadt,DE 812 056 745,Darmstadt,64283,DE711,DEU,,,reviewer,,,,,,
f9130abe-6656-41ee-90e5-fa88244bc975,01,Stadt Schongau,DE 128378352,Schongau,86956,DE21N,DEU,https://www.schongau.de,,buyer,,kommun-beh,,,,
f9130abe-6656-41ee-90e5-fa88244bc975,01,"Regierung von Oberbayern, Vergabekammer Südbayern",DE 811335517,München,80534,DE212,DEU,,,reviewer,,,,,,
f9130abe-6656-41ee-90e5-fa88244bc975,01,Schlingmann GmbH & Co. KG,HRA 110098,Dissen,49201,DE94E,DEU,,,tenderer,,,,medium,DEU,
f9130abe-6656-41ee-90e5-fa88244bc975,01,BAS Vertriebs GmbH,HRB 61941,Planegg,82152,DE21H,DEU,,,tenderer,,,,medium,DEU,
0e1e53c6-2e9a-43e0-b379-157699a278b1,01,Hamburger Stadtentwässerung AöR,DE173526990,Hamburg,20539,DE600,DEU,,,buyer,https://vergabe.hamburgwasser.de/NetServer/,anst-oer-land,,,,
0e1e53c6-2e9a-43e0-b379-157699a278b1,01,Vergabekammer bei der Finanzbehörde Hamburg,02000000 KFB0000001 20,Hamburg,20457,DE600,DEU,,,reviewer,,,,,,
0e1e53c6-2e9a-43e0-b379-157699a278b1,01,Submissionsstelle der Hamburger Stadtentwässerung AöR,DE173526990,Hamburg,20539,DE600,DEU,https://www.hamburgwasser.de,,,,,,,,
99e8a48e-55be-4c76-b600-3777e7cba28e,01,ÖPNV-Betrieb des Kreises Schleswig-Flensburg,Tel: 0462187748,Schleswig,24837,DEF0C,DEU,,,buyer,,pub-undert-ra,,,,
99e8a48e-55be-4c76-b600-3777e7cba28e,01,"Vergabekammer bei dem Ministerium für Wirtschaft, Verkehr, Arbeit, Technologie und Tourismus des Landes Schleswig-Holstein",Tel: 04319884542,Kiel,24105,DEF02,DEU,,,reviewer,,,,,,
a32e0e5f-cbf6-4bc8-9fe1-c6a3af7ef5f3,01,SWE UmweltService GmbH,Berichtseinheit-ID 00004531,Erfurt,99086,DEG01,DEU,https://www.stadtwerke-erfurt.de,,buyer,,pub-undert,,,,
a32e0e5f-cbf6-4bc8-9fe1-c6a3af7ef5f3,01,Vergabekammer des Freistaates Thüringen beim Thüringer Landesverwaltungsamt,Leitweg-ID: 16900334-0001-29,Weimar,99423,DEG05,DEU,,,reviewer,,,,,,
a32e0e5f-cbf6-4bc8-9fe1-c6a3af7ef5f3,01,STORK Umwelt GmbH,USt.-ID-Nr.: DE212677779,Schkeuditz,04435,DED53,DEU,,,tenderer,,,,medium,,
db17c97d-c656-41ab-a10b-25b187f9f62b,01,Amt für Binnen-Verkehrstechnik,4572,Koblenz,56070,DEB11,DEU,,,buyer,,omu-bbeh-niedrig,,,,
db17c97d-c656-41ab-a10b-25b187f9f62b,01,Bundeskartellamt - Vergabekammer des Bundes -,022894990,Bonn,53113,DEA22,DEU,https://www.bundeskartellamt.de/DE/Home/home_node.html,,reviewer,,,,,,
db17c97d-c656-41ab-a10b-25b187f9f62b,01,Generaldirektion Wasserstraßen und Schifffahrt,111000,Bonn,53121,DEA22,DEU,https://www.gdws.wsv.bund.de,,mediator,,,,,,
9a166902-52db-4456-b8e2-5fe3f2c51e39,01,Land Berlin – Sondervermögen Immobilien des Landes Berlin (SILB) c/o BIM Berliner Immobilienmanagement GmbH,11-2200011000-02,Berlin,10178,DE300,DEU,https://www.bim-berlin.de,,buyer,,grp-p-aut,,,,
9a166902-52db-4456-b8e2-5fe3f2c51e39,01,BIM Berliner Immobilienmanagement GmbH,11-2100019001-07,Berlin,10178,DE300,DEU,https://www.bim-berlin.de,,serv-prov,,,,,,
9a166902-52db-4456-b8e2-5fe3f2c51e39,01,Vergabekammer des Landes Berlin,11-1300000V00-74,Berlin,10825,DE300,DEU,https://www.berlin.de/sen/wirtschaft/wirtschaft/wirtschaftsrecht/vergabekammer/,,reviewer,,,,,,
9a166902-52db-4456-b8e2-5fe3f2c51e39,01,griep Baulogistik GmbH,DE285905690,Wiesbaden,65205,DE714,DEU,,,winner,,,,medium,DEU,
d108fbfa-8380-49ee-89d5-e5b47b1b8533,01,Gemeinde Bedburg-Hau,Keine Angabe,Bedburg-Hau,47551,DEA1B,DEU,http://www.bedburg-hau.de,,buyer,,kommun-beh,,,,
d108fbfa-8380-49ee-89d5-e5b47b1b8533,01,Vergabekammer Westfalen,05515-03004-07,Münster,48147,DEA33,DEU,,,reviewer,,,,,,
c214e855-82c8-4204-94b5-4a8bc3c188b8,01,Zweckverband Staatliche weiterführende Schulen im Südosten des Landkreises München (Schulzweckverband Südost),unbekannt1,Neubiberg,85579,DE21H,DEU,www.szv-m.de,,buyer,https://plattform.aumass.de/Veroeffentlichung/av286b63-eu,koerp-oer-kommun,,,,
c214e855-82c8-4204-94b5-4a8bc3c188b8,01,Hitzler Ingenieure GmbH & Co. KG,unbekannt3,München,80807,DE212,DEU,,,,,,,,,
c214e855-82c8-4204-94b5-4a8bc3c188b8,01,Vergabekammer Südbayern bei der Regierung von Oberbayern,0000,München,80538,DE212,DEU,https://www.regierung.oberbayern.bayern.de/,,reviewer,,,,,,
80fc2cde-cc93-4d94-8f2e-8a53c6c4a93c,01,Stadt Tecklenburg,055660088088-31001-58,Tecklenburg,49545,DEA37,DEU,,,buyer,,kommun-beh,,,,
80fc2cde-cc93-4d94-8f2e-8a53c6c4a93c,01,Vergabekammer Westfalen,05515-03004-07,Münster,48147,DEA33,DEU,,,reviewer,,,,,,
f2f288d1-4d81-4487-abf7-c6bd0c996e22,01,Klinikverbund Allgäu gGmbH,DE275663595,Kempten,87439,DE273,DEU,https://klinikverbund-allgaeu.de/standorte/kliniken/klinikum-immenstadt,,buyer,,org-sub,,,,
f2f288d1-4d81-4487-abf7-c6bd0c996e22,01,Vergabekammer Südbayern,DE811335517,München,80534,DE212,DEU,,,reviewer,,,,,,
f2f288d1-4d81-4487-abf7-c6bd0c996e22,01,Meixner+Partner Projektentwicklung Projektsteuerung GmbH,DE226852359,Augsburg,86199,DE271,DEU,https://www.meixner-partner.de/,,serv-prov,,,,,,
d66220d5-2fb6-4e0a-b885-ebd544cee9e6,01,Kliniken der Stadt und des Landkreises Rosenheim GmbH,5e592377-5213-4a7d-b12e-ae70e1fb0c03,Rosenheim,83022,DE21K,DEU,https://www.romed-kliniken.de/,,buyer,,pub-undert-ra,,,,
d66220d5-2fb6-4e0a-b885-ebd544cee9e6,01,Regierung von Oberbayern,4bd4c232-d478-4498-83ba-9e4da6e06f97,München,80538,DE212,DEU,,,reviewer,,,,,,
d66220d5-2fb6-4e0a-b885-ebd544cee9e6,01,EKK plus GmbH,c2d602bb-54c2-4896-8695-5715e0192e6f,Köln,51149,DEA23,DEU,https://www.gdekk.de,,serv-prov,,,,,,
00d958fa-1508-46e7-8b03-2e3cfab170a4,01,"Gesundheit Nord gGmbH Klinikverbund Bremen, c/o Klinikum Bremen Mitte",HRB 21773,Bremen,28205,DE501,DEU,,,buyer,,pub-undert,,,,
00d958fa-1508-46e7-8b03-2e3cfab170a4,01,Gesundheit Nord gGmbH Klinikverbund Bremen,HRB 21773,Bremen,28197,DE501,DEU,,,,,,,,,
00d958fa-1508-46e7-8b03-2e3cfab170a4,01,"Vergabekammer Bremen bei der Senatorin für Bau, Mobilität und Stadtentwicklung",t:042136159796,Bremen,28195,DE501,DEU,,,reviewer,,,,,,
68799396-9c0b-41bc-84f6-3c646b99051e,01,"Hanau Immobilien- und Baumanagement,
Eigenbetrieb der Stadt Hanau",DE113525347,Hanau,63452,DE719,DEU,https://www.hanau.de,,buyer,,kommun-beh,,,,
68799396-9c0b-41bc-84f6-3c646b99051e,01,"Vergabekammer des Landes Hessen beim
Regierungspräsidium Darmstadt",DE294956625,Darmstadt,64283,DE711,DEU,,,reviewer,,,,,,
6c0e64fd-a181-465d-a3ad-b4585d2758dd,01,Kreis Herzogtum Lauenburg,Berichtseinheit-ID 00002256,Ratzeburg,23909,DEF06,DEU,http://www.kreis-rz.de,,buyer,,koerp-oer-kommun,,,,
6c0e64fd-a181-465d-a3ad-b4585d2758dd,01,Vergabekammer Schleswig-Holstein,Keine Angabe,Kiel,24105,DEF02,DEU,,,reviewer,,,,,,
6c0e64fd-a181-465d-a3ad-b4585d2758dd,01,ppp architekten + stadtplaner gmbh,HRB 15354 HL,Lübeck,23552,DEF03,DEU,,,serv-prov,,,,,,
6c0e64fd-a181-465d-a3ad-b4585d2758dd,01,Kone GmbH,DE114107702,Hannover,30179,DE929,DEU,,,tenderer,,,,large,,
172ae66a-09d6-41d6-aa39-f7a293f9a600,01,Land Berlin – Sondervermögen Immobilien des Landes Berlin (SILB) c/o BIM Berliner Immobilienmanagement GmbH,11-2200011000-02,Berlin,10178,DE300,DEU,https://www.bim-berlin.de,,buyer,,grp-p-aut,,,,
172ae66a-09d6-41d6-aa39-f7a293f9a600,01,BIM Berliner Immobilienmanagement GmbH,11-2100019001-07,Berlin,10178,DE300,DEU,https://www.bim-berlin.de,,serv-prov,,,,,,
172ae66a-09d6-41d6-aa39-f7a293f9a600,01,Vergabekammer des Landes Berlin,11-1300000V00-74,Berlin,10825,DE300,DEU,https://www.berlin.de/sen/wirtschaft/wirtschaft/wirtschaftsrecht/vergabekammer/,,reviewer,,,,,,
f183c2f1-a1f6-4252-8ac6-5866d30c6ca4,01,Stadt Hemmingen,032410007007-0-67,Hemmingen,30966,DE929,DEU,https://www.stadthemmingen.de/,,buyer,,koerp-oer-kommun,,,,
f183c2f1-a1f6-4252-8ac6-5866d30c6ca4,01,bbt Rechts- und Steuerkanzlei GmbH,DE259528735,Hannover,30159,DE929,DEU,http://www.bbt-kanzlei.de,,,,,,,,
f183c2f1-a1f6-4252-8ac6-5866d30c6ca4,01,"Vergabekammer Niedersachsen beim Niedersächsischen Ministerium für Wirtschaft, Verkehr und Bauen",t:04131153308,Lüneburg,21339,DE935,DEU,,,reviewer,,,,,,
38598773-63fb-48eb-b6aa-a255ff4040fa,01,Universität Stuttgart,DE 147 794 196,Stuttgart,70174,DE111,DEU,https://www.uni-stuttgart.de,,buyer,https://www.beschaeftigte.uni-stuttgart.de/uni-services/finanzen/beschaffung/,koerp-oer-land,,,,
38598773-63fb-48eb-b6aa-a255ff4040fa,01,"Universität Stuttgart, Zentrale Beschaffungsstelle",DE147794196,Stuttgart,70174,DE111,DEU,https://www.uni-stuttgart.de,,,,,,,,
38598773-63fb-48eb-b6aa-a255ff4040fa,01,Vergabekammer Baden-Württemberg im Regierungspräsidium Karlsruhe,DE811469974,Karlsruhe,76137,DE122,DEU,http://www.rp-karlsruhe.de/servlet/PB/menu/1159131/index.html,,reviewer,,,,,,
3678614b-4cd2-4a0b-9d07-b3bf8b21c1cb,01,DB InfraGO AG – Geschäftsbereich Fahrweg (Bukr 16),fb197f94-7578-4673-8a57-4642ae120532,Frankfurt Main,60327,DE712,DEU,http://www.deutschebahn.com/bieterportal/,,buyer,,,,,,
3678614b-4cd2-4a0b-9d07-b3bf8b21c1cb,01,Vergabekammer des Bundes,0a9ea480-08e4-4ab6-bf12-d722d0ad54b6,Bonn,53113,DEA22,DEU,,,reviewer,,,,,,
3678614b-4cd2-4a0b-9d07-b3bf8b21c1cb,01,LEONHARD WEISS GmbH & Co. KG,9a9357bc-0f79-4735-bae8-7cd270aebe9e,Göppingen,73037,DE114,DEU,,,tenderer,,,,,,
08ecd73b-ffc2-45a7-8132-f92a89d11b94,01,"Land Hessen, vertreten durch die Hessische Zentrale für Datenverarbeitung",06-25153000-14,Wiesbaden,65185,DE714,DEU,https://vergabe.hessen.de,,buyer,,omu-lbeh,,,,
08ecd73b-ffc2-45a7-8132-f92a89d11b94,01,Vergabekammer des Landes Hessen beim Regierungspräsidium Darmstadt,DE 812 056 745,Darmstadt,64283,DE711,DEU,https://www.rp-darmstadt.hessen.de,,reviewer,,,,,,
08ecd73b-ffc2-45a7-8132-f92a89d11b94,01,Gi Group Deutschland,DE258752665,Düsseldorf,40474,DEA11,DEU,,,tenderer,,,,large,ITA,False
c4745a16-5769-4144-a01f-0802676c2ac0,01,Berufsgenossenschaftliche Bildungsstätte Linowsee e.V.,Steuer-Nr. 27/661/57607,Berlin,14195,DE300,DEU,https://www.bgetem.de/seminare/bildungsstandorte/linowsee-1,,buyer,,org-sub,,,,
c4745a16-5769-4144-a01f-0802676c2ac0,01,Bundeskartellamt — Vergabekammern des Bundes,991-02380-92,Bonn,53113,DEA22,DEU,,,reviewer,,,,,,
c4745a16-5769-4144-a01f-0802676c2ac0,01,BG BAU — Berufsgenossenschaft der Bauwirtschaft,993-8001610400-54,Berlin,10719,DE300,DEU,,,,,,,,,
c4745a16-5769-4144-a01f-0802676c2ac0,01,Deutsche Verkehrswacht e.V.,DE123382251,Berlin,10787,DE300,DEU,,,winner,,,,small,,False
c4745a16-5769-4144-a01f-0802676c2ac0,01,Driving Center Groß Dölln GmbH,DE212631578,Templin,17268,DE40I,DEU,,,subcont,,,,small,,
c4745a16-5769-4144-a01f-0802676c2ac0,01,Driving Experience Academy Hannover UG,DE366235973,Neustadt am Rübenberge,31535,DE929,DEU,,,subcont,,,,small,,
c4745a16-5769-4144-a01f-0802676c2ac0,01,Kreisverkehrswacht Oberhavel e.V.,Amtsgericht Neuruppin VR 1362 NP,Oranienburg,16515,DE40A,DEU,,,subcont,,,,small,,
de9b5ae4-c01d-4d0c-acfa-5a1de3ff16a4,01,AOK Baden-Württemberg,DE168368778,Stuttgart,70191,DE111,DEU,,,buyer,,koerp-oer-land,,,,
de9b5ae4-c01d-4d0c-acfa-5a1de3ff16a4,01,Bundeskartellamt,t:0228-9499-0,Bonn,53113,DEA22,DEU,,,reviewer,,,,,,
9a8ae6f7-4ea4-4b56-a73e-05759cff10a9,01,NABU-Natuschutzstation Niederrhein e.V.,DE178642241,Kleve,47533,DEA1B,DEU,,,buyer,,grp-p-aut,,,,
9a8ae6f7-4ea4-4b56-a73e-05759cff10a9,01,Bezirksregierung Düsseldorf,DE178642241,Düsseldorf,40474,DEA11,DEU,,,reviewer,,,,,,
f6da07ed-feae-40a5-9eac-0aa287f95e78,01,Die Autobahn GmbH des Bundes - NL Nordwest,USt-ID DE329214156,Hannover,30163,DE929,DEU,https://www.autobahn.de,,buyer,https://vergabe.autobahn.de,pub-undert,,,,
f6da07ed-feae-40a5-9eac-0aa287f95e78,01,Bundeskartellamt - Vergabekammern des Bundes,N.N.,Bonn,53113,DEA22,DEU,https://www.bundeskartellamt.de/DE/Vergaberecht/vergaberecht_node.html,,reviewer,,,,,,
f6da07ed-feae-40a5-9eac-0aa287f95e78,01,Die Autobahn GmbH des Bundes,USt.-ID DE329214156,Berlin,10557,DE300,DEU,https://www.autobahn.de,,,,,,,,
f6da07ed-feae-40a5-9eac-0aa287f95e78,01,Die Autobahn GmbH des Bundes,USt. ID DE329214156,Berlin,10557,DE300,DEU,https://www.autobahn.de,,mediator,,,,,,
6f7f8e44-08f4-4d44-9904-cd2117e84eee,01,Stadt Coesfeld,DE 124470655,Coesfeld,48653,DEA35,DEU,https://www.coesfeld.de/startseite,,buyer,,koerp-oer-kommun,,,,
6f7f8e44-08f4-4d44-9904-cd2117e84eee,01,Vergabekammer Westfalen c/o Bezirksregierung Münster,05515-03004-07,Münster,48147,DEA33,DEU,https://www.bezreg-muenster.de/de/wirtschaft_finanzen_kommunalaufsicht/vergabekammer_westfalen/index.html,,reviewer,,,,,,
63de9706-6f8e-416b-9d0c-617396a34c87,01,"Land Hessen, vertreten durch den Landesbetrieb Bau und Immobilien Hessen, Zentrale Vergabe",wird bei Auftragserteilung mitgeteilt,Bad Nauheim,61231,DE71E,DEU,https://vergabe.hessen.de,,buyer,,,,,,
63de9706-6f8e-416b-9d0c-617396a34c87,01,Vergabekammer des Landes Hessen bei dem Regierungspräsidium Darmstadt,DE 812 056 745,Darmstadt,64283,DE711,DEU,,,reviewer,,,,,,
63de9706-6f8e-416b-9d0c-617396a34c87,01,Fratii Danut GbR,DE 307929658,Kraiburg,84559,DE21G,DEU,,,tenderer,,,,,,
8014ade7-eefd-4ab9-b5aa-c3f0725bdf40,01,Stadtverwaltung Bad Salzungen,DE 813100236,Bad Salzungen,36433,DEG0R,DEU,www.badsalzungen.de,,buyer,,kommun-beh,,,,
8014ade7-eefd-4ab9-b5aa-c3f0725bdf40,01,"Vergabekammer des Freistaates Thüringen, Thüringer Landesverwaltungsamt, Referat 250",16900334-0001-29,Weimar,99423,DEG05,DEU,,,reviewer,,,,,,
8014ade7-eefd-4ab9-b5aa-c3f0725bdf40,01,JNS-ING GmbH,DE316980219,Waltershausen,99880,DEG0C,DEU,,,tenderer,,,,micro,,
f77e1a90-902b-4f00-8bbc-42e977721d7f,01,Bundesamt für Strahlenschutz,991-07256-14,Salzgitter,38226,DE912,DEU,https://www.bfs.de,,buyer,,omu-bbeh-niedrig,,,,
f77e1a90-902b-4f00-8bbc-42e977721d7f,01,Bundeskartellamt,12345,Bonn,53123,DEA22,DEU,,,reviewer,,,,,,
fb71ece0-27b2-42e6-8bcd-e8707b08ac24,01,Paul-Ehrlich-Institut,991 01822-20,Langen,63225,DE71C,DEU,https://www.pei.de,,buyer,,omu-bbeh-niedrig,,,,
fb71ece0-27b2-42e6-8bcd-e8707b08ac24,01,Vergabekammer des Bundes,t:022894990,Bonn,53123,DEA22,DEU,http://www.bundeskartellamt.de,,reviewer,,,,,,
29c52430-b029-4424-8ca7-24374715bf58,01,"Bundesamt für Bauwesen und Raumordnung, in
Vertretung der Bundesanstalt für Immobilienaufgaben",Leitweg-ID: 991-05531-48,Berlin,10623,DE300,DEU,http://www.bbr.bund.de,,buyer,http://www.evergabe-online.de,anst-oer-bund,,,,
29c52430-b029-4424-8ca7-24374715bf58,01,Bundeskartellamt - Vergabekammern des Bundes,Leitweg-ID: t:022894990,Bonn,53113,DEA22,DEU,,,reviewer,,,,,,
29c52430-b029-4424-8ca7-24374715bf58,01,Bundesamt für Bauwesen und Raumordnung - A 4.1,Leitweg-ID: 991-00606-79,Berlin,10623,DE300,DEU,,,,,,,,,
29c52430-b029-4424-8ca7-24374715bf58,01,Hans Timm Fensterbau GmbH & Co. KG,DE136652911,Berlin,12277,DE300,DEU,,,winner,,,,medium,,
4b6da03a-87a6-453f-a25a-669cc405f290,01,"Gebäudemanagement Schleswig-Holstein AöR, Fachbereich 412",01-2002-79-FB412,Kiel,24103,DEF02,DEU,https://www.e-vergabe-sh.de,,,,,,,,
4b6da03a-87a6-453f-a25a-669cc405f290,01,Vergabekammer Schleswig-Holstein,t:04319884542,Kiel,24105,DEF02,DEU,https://www.e-vergabe-sh.de,,reviewer,,,,,,
4b6da03a-87a6-453f-a25a-669cc405f290,01,Kreis Pinneberg,t:0412145020,Elmshorn,25337,DEF09,DEU,https://www.kreis-pinneberg.de/,,buyer,https://www.e-vergabe-sh.de,koerp-oer-kommun,,,,
4b6da03a-87a6-453f-a25a-669cc405f290,01,MAN Truck & Bus Deutschland GmbH,DE811125407,Hamburg,22113,DE600,DEU,,,winner,,,,large,,False
4ad66f02-72eb-45a0-95b6-68f73ee7e093,01,N-ERGIE Aktiengesellschaft,6850,Nürnberg,90429,DE254,DEU,https://www.deutsche-evergabe.de,,buyer,https://www.deutsche-evergabe.de,,,,,
4ad66f02-72eb-45a0-95b6-68f73ee7e093,01,Regierung von Mittelfranken - Vergabekammer Nordbayern,ffcccca7-ef0c-490e-ab80-3eb0c564422c,Ansbach,91522,DE251,DEU,,,reviewer,,,,,,
b7d8db51-786a-4c0a-9bb5-cf046d701d5b,01,Stadtverwaltung Bad Salzungen,DE 813100236,Bad Salzungen,36433,DEG0R,DEU,www.badsalzungen.de,,buyer,,kommun-beh,,,,
b7d8db51-786a-4c0a-9bb5-cf046d701d5b,01,"Vergabekammer des Freistaates Thüringen, Thüringer Landesverwaltungsamt, Referat 250",16900334-0001-29,Weimar,99423,DEG05,DEU,,,reviewer,,,,,,
b7d8db51-786a-4c0a-9bb5-cf046d701d5b,01,Mittnacht Beratende Ingenieure,DE 454510837,Würzburg,97074,DE263,DEU,,,tenderer,,,,small,,
3416f20b-ef8f-4c6f-93f1-ccdaad7ed079,01,Kreisausschuss des Vogelsbergkreises,1234,Lauterbach,36341,DE725,DEU,https://www.vogelsbergkreis.de,,buyer,,kommun-beh,,,,
3416f20b-ef8f-4c6f-93f1-ccdaad7ed079,01,Kreisausschuss des Vogelsbergkreises - Submissionsstelle,2345,Alsfeld,36304,DE725,DEU,www.vogelsbergkreis.de,,,,,,,,
3416f20b-ef8f-4c6f-93f1-ccdaad7ed079,01,Kreisausschuss des Vogelsbergkreises - Submissionsstelle,3456,Alsfeld,36304,DE725,DEU,https://www.vogelsbergkreis.de,,,,,,,,
3416f20b-ef8f-4c6f-93f1-ccdaad7ed079,01,Vergabekammer des Landes Hessen,t:06151126603,Darmstadt,64283,DE711,DEU,,,reviewer,,,,,,
c08a2d81-686f-463a-8dba-252b629bfd0a,01,"Bundesrepublik Deutschland, vertreten durch das Bundesministerium des Innern, vertreten durch das Beschaffungsamt des BMI",t:0049228996100,Bonn,53119,DEA22,DEU,http://www.bescha.bund.de,,buyer,,omu-bbeh-niedrig,,,,
c08a2d81-686f-463a-8dba-252b629bfd0a,01,Vergabekammer des Bundes,t:022894990,Bonn,53113,DEA22,DEU,http://www.bundeskartellamt.de,,reviewer,,,,,,
4e332a71-bcc9-4ecd-8802-5dbb477b85e3,01,Stadt Trier,a3986a1e-f04a-4c29-9722-d22bec09d467,Trier,54290,DEB21,DEU,http://www.trier.de,,buyer,,kommun-beh,True,,,
4e332a71-bcc9-4ecd-8802-5dbb477b85e3,01,"Ministerium für Wirtschaft, Tourismus, Energie und Klima",2ef520ea-8b6d-41c7-82ab-2d9be8ace693,Mainz,55116,DEB35,DEU,,,reviewer,,,,,,
4e332a71-bcc9-4ecd-8802-5dbb477b85e3,01,Stadtverwaltung Trier,36f8d8c8-f31c-4b41-81ef-1fd43d264e68,Trier,54290,DEB21,DEU,http://www.trier.de/,,,,,,,,
ea2006a9-9224-467d-865e-5dd8134a2dbd,01,"Bundesamt für Bauwesen und Raumordnung, in Vertretung für die Bundesrepublik Deutschland",Leitweg-ID: 991-01312-95,Berlin,10623,DE300,DEU,http://www.bbr.bund.de,,buyer,http://www.evergabe-online.de,oberst-bbeh,,,,
ea2006a9-9224-467d-865e-5dd8134a2dbd,01,Bundeskartellamt - Vergabekammern des Bundes,Leitweg-ID: t:022894990,Bonn,53113,DEA22,DEU,,,reviewer,,,,,,
ea2006a9-9224-467d-865e-5dd8134a2dbd,01,Bundesamt für Bauwesen und Raumordnung - A 4.1,Leitweg-ID: 991-00606-79,Berlin,10623,DE300,DEU,,,,,,,,,
ea2006a9-9224-467d-865e-5dd8134a2dbd,01,Hartmann Ingenieure,DE160925707,Berlin,13469,DE300,DEU,,,winner,,,,small,,
921b9e0b-9696-467e-a913-ccc15ad1abe6,01,Deutsches Institut für Ernährungsforschung Potsdam-Rehbrücke,DE160059202,Nuthetal,14558,DE40E,DEU,https://www.dife.de,,buyer,,stift-oer-land,,,,
921b9e0b-9696-467e-a913-ccc15ad1abe6,01,Vergabekammer des Landes Brandenburg beim Ministerium für Wirtschaft und Energie,DE325561763,Potsdam,14473,DE404,DEU,https://mweke.brandenburg.de/de/vergabekammer-nachpr%C3%BCfungsverfahren/bb1.c.478846.de,,reviewer,,,,,,
28c8aa4c-208a-46f3-b333-35c568928d49,01,Zentrale Vertrags- und Vergabestelle im Geschäftsbereich der Staatskanzlei des Saarlandes,10000000-00102010000001-77,Saarbrücken,66117,DEC01,DEU,https://www.saarland.de,,buyer,,oberst-lbeh,,,,
28c8aa4c-208a-46f3-b333-35c568928d49,01,"Vergabekammern des Saarlandes beim Ministerium für Wirtschaft, Arbeit, Energie und Verkehr des Saarlandes",10000000-00108010000001-47,Saarbrücken,66119,DEC01,DEU,,,reviewer,,,,,,
28c8aa4c-208a-46f3-b333-35c568928d49,01,echtgut markeninszenierung GmbH,DE 138162037,Saarbrücken,66123,DEC01,DEU,,,tenderer,,,,small,,False
28c8aa4c-208a-46f3-b333-35c568928d49,01,PURA GmbH,DE253637871,Saarbrücken,66121,DEC01,DEU,,,tenderer,,,,small,,False
7974c8fb-a1a8-4c8a-a703-742399e2eca0,01,Abfallentsorgungs- und Stadtreinigungsbetrieb der Stadt Chemnitz,entfällt,Chemnitz,09114,DED41,DEU,,,buyer,,kommun-beh,,,,
7974c8fb-a1a8-4c8a-a703-742399e2eca0,01,"1. Vergabekammer des Freistaates Sachsen bei der Landesdirektion Sachsen, DS Leipzig",keine Angabe,Leipzig,04107,DED51,DEU,,,reviewer,,,,,,
7974c8fb-a1a8-4c8a-a703-742399e2eca0,01,Landesdirektion Sachsen,entfällt,Chemnitz,09120,DED41,DEU,,,,,,,,,
7974c8fb-a1a8-4c8a-a703-742399e2eca0,01,Abfallbehälter & Container Weber GmbH & Co. KG,DE814708500,Haan,42781,DEA1C,DEU,,,tenderer,,,,large,,False
ed0a655f-db5b-484a-9441-0a84ea90eb6c,01,Kreisausschuss des Lahn-Dill-Kreises 12.4 Zentrale Vergabe- und Submissionsstelle,06532000-KreisausschussLDK-76,Wetzlar,35576,DE722,DEU,https://www.lahn-dill-kreis.de,,buyer,,kommun-beh,,,,
ed0a655f-db5b-484a-9441-0a84ea90eb6c,01,Regierungspräsidium Darmstadt,t:06151126603-1,Darmstadt,64283,DE711,DEU,https://www.rp-darmstadt.hessen.de,,reviewer,,,,,,
ed0a655f-db5b-484a-9441-0a84ea90eb6c,01,Regierungspräsidium Darmstadt,t:06151126603-2,Darmstadt,64283,DE711,DEU,https://www.rp-darmstadt.hessen.de,,,,,,,,
ed0a655f-db5b-484a-9441-0a84ea90eb6c,01,Bad & Energie GmbH,DE215 933 612,Wetzlar,35576,DE722,DEU,,,tenderer,,,,small,DEU,False
41a21091-13a1-4673-a9eb-5fa733cadcc1,01,IT-Dienstleistungszentrum Berlin (AöR),11-2000001000-30,Berlin,10713,DE300,DEU,https://www.itdz-berlin.de/,,buyer,,anst-oer-land,,,,
41a21091-13a1-4673-a9eb-5fa733cadcc1,01,Vergabekammer des Landes Berlin,11-1300000V00-74,Berlin,10825,DE300,DEU,https://www.berlin.de/sen/wirtschaft/wirtschaft/wirtschaftsrecht/vergabekammer/,,reviewer,,,,,,
e4037a44-d382-4130-95c5-b24bacec472a,01,Kreisstadt St. Wendel - Amt 75 Hochbau und Gebäudemanagement -,.,St. Wendel,66606,DEC06,DEU,https://www.sankt-wendel.de,,buyer,,kommun-beh,,,,
e4037a44-d382-4130-95c5-b24bacec472a,01,Vergabekammer des Saarlandes,.,Saarbrücken,66119,DEC01,DEU,,,reviewer,,,,,,
0991a754-c9fb-47f7-841c-63d3e0dbf409,01,Die Autobahn GmbH des Bundes - NL Westfalen,USt-ID DE329214156,Hamm,59065,DEA54,DEU,https://www.autobahn.de,,buyer,https://vergabe.autobahn.de,pub-undert,,,,
0991a754-c9fb-47f7-841c-63d3e0dbf409,01,Bundeskartellamt - Vergabekammern des Bundes,N.N.,Bonn,53113,DEA22,DEU,https://www.bundeskartellamt.de/DE/Vergaberecht/vergaberecht_node.html,,reviewer,,,,,,
0991a754-c9fb-47f7-841c-63d3e0dbf409,01,Die Autobahn GmbH des Bundes,USt.-ID DE 329214156,Berlin,10557,DE300,DEU,https://www.autobahn.de,,,,,,,,
0991a754-c9fb-47f7-841c-63d3e0dbf409,01,Die Autobahn GmbH des Bundes,USt. ID DE32 9214156,Berlin,10557,DE300,DEU,https://www.autobahn.de,,mediator,,,,,,
4c566805-3ed7-43b2-8ce1-71ad7da16729,01,Einkauf,t: 022843302166,Bonn,53127,DEA22,DEU,,,buyer,,org-sub,,,,
4c566805-3ed7-43b2-8ce1-71ad7da16729,01,Vergabekammern des Bundes,t:022894990,Bonn,53123,DEA22,DEU,,,reviewer,,,,,,
4c566805-3ed7-43b2-8ce1-71ad7da16729,01,Hamilton Germany GmbH,DE 26 34 57 808,Gräfelfing,82166,DE21H,DEU,,,tenderer,,,,medium,,False
9064fef8-44a9-45f0-8afc-b6f1dc65cac4,01,"Bundesamt für Ausrüstung, Informationstechnik und Nutzung der Bundeswehr",991-19518-88,Koblenz,56073,DEB11,DEU,http://www.evergabe-online.de/,,buyer,,omu-bbeh,,,,
9064fef8-44a9-45f0-8afc-b6f1dc65cac4,01,Bundeskartellamt - Vergabekammer Bund,t:022894990,Bonn,53123,DEA22,DEU,,,reviewer,,,,,,
a5c274cd-00ec-4f70-9018-5d0604857d3f,01,Kur- & GästeService  der Gemeinde Bad Füssing,DE 130964697,Bedburg,50181,DE228,DEU,,,buyer,,kommun-beh,,,,
a5c274cd-00ec-4f70-9018-5d0604857d3f,01,Loesungenfinden.org,DE243791624,Bedburg,50181,DEA27,DEU,,,serv-prov,,,,,,
a5c274cd-00ec-4f70-9018-5d0604857d3f,01,Vergabekammer Südbayern,09-0318006-60,München,80534,DE21H,DEU,,,reviewer,,,,,,
403a86dd-da15-41c7-934d-8cb2d71dfc0e,01,DRV Bund Einkaufsmanagement,992-80003DRVB1-17,Berlin,10704,DE300,DEU,https://www.deutsche-rentenversicherung-bund.de/einkaufskoordination/NetServer/index.jsp,,buyer,,koerp-oer-bund,,,,
403a86dd-da15-41c7-934d-8cb2d71dfc0e,01,"Bundeskartellamt, Vergabekammer des Bundes",entfällt,Bonn,53113,DEA22,DEU,,,reviewer,,,,,,
403a86dd-da15-41c7-934d-8cb2d71dfc0e,01,Mion Protect GmbH,DE323363748,Berlin,10553,DE300,DEU,,,tenderer,,,,medium,,False
3f142d74-b342-4a09-8751-0e24d8730a44,01,"Otto-von-Guericke-Universität Magdeburg, Abt. Beschaffung, Zahlstelle (K13)",DE139238413,Magdeburg,39106,DEE03,DEU,,,buyer,,koerp-oer-land,,,,
3f142d74-b342-4a09-8751-0e24d8730a44,01,"Landesverwaltungsamt Sachsen-Anhalt,  1. und 2. Vergabekammer",03455141536,Halle / Saale,06112,DEE02,DEU,,,reviewer,,,,,,
1ae6335f-2b2f-4554-abf4-993aa797aea1,01,Gemeinde Gerstetten,8477,Gerstetten,89547,DE11C,DEU,https://www.deutsche-evergabe.de,,buyer,https://www.deutsche-evergabe.de,koerp-oer-kommun,True,,,
1ae6335f-2b2f-4554-abf4-993aa797aea1,01,Vergabekammer Baden-Württemberg im Regierungspräsidium Karlsruhe,e599e253-6ac3-4728-8461-2d27e42fa40c,Karlsruhe,76131,DE122,DEU,,,reviewer,,,,,,
1ae6335f-2b2f-4554-abf4-993aa797aea1,01,iuscomm Rechtsanwälte - Schenek und Zimmermann Partnerschaftsgesellschaft mbB,b6fbfe20-d13e-4ef7-8d17-739cb4b3e6ed,Stuttgart,70174,DE111,DEU,https://www.iuscomm.de,,,,,,,,
01a3c317-3099-4370-8c57-b8578c02eec7,01,RKH Kliniken Ludwigsburg-Bietigheim gGmbH,HRB 204454,Ludwigsburg,71640,DE115,DEU,http://www.rkh-gesundheit.de,,buyer,,pub-undert-ra,,,,
01a3c317-3099-4370-8c57-b8578c02eec7,01,BUSE Rechtsanwälte Steuerberater Partnerschaftsgesellschaft mbB,PR 2296,Düsseldorf,40212,DEA11,DEU,http://www.buse.de,,,,,,,,
01a3c317-3099-4370-8c57-b8578c02eec7,01,Vergabekammer Baden-Württemberg beim Regierungspräsidium Karlsruhe,t:07219268730,Karlsruhe,76133,DE122,DEU,https://rp.baden-wuerttenberg.de,,reviewer,,,,,,
01a3c317-3099-4370-8c57-b8578c02eec7,01,KW2 Ingenieure,DE 34387 / 14306,Karlsruhe,76227,DE123,DEU,,,tenderer,,,,small,DEU,False
d5ddbef6-2140-4c2a-8864-c07abe57cb37,01,Bundesstadt Bonn - Referat Vergabedienste,05314-31001-65,Bonn,53111,DEA22,DEU,http://www.bonn.de,,buyer,,kommun-beh,,,,
d5ddbef6-2140-4c2a-8864-c07abe57cb37,01,Vergabekammer Rheinland,DE812110859,Köln,50667,DEA23,DEU,http://www.bezreg-koeln.nrw.de,,reviewer,,,,,,
d5ddbef6-2140-4c2a-8864-c07abe57cb37,01,Variopool B.V.,NL819634268B01,Oudkarspel,1724 BG,NL328,NLD,https://variopool.nl/nl/,,tenderer,,,,medium,NLD,False
e4e39e7b-6fec-4f52-b6a0-57445932f388,01,Stadt Spremberg - Vergabestelle,DE6200000000052979,Spremberg,03130,DE40G,DEU,https://stadt-spremberg.de/,,buyer,,koerp-oer-kommun,,,,
e4e39e7b-6fec-4f52-b6a0-57445932f388,01,Auftragsberatungsstelle Brandenburg e.V,t:033195129095,Potsdam,14480,DE404,DEU,,,,,,,,,
e4e39e7b-6fec-4f52-b6a0-57445932f388,01,Vergabekammer Land Brandenburg beim MWAE,t:03318661719,Potsdam,14473,DE404,DEU,https://mwae.brandenburg.de,,reviewer,,,,,,
e4e39e7b-6fec-4f52-b6a0-57445932f388,01,Spezialfahrzeuge Lausitz GmbH,Cottbus HRB 0866,Kolkwitz,03099,DE40G,DEU,http://www.spezialfahrzeuge-lausitz.de,,tenderer,,,,micro,DEU,False
e4e39e7b-6fec-4f52-b6a0-57445932f388,01,Autohaus Schulze GmbH,Cottbus 0259,Cottbus,03051,DE402,DEU,http://www.autohaus-schulze.de,,tenderer,,,,small,DEU,False
e4e39e7b-6fec-4f52-b6a0-57445932f388,01,MAN Truck & Bus Deutschland GmbH,62355 München,Berlin,13599,DE300,DEU,,,tenderer,,,,medium,DEU,False
531ef96a-411b-4e8d-9e60-ba326a97f149,01,"Staatsbetrieb Sächsisches Immobilien- und Baumanagement, Zentrale,  Zentralstelle Vergabe- und Vertragsmanagement",233121477,Dresden,01129,DED21,DEU,https://www.sib.sachsen.de,,buyer,https://www.sachsen-vergabe.de,omu-lbeh,,,,
531ef96a-411b-4e8d-9e60-ba326a97f149,01,Vergabekammer des Bundes beim Bundeskartellamt,keine Angabe,Bonn,53113,DEA22,DEU,,,reviewer,,,,,,
d3432434-d211-4b5e-a23f-82df491ed7e6,01,Stadtverwaltung Jena,16053000-0001-15,Jena,07743,DEG03,DEU,,,buyer,,kommun-beh,,,,
d3432434-d211-4b5e-a23f-82df491ed7e6,01,Vergabekammer Thüringen,16900334-0001-29,Weimar,99423,DEG05,DEU,,,reviewer,,,,,,
a3beabad-c6af-4c42-804c-bbcc86f3b382,01,"Bundesamt für Bauwesen und Raumordnung, in Vertretung der Bundesanstalt für Immobilienaufgaben",991-08260-09,Bonn,53179,DEA22,DEU,http://www.evergabe-online.de,,buyer,,oberst-bbeh,,,,
a3beabad-c6af-4c42-804c-bbcc86f3b382,01,Bundeskartellamt - Vergabekammern des Bundes,'+4922894990,Bonn,53113,DEA22,DEU,,,reviewer,,,,,,
a3beabad-c6af-4c42-804c-bbcc86f3b382,01,Bundesamt für Bauwesen und Raumordnung - A 4.2,991-00606-79,Bonn,53179,DEA22,DEU,,,,,,,,,
b24c4956-df4a-4280-851f-1a21bc105482,01,Hafen Nürnberg-Roth GmbH,DE199405122,Nürnberg,90451,DE254,DEU,https://www.bayernhafen.de/,,buyer,,,,,,
b24c4956-df4a-4280-851f-1a21bc105482,01,Bayernhafen GmbH & Co. KG,DE814447923,Regensburg,93055,DE232,DEU,https://www.bayernhafen.de/,,serv-prov,,,,,,
b24c4956-df4a-4280-851f-1a21bc105482,01,Regierung von Mittelfranken,DE811335517,Ansbach,91522,DE251,DEU,https://www.regierung.mittelfranken.bayern.de/,,reviewer,,,,,,
5024b561-9182-4174-8d54-bee71dd951b7,01,Freie Hansestadt Bremen vertreten durch Sondervermögen Immobilien und Technik der Stadtgemeinde Bremen vertreten durch IB Stadt,04011000-906-58,Bremen,28215,DE501,DEU,,,buyer,,kommun-beh,,,,
5024b561-9182-4174-8d54-bee71dd951b7,01,compar  -strategien für architektur und städtebau-,keine Angabe,Dortmund,44315,DEA52,DEU,http://www.comp-ar.de,,,,,,,,
5024b561-9182-4174-8d54-bee71dd951b7,01,"Vergabekammer der Freien Hansestadt Bremen bei der Senatorin für Klimaschutz, Umwelt, Mobilität, Stadtentwicklung und Wohnungsbau",04000000-680-75,Bremen,28195,DE501,DEU,,,reviewer,,,,,,
5024b561-9182-4174-8d54-bee71dd951b7,01,Architekten_FSB,PR 301 HB,28195 Bremen,28195,DE501,DEU,http://www.architekten-fsb.de,,tenderer,,,,small,DEU,False
21d51fc0-d44e-49b6-994b-e6a9ecc383cd,01,Stadt Kremmen,12-121014993885230-02,Kremmen,16766,DE40A,DEU,http://www.kremmen.de,,buyer,,koerp-oer-kommun,,,,
21d51fc0-d44e-49b6-994b-e6a9ecc383cd,01,"Vergabekammer des Landes Brandenburg beim Ministerium für Wirtschaft, Arbeit und Energie",t:03318661719,Potsdam,14473,DE404,DEU,https://mwae.brandenburg.de,,reviewer,,,,,,
df00f846-986d-43e7-ad47-14eaf79dc6fc,01,"Stadt Bamberg 
vertreten durch:  
Immobilienmanagement 
-Abteilung Hochbau-",DE 132274925,Bamberg,96049,DE241,DEU,,,buyer,https://plattform.aumass.de/Veroeffentlichung/av2869ec-eu,grp-p-aut,,,,
df00f846-986d-43e7-ad47-14eaf79dc6fc,01,Vergabekammer Nordbayern der Regierung von Mittelfranken,0000,Ansbach,91522,DE251,DEU,,,reviewer,,,,,,
79c1dce7-77d6-41e7-9836-2f9005e66ae3,01,"Bundesamt für Bauwesen und Raumordnung, in Vertretung des Bundesministerium der Verteidigung",Leitweg-ID: 991-14956-97,Berlin,10623,DE300,DEU,http://www.evergabe-online.de,,buyer,http://www.evergabe-online.de,oberst-bbeh,,,,
79c1dce7-77d6-41e7-9836-2f9005e66ae3,01,Bundeskartellamt - Vergabekammern des Bundes,Leitweg-ID: t:022894990,Bonn,53113,DEA22,DEU,,,reviewer,,,,,,
79c1dce7-77d6-41e7-9836-2f9005e66ae3,01,Bundesamt für Bauwesen und Raumordnung - A 4.1,Leitweg-ID: 991-00606-79,Berlin,10623,DE300,DEU,,,,,,,,,
79c1dce7-77d6-41e7-9836-2f9005e66ae3,01,DAG Projektentwicklungs und Planungs GmbH,DE362807459,Schönefeld,12529,DE406,DEU,,,winner,,,,large,,
9019b0c5-b6a7-40dc-9662-3f3615c31234,01,Wald und Holz NRW,05515-10001-65,Hilchenbach,57271,DEA5A,DEU,http://www.wald-und-holz.nrw.de,,buyer,,koerp-oer-land,,,,
9019b0c5-b6a7-40dc-9662-3f3615c31234,01,Vergabekammer NRW,05515-03004-07,Münster,48147,DEA33,DEU,https://www.bezreg-muenster.de,,reviewer,,,,,,
9019b0c5-b6a7-40dc-9662-3f3615c31234,01,Forsttechnisches Lohnunternaemen Josef Schemmelmann - Wulfert,DE 125857726,Senden,48308,DEA35,DEU,,,tenderer,,,,small,DEU,False
9019b0c5-b6a7-40dc-9662-3f3615c31234,01,Johannes Martin,DE317314495,Hagen a TW,49170,DE94E,DEU,,,tenderer,,,,small,DEU,False
eb0d1ca3-431e-4780-896b-0e67b20290a0,01,"Stadt Bamberg 
vertreten durch:  
Immobilienmanagement 
-Abteilung Hochbau-",DE 132274925,Bamberg,96049,DE241,DEU,,,buyer,https://plattform.aumass.de/Veroeffentlichung/av2869f0-eu,grp-p-aut,,,,
eb0d1ca3-431e-4780-896b-0e67b20290a0,01,Vergabekammer Nordbayern der Regierung von Mittelfranken,0000,Ansbach,91522,DE251,DEU,,,reviewer,,,,,,
f3dbf992-f72d-453e-91fa-e4875a88efd7,01,"Bundesamt für Bauwesen und Raumordnung, in
Vertretung der Stiftung Preußischer Kulturbesitz",Leitweg ID: 991-06546F-80,Berlin,10623,DE300,DEU,http://www.evergabe-online.de,,buyer,,stift-oer-bund,,,,
f3dbf992-f72d-453e-91fa-e4875a88efd7,01,Bundeskartellamt - Vergabekammern des Bundes,Leitweg ID: t:022894990,Bonn,53113,DEA22,DEU,,,reviewer,,,,,,
f3dbf992-f72d-453e-91fa-e4875a88efd7,01,Bundesamt für Bauwesen und Raumordnung - A 4.1,Leitweg ID: 991-00606-79,Berlin,10623,DE300,DEU,,,,,,,,,
f3dbf992-f72d-453e-91fa-e4875a88efd7,01,Straman GmbH,DE275224800,Berlin,13125,DE300,DEU,,,winner,,,,medium,,
697d148e-d366-4d4c-a115-5476bbf2f0ac,01,"Bundesamt für Bauwesen und Raumordnung, in Vertretung der Bundesanstalt für Immobilienaufgaben",Leitweg-ID: 991-05534-39,Berlin,10623,DE300,DEU,http://www.evergabe-online.de,,buyer,,anst-oer-bund,,,,
697d148e-d366-4d4c-a115-5476bbf2f0ac,01,Bundeskartellamt - Vergabekammern des Bundes,Leitweg-ID: t:022894990,Bonn,53113,DEA22,DEU,,,reviewer,,,,,,
697d148e-d366-4d4c-a115-5476bbf2f0ac,01,Bundesamt für Bauwesen und Raumordnung - A 4.1,Leitweg-ID: 991-00606-79,Berlin,10623,DE300,DEU,,,,,,,,,
697d148e-d366-4d4c-a115-5476bbf2f0ac,01,Intec Versorgungstechnik Gmbh & CoKG,DE137275078,Neubrandenburg,17033,DE80J,DEU,,,winner,,,,medium,,
28dac269-fd17-419e-afc3-18b5e18ac138,01,Klassik Stiftung Weimar,16701123-0001-76,Weimar,99423,DEG05,DEU,https://www.klassik-stiftung.de/,,buyer,,stift-oer-land,,,,
28dac269-fd17-419e-afc3-18b5e18ac138,01,Klassik Stiftung Weimar,16701123-0001-76,Weimar,99423,DEG05,DEU,https://www.klassik-stiftung.de/,,,,,,,,
28dac269-fd17-419e-afc3-18b5e18ac138,01,Vergabekammer des Freistaats Thüringen beim Thüringer Landesverwaltungsamt,16900334-0001-29,Weimar,99423,DEG05,DEU,,,reviewer,,,,,,
28dac269-fd17-419e-afc3-18b5e18ac138,01,PROMEDIATEC GmbH,DE319262730,Jena,07745,DEG03,DEU,http://www.pro-mediatec.de,,tenderer,,,,micro,DEU,False
e3ca66ee-8c29-4425-ae6d-250aeb67f87a,01,civillent GmbH,HRB 352440,Reutlingen,72770,DE141,DEU,,,buyer,,pub-undert,,,,
e3ca66ee-8c29-4425-ae6d-250aeb67f87a,01,Menold Bezler Rechtsanwälte Steuerberater Wirtschaftsprüfer Partnerschaft mbB,PR 155 (Registergericht Stuttgart),Stuttgart,70191,DE111,DEU,http://www.menoldbezler.de,,serv-prov,,,,,,
e3ca66ee-8c29-4425-ae6d-250aeb67f87a,01,Vergabekammer Baden-Württemberg beim Regierungspräsidium Karlsruhe,08-A9866-40,Karlsruhe,76131,DE122,DEU,,,reviewer,,,,,,
50e20b67-265d-4b6d-a1cc-a2c8cab29bd0,01,CKU-TP01,DE213809204,Unna,59423,DEA5C,DEU,,,buyer,,org-sub,,,,
50e20b67-265d-4b6d-a1cc-a2c8cab29bd0,01,BOS Projektmanagement GmbH,DE293967944,Duisburg,47057,DEA12,DEU,https://bos-pm.de/,,,,,,,,
50e20b67-265d-4b6d-a1cc-a2c8cab29bd0,01,Vergabekammer Westfalen,DE164242157,Münster,48147,DEA33,DEU,,,reviewer,,,,,,
19472414-7e91-4b88-ac14-f8a29741a6f5,01,DB InfraGO AG – Geschäftsbereich Fahrweg (Bukr 16),fb197f94-7578-4673-8a57-4642ae120532,Frankfurt Main,60327,DE712,DEU,http://www.deutschebahn.com/bieterportal/,,buyer,,,,,,
19472414-7e91-4b88-ac14-f8a29741a6f5,01,Vergabekammer des Bundes,0a9ea480-08e4-4ab6-bf12-d722d0ad54b6,Bonn,53113,DEA22,DEU,,,reviewer,,,,,,
19472414-7e91-4b88-ac14-f8a29741a6f5,01,SPITZKE SE,4df70146-74f6-4ad3-8df8-a09e842480a7,Großbeeren,14979,DE40H,DEU,,,tenderer,,,,,,
8d9ec30c-94f5-42b1-8ed0-44602bf43431,01,AOK Baden-Württemberg,DE168368778,Stuttgart,70191,DE111,DEU,,,buyer,,koerp-oer-land,,,,
8d9ec30c-94f5-42b1-8ed0-44602bf43431,01,Bundeskartellamt,t:0228-9499-0,Bonn,53113,DEA22,DEU,,,reviewer,,,,,,
c2602d20-d12b-49c1-97bb-ab127e523c19,01,AOK Baden-Württemberg,DE168368778,Stuttgart,70191,DE111,DEU,,,buyer,,koerp-oer-land,,,,
c2602d20-d12b-49c1-97bb-ab127e523c19,01,Bundeskartellamt,t:0228-9499-0,Bonn,53113,DEA22,DEU,,,reviewer,,,,,,
c804d707-ce16-4d9e-a0ff-1fc1acf61105,01,Samtgemeinde Uchte,032565408-0-33,Uchte,31600,DE927,DEU,,,buyer,,kommun-beh,,,,
c804d707-ce16-4d9e-a0ff-1fc1acf61105,01,"Vergabekammer Niedersachsen beim Nds. Ministerium für Wirtschaft, Verkehr, Bauen und Digitalisierung",t:04131153308,Lüneburg,21339,DE935,DEU,,,reviewer,,,,,,
c804d707-ce16-4d9e-a0ff-1fc1acf61105,01,Ingenieurbüro Tajik GmbH,DE354045961,Pulheim,50259,DEA27,DEU,,,tenderer,,,,small,DEU,False
b49f51c2-db9f-42aa-ba47-8275f2b947ab,01,Vergabekammer Südbayern,t:08921762411,München,80534,DE212,DEU,https://www.regierung.oberbayern.bayern.de,,reviewer,,,,,,
b49f51c2-db9f-42aa-ba47-8275f2b947ab,01,Münchner Wohnen GmbH,t:0898776620,München,81739,DE212,DEU,https://www.muenchner-wohnen.de,,buyer,https://www.vergabe.bayern.de,pub-undert,,,,
b49f51c2-db9f-42aa-ba47-8275f2b947ab,01,Dienstleister Münchner Wohnen GmbH,t:00898776620,München,81739,DE212,DEU,https://www.muenchner-wohnen.de,,serv-prov,,,,,,
1077025c-9104-45b0-8184-c7b1e3d129a7,01,Große Kreisstadt Dachau,09174115-48,Dachau,85221,DE217,DEU,,,buyer,,kommun-beh,,,,
1077025c-9104-45b0-8184-c7b1e3d129a7,01,"Regierung von Oberbayern, Vergabekammer Südbayern",09-0318006-60,München,80538,DE212,DEU,,,reviewer,,,,,,
499397aa-ef0e-4e1b-abc0-fc43d36f22b4,01,SEG Stadtentwicklungsgesellschaft Wiesbaden mbH,DE210576339,Wiesbaden,65187,DE714,DEU,https://www.wibau-wiesbaden.de,,buyer,www.wibau-wiesbaden.de,kommun-beh,,,,
499397aa-ef0e-4e1b-abc0-fc43d36f22b4,01,Vergabekammer des Landes Hessen beim Regierungspräsidium Darmstadt,t:06151126603,Darmstadt,64295,DE711,DEU,,,reviewer,,,,,,
499397aa-ef0e-4e1b-abc0-fc43d36f22b4,01,Vergabekammer des Landes Hessen beim Regierungspräsidium Darmstadt,DE 812 056 745,Darmstadt,64283,DE711,DEU,https://rp-darmstadt.hessen.de/infrastruktur-und-wirtschaft/oeffentliches-auftragswesen/vergabekammer,,,,,,,,
7b8f6aaa-7500-4a2b-8907-776408f3a189,01,Deutsche Forschungsgemeinschaft e.V.,992-80037-39,Bonn,53175,DEA22,DEU,https://https://www.dfg.de,,buyer,https://bieterportal.dfg.de,org-sub,,,,
7b8f6aaa-7500-4a2b-8907-776408f3a189,01,Deutsche Forschungsgemeinschaft e.V.,992-80037-39,Bonn,53175,DEA22,DEU,https://https://www.dfg.de,,,,,,,,
7b8f6aaa-7500-4a2b-8907-776408f3a189,01,Vergabekammern des Bundes,98137_10002119,Bonn,53123,DEA22,DEU,https://https://bieterportal.pd-g.e-va.eu/,,reviewer,,,,,,
7b8f6aaa-7500-4a2b-8907-776408f3a189,01,Vergabekammern des Bundes,98137_10002120,Bonn,53123,DEA22,DEU,https://https://bieterportal.pd-g.e-va.eu/,,mediator,,,,,,
7b8f6aaa-7500-4a2b-8907-776408f3a189,01,Vergabekammern des Bundes,98137_10002121,Bonn,53123,DEA22,DEU,https://https://bieterportal.pd-g.e-va.eu/,,,,,,,,
7b8f6aaa-7500-4a2b-8907-776408f3a189,01,phase VISION GmbH,98027_10000912,Rimpar,97222,DE26C,DEU,https://https://www.phase-vision.com,,tenderer,,,,micro,,
ff280699-9dcb-44bd-9cc0-5be2fb8bc31d,01,"Landkreis Nienburg/Weser, vertreten durch die Samtgemeinde Uchte",032565408-0-33,Uchte,31600,DE927,DEU,,,buyer,,kommun-beh,,,,
ff280699-9dcb-44bd-9cc0-5be2fb8bc31d,01,"Vergabekammer Niedersachen beim Nds. Ministerium für Wirtschaft, Verkehr, Bauen und Digitalisierung",t:04131153308,Lüneburg,21339,DE935,DEU,,,reviewer,,,,,,
ff280699-9dcb-44bd-9cc0-5be2fb8bc31d,01,SiteLog GmbH,DE298456017,Essen,45130,DEA13,DEU,http://www.site-log.com,,tenderer,,,,medium,DEU,False
63841dbe-939a-4d6b-a36e-3bb9f4a67060,01,Informationstechnikzentrum Bund (ITZBund),9911820259,Bonn,53175,DEA22,DEU,https://www.itzbund.de,,buyer,,anst-oer-bund,,,,
63841dbe-939a-4d6b-a36e-3bb9f4a67060,01,Vergabekammer des Bundes,t:022894990,Bonn,53113,DEA22,DEU,http://www.bundeskartellamt.de,,reviewer,,,,,,
f0460a11-fd44-40db-82c9-78fb4582a636,01,Wohnungsgesellschaft Erkner mbH,DE139067438,Erkner,15537,DE40C,DEU,,,buyer,,pub-undert,,,,
f0460a11-fd44-40db-82c9-78fb4582a636,01,"Vergabekammer des Landes Brandenburg beim Ministerium für Wirtschaft, Energie, Klimaschutz und Europa",t:03318661719,Potsdam,14473,DE404,DEU,,,reviewer,,,,,,
53e57289-7224-4e7c-b80e-e70c3eafd7ec,01,Die Autobahn GmbH des Bundes - NL Nordwest,USt-ID DE329214156,Hannover,30163,DE929,DEU,https://www.autobahn.de,,buyer,https://vergabe.autobahn.de,pub-undert,,,,
53e57289-7224-4e7c-b80e-e70c3eafd7ec,01,Bundeskartellamt - Vergabekammern des Bundes,N.N.,Bonn,53113,DEA22,DEU,https://www.bundeskartellamt.de/DE/Vergaberecht/vergaberecht_node.html,,reviewer,,,,,,
53e57289-7224-4e7c-b80e-e70c3eafd7ec,01,Die Autobahn GmbH des Bundes,USt.-ID DE329214156,Berlin,10557,DE300,DEU,https://www.autobahn.de,,,,,,,,
53e57289-7224-4e7c-b80e-e70c3eafd7ec,01,Die Autobahn GmbH des Bundes,USt. ID DE329214156,Berlin,10557,DE300,DEU,https://www.autobahn.de,,mediator,,,,,,
36bf9a8d-d13a-42dc-92b3-0e5e314a39a6,01,Stadt Leverkusen - Fachbereich Recht und Vergabe,05316-31001-10,Leverkusen,51373,DEA24,DEU,http://www.leverkusen.de,,buyer,,kommun-beh,,,,
36bf9a8d-d13a-42dc-92b3-0e5e314a39a6,01,Oberlandesgericht Düsseldorf,05111-04009-51,Düsseldorf,40474,DEA11,DEU,,,,,,,,,
36bf9a8d-d13a-42dc-92b3-0e5e314a39a6,01,Vergabekammer Westfalen,05515-03004-07,Münster,48147,DEA33,DEU,https://www.bezreg-muenster.de/themen/wirtschaft-kultur-und-kommunales/vergabekammer-westfalen,,reviewer,,,,,,
03ddf5d7-0650-411f-a1ac-d0fca9374811,01,Immobilien Projekt Management Düsseldorf GmbH,DE255740804,Düsseldorf,40589,DEA11,DEU,https://ipm.nrw/,,buyer,,pub-undert-ra,,,,
03ddf5d7-0650-411f-a1ac-d0fca9374811,01,Vergabekammer Westfalen mit Sitz bei der Bezirksregierung Münster,05515-03004-07,Münster,48147,DEA33,DEU,https://www.brms.nrw.de/themen/wirtschaft-kultur-und-kommunales/vergabekammer-westfalen,,reviewer,,,,,,
93fe2072-3b93-4cfb-a11e-5e9a8297a9ee,01,"Bundesagentur für Arbeit, Regionales Einkaufszentrum Nord",DE811458858,Hannover,30147,DE929,DEU,http://www.arbeitsagentur.de,,buyer,,koerp-oer-bund,,,,
93fe2072-3b93-4cfb-a11e-5e9a8297a9ee,01,"Bundeskartellamt, Vergabekammern des Bundes",'---,Bonn,53113,DEA22,DEU,http://www.bundeskartellamt.de,,reviewer,,,,,,
80b2687f-449b-49f2-b1e5-b2b8d7ea7196,01,Mainova AG,dcd6e40f-8cb3-461e-bc03-e7e7228f40b3,Frankfurt am Main,60486,DE712,DEU,https://www.mainova.de,,buyer,,,,,,
80b2687f-449b-49f2-b1e5-b2b8d7ea7196,01,Vergabekammer des Landes Hessen beim Regierungspräsidium Darmstadt,56e7b770-8c1a-47f2-a7dd-154332993450,Darmstadt,64283,DE711,DEU,,,reviewer,,,,,,
80b2687f-449b-49f2-b1e5-b2b8d7ea7196,01,Mainova AG,f713b366-db7e-4f78-a7db-7f412a0ef349,Frankfurt,60486,DE712,DEU,https://www.mainova.de,,,,,,,,
87865198-cdf9-4dd6-bd2d-f1e92723c465,01,DB Netz AG (Bukr 16),f45ee0d3-f9b6-44f0-846d-0c10b6f61a37,Frankfurt Main,60327,DE712,DEU,https://www.deutschebahn.com/bieterportal,,buyer,,,,,,
87865198-cdf9-4dd6-bd2d-f1e92723c465,01,Vergabekammer des Bundes,0a9ea480-08e4-4ab6-bf12-d722d0ad54b6,Bonn,53113,DEA22,DEU,,,reviewer,,,,,,
87865198-cdf9-4dd6-bd2d-f1e92723c465,01,DB Bahnbau Gruppe GmbH,7556ea6e-881d-4711-bbf4-31319620cd31,Berlin,12489,DE300,DEU,,,winner,,,,,,
22ada15a-2249-4bd4-a671-8e8897670f68,01,DB Netz AG (Bukr 16),f45ee0d3-f9b6-44f0-846d-0c10b6f61a37,Frankfurt Main,60327,DE712,DEU,https://www.deutschebahn.com/bieterportal,,buyer,,,,,,
22ada15a-2249-4bd4-a671-8e8897670f68,01,Vergabekammer des Bundes,0a9ea480-08e4-4ab6-bf12-d722d0ad54b6,Bonn,53113,DEA22,DEU,,,reviewer,,,,,,
22ada15a-2249-4bd4-a671-8e8897670f68,01,DB Bahnbau Gruppe GmbH,7556ea6e-881d-4711-bbf4-31319620cd31,Berlin,12489,DE300,DEU,,,winner,,,,,,
bd7642d8-4463-4602-8602-19e6282d684c,01,Stadt Emsdetten,055660008008-31001-67,Emsdetten,48282,DEA37,DEU,,,buyer,,koerp-oer-kommun,,,,
bd7642d8-4463-4602-8602-19e6282d684c,01,Vergabekammer Westfalen,05515-03004-07,Münster,48128,DEA33,DEU,,,reviewer,,,,,,
0010ea9b-1249-49d6-afe2-6a10ac0d7b74,01,Landesbetrieb Straßenwesen Brandenburg Betriebssitz Hoppegarten,121000,Hoppegarten,15366,DE409,DEU,http://www.ausschreibungen.ls.brandenburg.de,,buyer,,omu-lbeh,,,,
0010ea9b-1249-49d6-afe2-6a10ac0d7b74,01,"Vergabekammer des Landes Brandenburg beim Ministerium für Wirtschaft, Energie, Klimaschutz und Europa",12,Potsdam,14473,DE404,DEU,,,reviewer,,,,,,
0010ea9b-1249-49d6-afe2-6a10ac0d7b74,01,Landesbetrieb Straßenwesen Brandenburg Betriebssitz Hoppegarten,121000,Hoppegarten,15366,DE409,DEU,,,,,,,,,
0010ea9b-1249-49d6-afe2-6a10ac0d7b74,01,"Ministerium für Infrastruktur und Landesplanung, Abt. 4, Ref. 47",12,Potsdam,14467,DE404,DEU,,,mediator,,,,,,
39e93420-e42a-4bb1-98d8-82065ded5ff7,01,Informationstechnikzentrum Bund (ITZBund),9911820259,Bonn,53175,DEA22,DEU,https://www.itzbund.de,,buyer,,kommun-beh,,,,
39e93420-e42a-4bb1-98d8-82065ded5ff7,01,Vergabekammer des Bundes,t:022894990,Bonn,53113,DEA22,DEU,http://www.bundeskartellamt.de,,reviewer,,,,,,
c7672e7d-503f-42ee-acc7-5406d8fa8918,01,Informationstechnikzentrum Bund (ITZBund),9911820259,Bonn,53175,DEA22,DEU,https://www.itzbund.de,,buyer,,kommun-beh,,,,
c7672e7d-503f-42ee-acc7-5406d8fa8918,01,Vergabekammer des Bundes,t:022894990,Bonn,53113,DEA22,DEU,http://www.bundeskartellamt.de,,reviewer,,,,,,
caa45dc9-fc51-462d-bba4-d63ab3b28536,01,Informationstechnikzentrum Bund (ITZBund),9911820259,Bonn,53175,DEA22,DEU,https://www.itzbund.de,,buyer,,kommun-beh,,,,
caa45dc9-fc51-462d-bba4-d63ab3b28536,01,Vergabekammer des Bundes,t:022894990,Bonn,53113,DEA22,DEU,http://www.bundeskartellamt.de,,reviewer,,,,,,
1dea86c8-4d21-4e3f-99ef-0c7b9affc2f3,01,Stadt Rheine,055660076076-31001-06,Rheine,48431,DEA37,DEU,,,buyer,,kommun-beh,,,,
1dea86c8-4d21-4e3f-99ef-0c7b9affc2f3,01,Vergabekammer Westfalen bei der Bezirksregierung Münster,05515-03004-07,Münster,48147,DEA33,DEU,https://www.bezreg-muenster.de,,reviewer,,,,,,
1dea86c8-4d21-4e3f-99ef-0c7b9affc2f3,01,Eggers Umwelttechnik GmbH NL Nordwest,HRB 47580 Hamburg,Ibbenbüren,49479,DEA37,DEU,http://www.eggers-gruppe.de,,tenderer,,,,small,DEU,False
6e40078a-968e-4451-a6f9-0066cfea02be,01,Stadt Ichenhausen,5865,Ichenhausen,89335,DE278,DEU,https://www.deutsche-evergabe.de,,buyer,https://www.deutsche-evergabe.de,kommun-beh,,,,
6e40078a-968e-4451-a6f9-0066cfea02be,01,Vergabekammer Südbayern,ace99519-b222-4bd2-9667-69fee93d67cb,München,80534,DE212,DEU,,,reviewer,,,,,,
d0413b88-e4ff-4670-80a4-bd8c90178d61,01,Landkreis Leer,DE117262680,Leer,26789,DE94C,DEU,https://www.landkreis-leer.de/,,buyer,https://www.landkreis-leer.de/Aktuelles/Ausschreibungen/,kommun-beh,,,,
d0413b88-e4ff-4670-80a4-bd8c90178d61,01,Landkreis Leer,DE117262680,Leer,26789,DE94C,DEU,https://www.landkreis-leer.de/,,,,,,,,
d0413b88-e4ff-4670-80a4-bd8c90178d61,01,Vergabekammer Niedersachsen,t:04131153308,Lüneburg,21339,DE935,DEU,,,reviewer,,,,,,
01a09f71-aedb-42a9-a01c-dcf8f6e6d57f,01,Lausitzer und Mitteldeutsche Bergbau-Verwaltungsgesellschaft mbH - Einkauf Kali-Spat-Erz,992-80107-23,Sondershausen,99706,DEG0A,DEU,https://www.lmbv.de,,buyer,https://einkauf.lmbv.de,pub-undert-cga,,,,
01a09f71-aedb-42a9-a01c-dcf8f6e6d57f,01,Vergabekammer des Bundes beim Bundeskartellamt,t:022894990,Bonn,53113,DEA22,DEU,https://www.bundeskartellamt.de,,reviewer,,,,,,
36bd70d5-a3c2-46af-b6ad-fb9365b5cdc0,01,Informationstechnikzentrum Bund (ITZBund),9911820259,Bonn,53175,DEA22,DEU,https://www.itzbund.de,,buyer,,kommun-beh,,,,
36bd70d5-a3c2-46af-b6ad-fb9365b5cdc0,01,Vergabekammer des Bundes,t:022894990,Bonn,53113,DEA22,DEU,http://www.bundeskartellamt.de,,reviewer,,,,,,
fa3b2024-c9bd-45dc-89a1-59df6965bc46,01,Stadt Oldenburg (Oldb),a95478a5-945a-452e-ac31-df7e5e2f06e2,Oldenburg,26122,DE943,DEU,http://www.oldenburg.de,,buyer,https://portal.deutsche-evergabe.de,kommun-beh,,,,
fa3b2024-c9bd-45dc-89a1-59df6965bc46,01,"Niedersächsisches Ministerium für Wirtschaft, Verkehr, Bauen und Digitalisierung",9984df16-e106-40d4-9c44-fc28cab48f71,Hannover,30159,DE929,DEU,,,reviewer,,,,,,
fa3b2024-c9bd-45dc-89a1-59df6965bc46,01,Zentrale Vergabestelle Stadt Oldenburg,cf726ac5-dc7d-43b7-be9d-9f5d213faa62,Oldenburg,26122,DE943,DEU,http://www.oldenburg.de,,,,,,,,
fa3b2024-c9bd-45dc-89a1-59df6965bc46,01,stadtraum GmbH,199eb0c7-0c40-42f6-9a62-58e0ddcc298b,Berlin,10245,DE300,DEU,,,tenderer,,,,small,,False
a1922220-370b-4b20-9468-db1dcc39e4e2,01,Zweckverband Staatliche weiterführende Schulen im Südosten des Landkreises München (Schulzweckverband Südost),unbekannt1,Neubiberg,85579,DE21H,DEU,www.szv-m.de,,buyer,https://plattform.aumass.de/Veroeffentlichung/av286b64-eu,koerp-oer-kommun,,,,
a1922220-370b-4b20-9468-db1dcc39e4e2,01,Hitzler Ingenieure GmbH & Co. KG,unbekannt3,München,80807,DE212,DEU,,,,,,,,,
a1922220-370b-4b20-9468-db1dcc39e4e2,01,Vergabekammer Südbayern bei der Regierung von Oberbayern,0000,München,80538,DE212,DEU,https://www.regierung.oberbayern.bayern.de/,,reviewer,,,,,,
d8a37cbb-1fd9-4cdc-be92-43d9784ee74e,01,Rems-Murr-Kliniken gGmbH,t:071955910,Winnenden,71634,DE116,DEU,,,buyer,,pub-undert-ra,,,,
d8a37cbb-1fd9-4cdc-be92-43d9784ee74e,01,Menold Bezler Rechtsanwälte Steuerberater Wirtschaftsprüfer Partnerschaft mbB,PR 155 (Registergericht Stuttgart),Stuttgart,70191,DE111,DEU,http://www.menoldbezler.de,,serv-prov,,,,,,
d8a37cbb-1fd9-4cdc-be92-43d9784ee74e,01,Vergabekammer Baden-Württemberg beim Regierungspräsidium Karlsruhe,08-A9866-40,Karlsruhe,76131,DE122,DEU,,,reviewer,,,,,,
ddda550b-8e79-492f-8c1c-1f8558261896,01,Landratsamt Ilm-Kreis,0087934254,Arnstadt,99310,DEG0T,DEU,,,buyer,,kommun-beh,,,,
ddda550b-8e79-492f-8c1c-1f8558261896,01,Vergabekammer beim Thüringer Landesverwaltungsamt,(t)0361573321254,Weimar,99423,DEG05,DEU,,,reviewer,,,,,,
ddda550b-8e79-492f-8c1c-1f8558261896,01,Vergabekammer Freistaat Thüringen,(t)0361573321254,Weimar,99423,DEG05,DEU,,,,,,,,,
ddda550b-8e79-492f-8c1c-1f8558261896,01,Vergabekammer Freistaat Thüringen,(t)0361573321254,Weimar,99423,DEG05,DEU,,,mediator,,,,,,
ab1a2196-3b3e-400c-88a6-8b410e918be1,01,Stadt Lüdenscheid,DE125806589,Lüdenscheid,58507,DEA58,DEU,,,buyer,,kommun-beh,,,,
ab1a2196-3b3e-400c-88a6-8b410e918be1,01,Kapellmann und Partner Rechtsanwälte mbB,DE120485916,Düsseldorf,40219,DEA11,DEU,,,serv-prov,,,,,,
ab1a2196-3b3e-400c-88a6-8b410e918be1,01,Vergabekammer Westfalen,490251411-0,Münster,48147,DEA33,DEU,,,reviewer,,,,,,
ab1a2196-3b3e-400c-88a6-8b410e918be1,01,Rudolf Schweiger Abdichtung und Isolierbau GmbH,DE 461 334 545,Gräfelfing,82166,DE21H,DEU,,,tenderer,,,,medium,DEU,False
d9f6395a-527b-49cd-a0ec-bf43a062cdf0,01,Gemeinde Lisberg,0954998970,Lisberg,96170,DE245,DEU,https://www.vg-lisberg.de,,buyer,https://www.vg-lisberg.de,kommun-beh,,,,
d9f6395a-527b-49cd-a0ec-bf43a062cdf0,01,"Regierung von Mittelfranken, Vergabekammer Nordbayern",098153-1277,Ansbach,91511,DE251,DEU,https://www.regierung.mittelfranken.bayern.de,,reviewer,,,,,,
89cb5b35-440d-4641-86a9-c4d96eb3adc6,01,DEGES Deutsche Einheit Fernstraßenplanungs- und -bau GmbH,DE 137181723,Berlin,10117,DE300,DEU,,,buyer,,,,,,
89cb5b35-440d-4641-86a9-c4d96eb3adc6,01,Schüßler-Plan Ingenieurgesellschaft mbH,DE 151555059,Düsseldorf,40237,DEA11,DEU,,,tenderer,,,,,,
89cb5b35-440d-4641-86a9-c4d96eb3adc6,01,Vergabekammer Rheinland,05315-03002-81,Düsseldorf,40474,DEA11,DEU,,,reviewer,,,,,,
9ae1067f-71f7-4ef3-874e-52d6c4dcad8c,01,HIL Heeresinstandsetzungslogistik GmbH,992-80013-14,Bonn,53123,DEA22,DEU,,,buyer,,def-cont,,,,
9ae1067f-71f7-4ef3-874e-52d6c4dcad8c,01,Bundeskartellamt Vergabekammer des Bundes,t:022894990,Bonn,53113,DEA22,DEU,https://www.bundeskartellamt.de/,,reviewer,,,,,,
2a65f837-7dff-4d67-8571-a798cef1350f,01,HIL Heeresinstandsetzungslogistik GmbH,992-80013-14,Bonn,53123,DEA22,DEU,,,buyer,,def-cont,,,,
2a65f837-7dff-4d67-8571-a798cef1350f,01,Bundeskartellamt Vergabekammer des Bundes,t:022894990,Bonn,53113,DEA22,DEU,https://www.bundeskartellamt.de/,,reviewer,,,,,,
41d7ac31-f585-4156-af42-5415f9f2b774,01,Staatliches Bauamt München 2,ID 12096469,München,80539,DE212,DEU,https://www.stbam2.bayern.de/,,buyer,https://vergabe.bayern.de,omu-lbeh,,,,
41d7ac31-f585-4156-af42-5415f9f2b774,01,Staatliches Bauamt München 2 - Vergabestelle,t0896933210,München,80539,DE212,DEU,https://www.stbam2.bayern.de/,,serv-prov,,,,,,
41d7ac31-f585-4156-af42-5415f9f2b774,01,Regierung von Oberbayern - Vergabekammer Südbayern,09-0318006-60,München,80538,DE212,DEU,https://www.regierung.oberbayern.bayern.de/service/nachpruefungsverfahren/index.html,,reviewer,,,,,,
1d7eb9ce-d42c-41f0-a4f3-1cc0c4d87e20,01,"Kreisausschuss des Lahn-Dill-Kreises, 12.4 Zentrale Vergabe- und Submissionsstelle",06532000-KreisausschussLDK-76,Wetzlar,35576,DE722,DEU,https://www.lahn-dill-kreis.de,,buyer,,kommun-beh,,,,
1d7eb9ce-d42c-41f0-a4f3-1cc0c4d87e20,01,Regierungspräsidium Darmstadt,t:06151126603-1,Darmstadt,64283,DE711,DEU,https://www.rp-darmstadt.hessen.de,,reviewer,,,,,,
1d7eb9ce-d42c-41f0-a4f3-1cc0c4d87e20,01,RegierungspräsidiumDarmstadt,t:06151126603-2,Darmstadt,64283,DE711,DEU,https://www.rp-darmstadt.hessen.de,,,,,,,,
1d7eb9ce-d42c-41f0-a4f3-1cc0c4d87e20,01,Rolladen-Sauter GmbH,DE112629608,Lahnau,35633,DE722,DEU,,,tenderer,,,,medium,DEU,False
6b20f242-021d-4a08-8e14-0fc9b29a4e17,01,Samtgemeinde Ostheide,t: 0413780080,21397,Barendorf,DE935,DEU,,,buyer,,kommun-beh,,,,
6b20f242-021d-4a08-8e14-0fc9b29a4e17,01,Drees & Sommer SE,t:04312000279600,Kiel,24118,DEF02,DEU,,,,,,,,,
6b20f242-021d-4a08-8e14-0fc9b29a4e17,01,Drees & Sommer SE,T0431.200027.9614,Kiel,24118,DEF02,DEU,,,,,,,,,
6b20f242-021d-4a08-8e14-0fc9b29a4e17,01,"Vergabekammer Niedersachsen beim Nds. Ministerium für Wirtschaft, Verkehr, Bauen und Digitaliserung",t:04131152943,Lüneburg,21339,DE935,DEU,,,reviewer,,,,,,
6b20f242-021d-4a08-8e14-0fc9b29a4e17,01,Drees & Sommer SE,T0431.200027.9614,Kiel,24118,DE935,DEU,,,,,,,,,
947fc897-edd4-43ea-b443-63e8d47a9149,01,Stadt Bielefeld - Amt für Zentrale Leistungen,05711-31001-60,Bielefeld,33602,DEA41,DEU,https://www.bielefeld.de/,,buyer,https://www.bielefeld.de/bekanntmachungen/ausschreibungen,kommun-beh,,,,
947fc897-edd4-43ea-b443-63e8d47a9149,01,Vergabekammer Westfalen bei der Bezirksregierung Münster,05515-03004-07,Münster,48147,DEA33,DEU,https://www.bezreg-muenster.de/de/wirtschaft_finanzen_kommunalaufsicht/vergabekammer_westfalen/index.html,,reviewer,,,,,,
f25e66fd-bd2e-4aea-b339-b37895bbf089,01,Land Baden-Württemberg vertreten durch das Polizeipräsidium Einsatz,DE114,Göppingen,73037,DE114,DEU,,,buyer,,koerp-oer-land,,,,
f25e66fd-bd2e-4aea-b339-b37895bbf089,01,Logistikzentrum Baden-Württemberg,08-A7874-02,Ditzingen,71254,DE115,DEU,https://www.lzbw.de,,,,,,,,
f25e66fd-bd2e-4aea-b339-b37895bbf089,01,Vergabekammer Baden-Württemberg beim Regierungspräsidium Karlsruhe,08-A9866-40,Karlsruhe,76131,DE122,DEU,https://rp.baden-wuerttemberg.de,,reviewer,,,,,,
f25e66fd-bd2e-4aea-b339-b37895bbf089,01,Logistikzentrum Baden-Württemberg,08A787402,Ditzingen,71254,DE115,DEU,https://www.lzbw.de,,,,,,,,
d44abc03-50f0-4083-aab5-466efac05753,01,"Zweckverband der Paul-Moor-Schule, vertreten durch die Stadt Landau, vertreten durch den Eigenbetrieb Gebäudemanagement Landau (GML)",DE148926516,Landau in der Pfalz,76829,DEB33,DEU,https://www.paulmoor-schule.de,,buyer,,kommun-beh,,,,
d44abc03-50f0-4083-aab5-466efac05753,01,Stadtverwaltung Landau - Zentrale Vergabestelle (die Unterlagen stehen ausschließlich zum Download zur Verfügung),DE__148926516,Landau in der Pfalz,76829,DEB33,DEU,https://www.auftragsboerse.de,,,,,,,,
d44abc03-50f0-4083-aab5-466efac05753,01,Vergabekammer Rheinland-Pfalz,000,Mainz,55116,DEB35,DEU,https://mwvlw.rlp.de,,reviewer,,,,,,
d44abc03-50f0-4083-aab5-466efac05753,01,Stadtverwaltung Landau - Zentrale Vergabestelle,t:06341133023,Landau in der Pfalz,76829,DEB33,DEU,https://www.landau.de,,,,,,,,
d44abc03-50f0-4083-aab5-466efac05753,01,Müller + Klein Ingenieurbüro für Bauwesen GmbH,DE142110720,Freiburg,79117,DE131,DEU,,,tenderer,,,,small,,False
ed4e3ad6-5358-410f-8b45-9cbba1f7afef,01,Rettungsdienst des Landkreises Elbe-Elster,12-12992262153879-70,Herzberg/Elster,04916,DE407,DEU,,,buyer,,kommun-beh,,,,
ed4e3ad6-5358-410f-8b45-9cbba1f7afef,01,Vergabekammer des Landes Brandenburg beim Ministerium für Wirtschaft und Europaangelegenheiten (MWE),12-12992262153879-70,Potsdam,14473,DE404,DEU,,,reviewer,,,,,,
40c92953-19e6-4dd6-beac-39c302fd25cc,01,Medizinische Hochschule Hannover,03-0141700000-23,Hannover,30625,DE929,DEU,http://www.mh-hannover.de,,buyer,,,,,,
40c92953-19e6-4dd6-beac-39c302fd25cc,01,"Vergabekammer Niedersachsen beim Nds. Ministerium für Wirtschaft, Verkehr, Bauen und Digitalisierung",t:04131153308,Lüneburg,21339,DE935,DEU,https://www.mw.niedersachsen.de/startseite/themen/aufsicht_und_recht/vergabekammer_rechtslage_ab_18_04_2016/vergabekammer-niedersachsen-144803.html,,reviewer,,,,,,
40c92953-19e6-4dd6-beac-39c302fd25cc,01,Atos Secure Digital GmbH (ehemals Eviden Germany GmbH),DE359068690,Berlin,12489,DE300,DEU,,,tenderer,,,,,,
40c92953-19e6-4dd6-beac-39c302fd25cc,01,Adesso Orange GmbH,DE305482608,Hameln,31789,DE923,DEU,,,subcont,,,,,,
49d4a12a-7b77-437a-a031-1d1260b427a4,01,"Gemeinde Kürten, vertreten durch die KUBUS Kommunalberatung und Service GmbH",822757be-c66b-4ac1-8a95-174395a2b824,Kürten,51515,DEA2B,DEU,https://www.kubus-mv.de,,buyer,,koerp-oer-kommun,,,,
49d4a12a-7b77-437a-a031-1d1260b427a4,01,Vergabekammer Westfalen,7017d3be-bb50-4d9f-b0c6-97c8a0529a35,Münster,48147,DEA33,DEU,,,reviewer,,,,,,
49d4a12a-7b77-437a-a031-1d1260b427a4,01,KUBUS Kommunalberatung und Service GmbH,27a676a5-7d10-4084-af42-3eacd9bbacf1,Schwerin,19061,DE804,DEU,https://www.kubus-kommunalberatung.de/startseite/,,,,,,,,
49d4a12a-7b77-437a-a031-1d1260b427a4,01,Stadtwerke Solingen GmbH,e2acf9bb-f5e1-4c4c-830c-9ea7d75882e9,Solingen,42655,DEA19,DEU,,,tenderer,,,,medium,,
afeff892-c330-4fb8-973c-6b65d1d3c1c1,01,Valletta GmbH,HRB 73257,Köln,51103,DEA23,DEU,https://www.malteser.de/,,buyer,,org-sub,,,,
afeff892-c330-4fb8-973c-6b65d1d3c1c1,01,Valletta GmbH,HRB 73257,Köln,51103,DEA23,DEU,https://www.malteser.de/,,reviewer,,,,,,
49272a08-0469-437d-bf1f-ba641417f443,01,"Stadt Frankfurt am Main, Stadtkämmerei Ausschreibungsservice",DE 114 110 388,Frankfurt am Main,60311,DE712,DEU,https://www.vergabe.stadt-frankfurt.de,,buyer,https://www.vergabe.stadt-frankfurt.de,kommun-beh,,,,
49272a08-0469-437d-bf1f-ba641417f443,01,Vergabekammern des Landes Hessen bei dem Regierungspräsidium Darmstadt,t:06151126603,Darmstadt,64283,DE711,DEU,,,reviewer,,,,,,
49272a08-0469-437d-bf1f-ba641417f443,01,"Stadt Frankfurt am Main, Stadtkämmerei Ausschreibungsservice",DE 114 110388,Frankfurt am Main,60311,DE712,DEU,https://www.vergabe.stadt-frankfurt.de,,,,,,,,
49272a08-0469-437d-bf1f-ba641417f443,01,eneotech Umwelt GmbH,DE275171134,Ludwigshafen,67061,DEB34,DEU,,,tenderer,,,,large,,False
01a0a3e8-422f-4756-96c5-d2a2a05e53bf,01,Große Kreisstadt Annaberg-Buchholz (Auftraggeber),14521020-SV01-10,Annaberg-Buchholz,09456,DED42,DEU,www.annaberg-buchholz.de,,buyer,https://www.annaberg-buchholz.de/rathaus/ausschreibungen/ausschreibungen_voba_vola_vgv.php,kommun-beh,,,,
01a0a3e8-422f-4756-96c5-d2a2a05e53bf,01,1. Vergabekammer des Freistaates Sachsen bei der Landesdirektion Sachsen,0,Leipzig,04013,DED42,DEU,,,reviewer,,,,,,
76042013-ac39-4932-9f1a-4656a0011b6b,01,DB InfraGO AG – Geschäftsbereich Fahrweg (Bukr 16),fb197f94-7578-4673-8a57-4642ae120532,Frankfurt Main,60327,DE712,DEU,http://www.deutschebahn.com/bieterportal/,,buyer,,,,,,
76042013-ac39-4932-9f1a-4656a0011b6b,01,Vergabekammer des Bundes,0a9ea480-08e4-4ab6-bf12-d722d0ad54b6,Bonn,53113,DEA22,DEU,,,reviewer,,,,,,
a9f62a24-31b1-425a-b9aa-ca085ced8bf4,01,"Bundesagentur für Arbeit, Regionales Einkaufszentrum NRW",DE811458858,Düsseldorf,40474,DEA11,DEU,http://www.arbeitsagentur.de,,buyer,,koerp-oer-bund,,,,
a9f62a24-31b1-425a-b9aa-ca085ced8bf4,01,"Bundeskartellamt, Vergabekammern des Bundes",'---,Bonn,53113,DEA22,DEU,http://www.bundeskartellamt.de,,reviewer,,,,,,
20176d84-f18c-4068-b17c-d013cf0cfe0f,01,"Fraunhofer-Gesellschaft zur Förderung
der angewandten Forschung e.V. | IMWS
vertreten durch: Fraunhofer-Institut für Mikrostruktur von Werkstoffen und Systemen
IMWS",993-03005FHG-85,Halle (Saale),06120,DEE02,DEU,,,buyer,,pub-undert,,,,
20176d84-f18c-4068-b17c-d013cf0cfe0f,01,Vergabekammern des Bundes,t:022894990,Bonn,53113,DEA22,DEU,,,reviewer,,,,,,
20176d84-f18c-4068-b17c-d013cf0cfe0f,01,PMH GmbH,DE123114472,Königswinter,53639,DEA2C,DEU,,,tenderer,,,,micro,,
eeb9ef5a-0b01-43d5-8496-53b81772b15d,01,Landratsamt Ansbach - Zentrale Vergabestelle,09-5015710-45,Ansbach,91522,DE256,DEU,https://www.landratsamt-ansbach.de,,buyer,,kommun-beh,,,,
eeb9ef5a-0b01-43d5-8496-53b81772b15d,01,"Regierung von Mittelfranken, Vergabekammer Nordbayern",09-0358002-61,Ansbach,91522,DE251,DEU,http://www.regierung.mittelfranken.bayern.de/,,reviewer,,,,,,
eeb9ef5a-0b01-43d5-8496-53b81772b15d,01,Reinigung YELL e. K.,DE340061963,Ansbach,91522,DE251,DEU,,,tenderer,,,,medium,,False
eeb9ef5a-0b01-43d5-8496-53b81772b15d,01,Götz-Gebäudemanagement Franken GmbH,DE325802301,Regensburg,93057,DE232,DEU,,,tenderer,,,,medium,,False
e4f3839a-4932-42c0-9b85-f1745d43c9c6,01,"Bundesrepublik Deutschland, vertreten durch das Bundesministerium des Innern, vertreten durch das Beschaffungsamt des BMI",t:0049228996100,Bonn,53119,DEA22,DEU,http://www.bescha.bund.de,,buyer,,omu-bbeh-niedrig,,,,
e4f3839a-4932-42c0-9b85-f1745d43c9c6,01,Vergabekammer des Bundes,t:022894990,Bonn,53113,DEA22,DEU,http://www.bundeskartellamt.de,,reviewer,,,,,,
a040d776-b7d8-40d6-81c9-b50e1aa6daeb,01,Amt Oeversee,010595940-000-63,Tarp,24963,DEF0C,DEU,https://www.amtoeversee.de,,buyer,,koerp-oer-kommun,,,,
a040d776-b7d8-40d6-81c9-b50e1aa6daeb,01,"Vergabekammer des Landes Schleswig-Holstein bei dem Ministerium für Wissenschaft, Wirtschaft und Verkehr",nicht bekannt,Kiel,24105,DEF02,DEU,,,reviewer,,,,,,
9ad7cb70-56ac-4e93-ad85-e249a639d263,01,Land Berlin vertr. durch BA Mitte v. Berlin,11-1310000V00-25,Berlin,10559,DE300,DEU,,,serv-prov,,kommun-beh,,,,
9ad7cb70-56ac-4e93-ad85-e249a639d263,01,Vergabekammer des Landes Berlin,11-1300000V00-74,Berlin,10825,DE300,DEU,,,reviewer,,,,,,
9ad7cb70-56ac-4e93-ad85-e249a639d263,01,Kieback & Peter GmbH & Co. KG,DE136651427,Berlin,12347,DE300,DEU,,,winner,,,,medium,DEU,
f1c9a3f9-c8d4-42b4-9e98-1838d72567e0,01,Landkreis Gießen - Der Kreisausschuss -,'+49 6419390,Gießen,35394,DE721,DEU,http://www.lkgi.de,,buyer,,kommun-beh,,,,
f1c9a3f9-c8d4-42b4-9e98-1838d72567e0,01,Vergabekammer des Landes Hessen bei dem Regierungspräsidium Darmstadt,'+49 6151 126603,Darmstadt,64278,DE721,DEU,https://rp-darmstadt.hessen.de/,,reviewer,,,,,,
2a892d69-436e-4ab9-b235-22191b2a0817,01,Land Rheinland-Pfalz  vertreten durch das Ministerium der Finanzen  vertreten durch den Landesbetrieb Liegenschafts- und Baubetreuung  Niederlassung Mainz,07-LBLBBZentr000-89,Mainz,55122,DEB35,DEU,,,buyer,,oberst-lbeh,,,,
2a892d69-436e-4ab9-b235-22191b2a0817,01,LBB Regionale Vergabestelle Diez,07-LBLBBDiez0004-24,Diez,65582,DEB1A,DEU,,,,,,,,,
2a892d69-436e-4ab9-b235-22191b2a0817,01,"Vergabekammer Rheinland-Pfalz beim Ministerium für Wirtschaft, Verkehr, Landwirtschaft und Weinbau",DE355604198,Mainz,55116,DEB35,DEU,http://www.mwvlw.rlp.de,,reviewer,,,,,,
2a892d69-436e-4ab9-b235-22191b2a0817,01,Bast GmbH & Co.KG,DE239937972,Reckershausen,55481,DEB1D,DEU,,,tenderer,,,,small,DEU,False
0a1d2ce8-8ee7-4d56-a411-9ddfdfcad7f9,01,Kreisausschuss des Lahn-Dill-Kreises 12.4 Zentrale Vergabe- und Submissionsstelle,06532000-KreisausschussLDK-76,Wetzlar,35576,DE722,DEU,https://www.lahn-dill-kreis.de,,buyer,,kommun-beh,,,,
0a1d2ce8-8ee7-4d56-a411-9ddfdfcad7f9,01,Regierungspräsidium Darmstadt,t:06151126603-1,Darmstadt,64283,DE711,DEU,https://www.rp-darmstadt.hessen.de,,reviewer,,,,,,
0a1d2ce8-8ee7-4d56-a411-9ddfdfcad7f9,01,RegierungspräsidiumDarmstadt,t:06151126603-2,Darmstadt,64283,DE722,DEU,https://www.rp-darmstadt.hessen.de,,,,,,,,
0a1d2ce8-8ee7-4d56-a411-9ddfdfcad7f9,01,Elektro Flach GmbH,2023221515,Limburg,65549,DE723,DEU,,,tenderer,,,,micro,DEU,False
a98df0ee-02df-4926-a699-f0264bc70ae4,01,Immobilien Bremen - Eigenbetrieb der Stadtgemeinde Bremen,entfällt,Bremen,28215,DE501,DEU,https://vergabe.bremen.de,,buyer,https://vergabe.bremen.de,pub-undert,,,,
a98df0ee-02df-4926-a699-f0264bc70ae4,01,"Vergabekammer der Freien Hansestadt Bremen bei der Senatorin für Bau, Mobilität und Stadtentwicklung",keine Angabe,Bremen,28195,DE501,DEU,https://bau.bremen.de/ressort/vergabekammer-3529,,reviewer,,,,,,
a98df0ee-02df-4926-a699-f0264bc70ae4,01,"Vergabekammer der Freien Hansestadt Bremen bei der Senatorin für Bau, Mobilität und Stadtentwicklung",nicht bekannt,Bremen,28195,DE501,DEU,https://bau.bremen.de/ressort/vergabekammer-3529,,,,,,,,
2c665769-7e2e-4628-991e-28dcf9c3821a,01,Regierung von Oberbayern Vergabekammer Südbayern,09-0318006-60,München,80534,DE212,DEU,https://www.regierung.oberbayern.bayern.de/ueber_uns/zentralezustaendigkeiten/vergabekammer-suedbayern/index.html,,reviewer,,,,,,
2c665769-7e2e-4628-991e-28dcf9c3821a,01,ZV KD Oberland Zentrale Beschaffungsstelle,t:080414417700,Bad Tölz,83646,DE216,DEU,https://www.zv-oberland.de/,,serv-prov,,,,,,
2c665769-7e2e-4628-991e-28dcf9c3821a,01,Gemeinde Icking,t:08178920015,Icking,82057,DE216,DEU,,,buyer,https://zv-oberland.de,anst-oer-kommun,,,,
1ccd2bd7-0f11-41f1-899f-4de6866a4092,01,Stadtverwaltung Jena,16053000-0024-43,Jena,07743,DEG03,DEU,,,buyer,,kommun-beh,,,,
1ccd2bd7-0f11-41f1-899f-4de6866a4092,01,Vergabekammer Thüringen,16900334-0001-29,Weimar,99423,DEG05,DEU,,,reviewer,,,,,,
a9485f5f-9d7f-4d89-b14e-948fc88864b9,01,DB Netz AG (Bukr 16),f45ee0d3-f9b6-44f0-846d-0c10b6f61a37,Frankfurt Main,60327,DE712,DEU,https://www.deutschebahn.com/bieterportal,,buyer,,,,,,
a9485f5f-9d7f-4d89-b14e-948fc88864b9,01,Vergabekammer des Bundes,0a9ea480-08e4-4ab6-bf12-d722d0ad54b6,Bonn,53113,DEA22,DEU,,,reviewer,,,,,,
a9485f5f-9d7f-4d89-b14e-948fc88864b9,01,BUG Verkehrsbau SE,c8042cd4-a986-4f49-8ed4-22a76af772a0,Berlin,12623,DE300,DEU,,,tenderer,,,,,,
38cb1b71-db55-447b-9dcf-7928fa9b9652,01,DB InfraGO AG – Geschäftsbereich Fahrweg (Bukr 16),fb197f94-7578-4673-8a57-4642ae120532,Frankfurt Main,60327,DE712,DEU,http://www.deutschebahn.com/bieterportal/,,buyer,,,,,,
38cb1b71-db55-447b-9dcf-7928fa9b9652,01,Vergabekammer des Bundes,0a9ea480-08e4-4ab6-bf12-d722d0ad54b6,Bonn,53113,DEA22,DEU,,,reviewer,,,,,,
38cb1b71-db55-447b-9dcf-7928fa9b9652,01,Neuero Railtec GmbH,b78267e9-613e-4a40-8b97-6c339ef220d7,Emlichheim,49824,DE94B,DEU,,,tenderer,,,,medium,,
4c995852-f3a4-4bec-b31c-16ee0f73a0e2,01,"Kreis Recklinghausen, Der Landrat",055620032032-31001-92,Recklinghausen,45657,DEA36,DEU,https://www.kreis-re.de,,buyer,,kommun-beh,,,,
4c995852-f3a4-4bec-b31c-16ee0f73a0e2,01,Vergabekammer Westfalen,05515-03004-07,Münster,48147,DEA33,DEU,https://www.bezreg-muenster.nrw.de,,reviewer,,,,,,
68ed286a-7dcd-4fa8-8fe1-cef357b78bb9,01,Deutsche Gesellschaft für Internationale Zusammenarbeit (GIZ) GmbH,993-80072-52,Eschborn,65760,DE71A,DEU,https://www.giz.de,,buyer,,pub-undert-cga,,,,
68ed286a-7dcd-4fa8-8fe1-cef357b78bb9,01,Vergabekammern des Bundes,022894990,Bonn,53113,DEA22,DEU,https://www.bundeskartellamt.de,,reviewer,,,,,,
d67d21b0-4b54-4ba6-96e2-3b6b23819299,01,Stadt Gronau (Westf.),05554002002-31001-75,Gronau,48599,DEA34,DEU,http://www.gronau.de,,buyer,,kommun-beh,,,,
d67d21b0-4b54-4ba6-96e2-3b6b23819299,01,Vergabekammer Westfalen,05515-03004-07,Münster,48147,DEA33,DEU,http://www.bezreg-muenster.nrw.de/de/wirtschaft_finanzen_kommunalaufsicht/vergabekammer_westfalen/index.html,,reviewer,,,,,,
1b85bfe4-fb5b-49bb-84de-474fa2eb9ef5,01,Gemeinde Gundelfingen,Gemeindeschlüssel 08 3 15 047,Gundelfingen,79194,DE132,DEU,,,buyer,,kommun-beh,,,,
1b85bfe4-fb5b-49bb-84de-474fa2eb9ef5,01,"Vergabekammer Baden-Württemberg, Regierungspräsidium Karlsruhe",08-A9866-40,Karlsruhe,76247,DE123,DEU,https://rp.baden-wuerttemberg.de/rpk/Abt1/Ref15/Seiten/default.aspx,,reviewer,,,,,,
adbbb2a3-a548-485c-b584-b649f0cff1b3,01,Immobilien Bremen - Eigenbetrieb der Stadtgemeinde Bremen,entfällt,Bremen,28215,DE501,DEU,https://vergabe.bremen.de,,buyer,https://vergabe.bremen.de,pub-undert,,,,
adbbb2a3-a548-485c-b584-b649f0cff1b3,01,"Vergabekammer der Freien Hansestadt Bremen bei der Senatorin für Bau, Mobilität und Stadtentwicklung",keine Angaben,Bremen,28195,DE501,DEU,https://www.bauumwelt.bremen.de,,reviewer,,,,,,
adbbb2a3-a548-485c-b584-b649f0cff1b3,01,"Vergabekammer der Freien Hansestadt Bremen bei der Senatorin für Bau, Mobilität und Stadtentwicklung",keine Angaben,Bremen,28195,DE501,DEU,https://www.bauumwelt.bremen.de,,,,,,,,
5cbe1b0e-18eb-4c76-90b1-d36ed71801c1,01,KRN Kommunalverkehr Rhein-Nahe GmbH,HRB 50887,Bad Kreuznach,55543,DEB14,DEU,,,buyer,,pub-undert-ra,,,,
5cbe1b0e-18eb-4c76-90b1-d36ed71801c1,01,Vergabekammer Rheinland-Pfalz,07-0001801100000-05,Mainz,55116,DEB35,DEU,,,reviewer,,,,,,
071a393b-8c2d-42cd-9d57-551d42b58813,01,Fraport AG,04523335133,Frankfurt am Main,60547,DE712,DEU,https://www.fraport.com/,,buyer,https://xvergabe.de/,,,,,
071a393b-8c2d-42cd-9d57-551d42b58813,01,Vergabekammer des Landes Hessen bei dem Regierungspräsidium Darmstadt,062263002917,Darmstadt,64283,DE711,DEU,http://www.rp-darmstadt.hessen.de/,,reviewer,,,,,,
071a393b-8c2d-42cd-9d57-551d42b58813,01,Vergabekammer des Landes Hessen,0 62263002917,Darmstadt,64283,DE711,DEU,http://www.rp-darmstadt.hessen.de/,,,,,,,,
071a393b-8c2d-42cd-9d57-551d42b58813,01,Vergabekammer des Landes Hessen,06 2263002917,Darmstadt,64283,DE711,DEU,http://www.rp-darmstadt.hessen.de,,mediator,,,,,,
bba1b515-3a6b-4be6-9618-db66267d5f72,01,Lahn-Dill-Kliniken GmbH,'-,Wetzlar,35578,DE722,DEU,https://www.lahn-dill-kliniken.de,,buyer,,pub-undert-ra,,,,
bba1b515-3a6b-4be6-9618-db66267d5f72,01,Vergabekammer des Landes Hessen beim Regierungspräsidium Darmstadt,t:06151126603,Darmstadt,64283,DE711,DEU,,,reviewer,,,,,,
bba1b515-3a6b-4be6-9618-db66267d5f72,01,Lahn-Dill-Kliniken GmbH,'-,Wetzlar,35578,DE722,DEU,,,,,,,,,
bba1b515-3a6b-4be6-9618-db66267d5f72,01,FUJIFILM Healthcare Deutschland GmbH,'-,Ratingen,40882,DEA1C,DEU,,,tenderer,,,,large,,False
2063f8a7-8d9a-4395-9834-8ab5d4a62d1d,01,"Berliner Verkehrsbetriebe, Bereich Einkauf/ Materialwirtschaft",0204:11-2000016000-38,Berlin,10179,DE300,DEU,,,buyer,,,,,,
2063f8a7-8d9a-4395-9834-8ab5d4a62d1d,01,Vergabekammer des Landes Berlin,11-1300000V00-74,Berlin,10825,DE300,DEU,,,reviewer,,,,,,
2063f8a7-8d9a-4395-9834-8ab5d4a62d1d,01,Best Civil Engineering e.K.,DE368500084,Berlin,13469,DE300,DEU,,,tenderer,,,,micro,,False
5d6248d2-bbeb-4359-8df1-2c2b5dfe2de7,01,"Kreisausschuss des Lahn-Dill-Kreises, 12.4 Zentrale Vergabe- und Submissionsstelle",06532000-KreisausschussLDK-76,Wetzlar,35576,DE722,DEU,https://www.lahn-dill-kreis.de,,buyer,,kommun-beh,,,,
5d6248d2-bbeb-4359-8df1-2c2b5dfe2de7,01,Regierungspräsidium Darmstadt,t:06151126603-1,Darmstadt,64283,DE711,DEU,https://www.rp-darmstadt.hessen.de,,reviewer,,,,,,
5d6248d2-bbeb-4359-8df1-2c2b5dfe2de7,01,Regierungspräsidium Darmstadt,t:06151126603-2,Darmstadt,64283,DE722,DEU,https://www.rp-darmstadt.hessen.de,,,,,,,,
5d6248d2-bbeb-4359-8df1-2c2b5dfe2de7,01,Kretz + Wahl Gebäudetechnik GmbH & Co.KG,DE112648216,Fernwald-Steinbach,35463,DE721,DEU,,,tenderer,,,,medium,,False
f1f7f1b8-2e26-45ae-bb75-30766d4f2c89,01,Die Autobahn GmbH des Bundes - NL Westfalen,USt-ID DE329214156,Hamm,59065,DEA54,DEU,https://www.autobahn.de,,buyer,https://vergabe.autobahn.de,pub-undert,,,,
f1f7f1b8-2e26-45ae-bb75-30766d4f2c89,01,Bundeskartellamt - Vergabekammern des Bundes,N.N.,Bonn,53113,DEA22,DEU,https://www.bundeskartellamt.de/DE/Vergaberecht/vergaberecht_node.html,,reviewer,,,,,,
f1f7f1b8-2e26-45ae-bb75-30766d4f2c89,01,Die Autobahn GmbH des Bundes,USt.-ID DE329214156,Berlin,10557,DE300,DEU,https://www.autobahn.de,,,,,,,,
f1f7f1b8-2e26-45ae-bb75-30766d4f2c89,01,Die Autobahn GmbH des Bundes,USt. ID DE329214156,Berlin,10557,DE300,DEU,https://www.autobahn.de,,mediator,,,,,,
f1f7f1b8-2e26-45ae-bb75-30766d4f2c89,01,Zeppelin Rental GmbH,DE 815070341,Dorsten,46282,DEA36,DEU,,,tenderer,,,,large,,False
f964782e-bf72-4c36-bf5f-035b9b1ed8f3,01,"Performa Nord - Eigenbetrieb des Landes Bremen, Geschäftsbereich Bundesbau",04011000-909-49,Bremen,28195,DE501,DEU,https://www.performanord.bremen.de,,buyer,http://vergabe.bremen.de,omu-lbeh,,,,
f964782e-bf72-4c36-bf5f-035b9b1ed8f3,01,Bundeskartellamt,keine Angabe,Bonn,53123,DEA22,DEU,,,reviewer,,,,,,
f964782e-bf72-4c36-bf5f-035b9b1ed8f3,01,Bundeskartellamt,keine Angabe,Bonn,53123,DEA22,DEU,,,,,,,,,
f964782e-bf72-4c36-bf5f-035b9b1ed8f3,01,B. Kathmann Bauunternehmung GmbH u. Co. KG,DE114622380,Bremen,28199,DE501,DEU,,,tenderer,,,,medium,,False
c937ed17-050d-4d82-a8c8-4c8f5e7b1f9e,01,Kreisausschuss des Lahn-Dill-Kreises 12.4 Zentrale Vergabe- und Submissionsstelle,06532000-KreisausschussLDK-76,Wetzlar,35576,DE722,DEU,https://www.lahn-dill-kreis.de,,buyer,,kommun-beh,,,,
c937ed17-050d-4d82-a8c8-4c8f5e7b1f9e,01,Regierungspräsidium Darmstadt,t:06151126603-1,Darmstadt,64283,DE711,DEU,https://www.rp-darmstadt.hessen.de,,reviewer,,,,,,
c937ed17-050d-4d82-a8c8-4c8f5e7b1f9e,01,Regierungspräsidium Darmstadt,t:06151126603-2,Darmstadt,64283,DE711,DEU,https://www.rp-darmstadt.hessen.de,,,,,,,,
c937ed17-050d-4d82-a8c8-4c8f5e7b1f9e,01,Bad & Energie GmbH,DE215 933 612,Wetzlar,35576,DE722,DEU,,,tenderer,,,,small,DEU,False
37b9ca59-76f8-4f86-95c3-350b3f85e457,01,SPRIND GmbH,HRB 36977,Leipzig,04013,DED51,DEU,,,buyer,,pub-undert-cga,,,,
37b9ca59-76f8-4f86-95c3-350b3f85e457,01,Vergabekammer des Bundes,t:022894990,Bonn,53113,DEA22,DEU,,,reviewer,,,,,,
0b0cee46-7028-48a3-ab93-706252419a34,01,"Stadt Germering, vertreten durch die KUBUS Kommunalberatung und Service GmbH",f2623142-b9c0-48aa-9a6b-422f43fdc01f,Germering,82110,DE21C,DEU,https://www.kubus-kb.de/startseite/,,buyer,,koerp-oer-kommun,,,,
0b0cee46-7028-48a3-ab93-706252419a34,01,Regierung von Oberbayern | Vergabekammer Südbayern,008e5574-cb5e-43b8-a606-0fa4ab363b9a,München,80538,DE212,DEU,https://www.regierung.oberbayern.bayern.de/,,reviewer,,,,,,
0b0cee46-7028-48a3-ab93-706252419a34,01,KUBUS Kommunalberatung und Service GmbH,27a676a5-7d10-4084-af42-3eacd9bbacf1,Schwerin,19061,DE804,DEU,https://www.kubus-kommunalberatung.de/startseite/,,,,,,,,
0b0cee46-7028-48a3-ab93-706252419a34,01,Strom Germering GmbH,07c33356-06de-4c66-820d-593efd717a35,Germering,82110,DE21C,DEU,,,tenderer,,,,medium,,
abae6b4a-5a2e-4a62-a6e8-61a0d99ac0f0,01,"Kommunales Vergabezentrum Kreis Groß-Gerau, für die Gemeinde Trebur",06433000-KV-32,Groß-Gerau,64521,DE717,DEU,https://www.kreisgg.de/,,buyer,,kommun-beh,,,,
abae6b4a-5a2e-4a62-a6e8-61a0d99ac0f0,01,Vergabekammer bei dem Regierungspräsidium Darmstadt,DE812056745,Darmstadt,64283,DE711,DEU,,,reviewer,,,,,,
abae6b4a-5a2e-4a62-a6e8-61a0d99ac0f0,01,Zaunbau Mittelhessen GmbH,DE323118846,Langgöns,35428,DE721,DEU,,,tenderer,,,,micro,,False
eb6cb358-277f-463a-a7b6-10419bb6b2b5,01,Brainergy Park Jülich GmbH,DE298224314,Jülich,52428,DEA26,DEU,,,buyer,,anst-oer-kommun,,,,
eb6cb358-277f-463a-a7b6-10419bb6b2b5,01,Hitzler Ingenieure GmbH & Co. KG,DE 362851088,Köln,50968,DEA23,DEU,,,,,,,,,
eb6cb358-277f-463a-a7b6-10419bb6b2b5,01,Vergabekammer Rheinland,DE 812110859,Köln,50667,DEA23,DEU,,,reviewer,,,,,,
eb6cb358-277f-463a-a7b6-10419bb6b2b5,01,Jaeger Ausbau GmbH + Co. KG,DE 202 910 923,Würselen,52146,DEA2D,DEU,,,tenderer,,,,large,,
ba79a82e-ba20-40d5-a701-698daf07eeb9,01,Technische Universität Bergakademie Freiberg,DE141136178,Freiberg,09599,DED43,DEU,https://tu-freiberg.de,,buyer,,koerp-oer-land,,,,
ba79a82e-ba20-40d5-a701-698daf07eeb9,01,1. Vergabekammer des Freistaates Sachsen bei der Landesdirektion Sachsen,keine Angabe,Leipzig,04013,DED51,DEU,,,reviewer,,,,,,
ba79a82e-ba20-40d5-a701-698daf07eeb9,01,PyroGenesis Inc.,keine Angabe,Montréal,H3B 4N4,,CAN,,False,tenderer,,,,medium,CAN,False
892cd313-409d-4d28-89fb-e9c5c15b141b,01,Deutsches Museum von Meisterwerken der Naturwissenschaft und Technik (AdöR),USt-IdNr:DE129523605,München,80538,DE212,DEU,https://www.deutsches-museum.de,,buyer,,,,,,
892cd313-409d-4d28-89fb-e9c5c15b141b,01,Regierung von Oberbayern,USt-IdNr:DE811335517,München,80538,DE212,DEU,https://www.regierung.oberbayern.bayern.de,,reviewer,,,,,,
892cd313-409d-4d28-89fb-e9c5c15b141b,01,Robert Stuckateur GmbH,UStID DE333402783,Nürnberg,90451,DE254,DEU,https://www.robert-stuckateur.info,,tenderer,,,,,,
e4219d9f-af23-4f38-8d05-842a51bb2395,01,TGZ Halle Technologie- und Gründerzentrum Halle GmbH,06120,Halle (Saale),06120,DEE02,DEU,,,buyer,,org-sub,,,,
e4219d9f-af23-4f38-8d05-842a51bb2395,01,1. Vergabekammer beim Landesverwaltungsamt Sachsen-Anhalt,t:03455141536,Halle (Saale),06110,DEE02,DEU,,,reviewer,,,,,,
e4219d9f-af23-4f38-8d05-842a51bb2395,01,ENDEA GmbH,DE256411073,Zahna-Elster,06895,DEE0E,DEU,,,tenderer,,,,small,,False
358aa36b-0b4d-406d-b3f0-3823146a9ea6,01,Landratsamt München - Zentrale Vergabestelle und Einkauf,09-0318253-95,München,81829,DE212,DEU,http://www.landkreis-muenchen.de,,buyer,https://plattform.aumass.de/Veroeffentlichung/av284b57-eu,kommun-beh,,,,
358aa36b-0b4d-406d-b3f0-3823146a9ea6,01,Regierung von Oberbayern - Vergabekammer Südbayern,USt-ID DE811335517,München,80538,DE212,DEU,https://www.regierung.oberbayern.bayern.de/ueber_uns/zentralezustaendigkeiten/vergabekammer-suedbayern/,,reviewer,,,,,,
81ef8785-328d-45a5-aa26-05b430f1424f,01,Fraunhofer-Gesellschaft - Einkauf B12,DE 129515865,München,80686,DE212,DEU,https://vergabe.fraunhofer.de/,,buyer,https://vergabe.fraunhofer.de/NetServer/,pub-undert,,,,
81ef8785-328d-45a5-aa26-05b430f1424f,01,Vergabekammern des Bundes,t:022894990,Bonn,53113,DEA22,DEU,,,reviewer,,,,,,
81ef8785-328d-45a5-aa26-05b430f1424f,01,Fraunhofer-Gesellschaft zur Förderung der angewandten Forschung e.V.,DE-129515865,München,80686,DE212,DEU,https://www.fraunhofer.de,,,,,,,,
005970e4-fa83-4d72-b88d-6b8acfe47c4a,01,Immobilien Bremen - Eigenbetrieb der Stadtgemeinde Bremen,entfällt,Bremen,28215,DE501,DEU,https://vergabe.bremen.de,,buyer,https://vergabe.bremen.de,pub-undert,,,,
005970e4-fa83-4d72-b88d-6b8acfe47c4a,01,"Vergabekammer der Freien Hansestadt Bremen bei der Senatorin für Bau, Mobilität und Stadtentwicklung",keine Angabe,Bremen,28195,DE501,DEU,https://bau.bremen.de/ressort/vergabekammer-3529,,reviewer,,,,,,
005970e4-fa83-4d72-b88d-6b8acfe47c4a,01,"Vergabekammer der Freien Hansestadt Bremen bei der Senatorin für Bau, Mobilität und Stadtentwicklung",nicht bekannt,Bremen,28195,DE501,DEU,https://www.bauumwelt.bremen.de,,,,,,,,
7cba3224-ed9b-4557-912a-b89e03238035,01,"Sozialstiftung Bamberg Energiemanagement GmbH, vertreten durch VEA Beratungs-GmbH",DE 232 702 703,Bamberg,96049,DE241,DEU,https://www.sozialstiftung-bamberg.de/,,buyer,https://www.vea-ausschreibungen.de,koerp-oer-kommun,,,,
7cba3224-ed9b-4557-912a-b89e03238035,01,Vergabekammer Nordbayern,09-0358002-61,Ansbach,91511,DE251,DEU,https://www.regierung.mittelfranken.bayern.de/service/vergabekammer/index.html,,reviewer,,,,,,
7cba3224-ed9b-4557-912a-b89e03238035,01,Stadtwerke Bamberg Energie- und Wasserversorgungs GmbH,DE202431883,Bamberg,96052,DE241,DEU,,,tenderer,,,,large,,False
eccaf8a7-61f2-4d8b-b5b5-46950178c568,01,Region Hannover,03241-0-62,Hannover,30169,DE929,DEU,https://www.ausschreibungen-hannover.de,,buyer,,kommun-beh,,,,
eccaf8a7-61f2-4d8b-b5b5-46950178c568,01,"Region Hannover, Team Zentrale Vergabeangelegenheiten",03241 -0-62,Hannover,30169,DE929,DEU,https://www.evergabe.de,,,,,,,,
eccaf8a7-61f2-4d8b-b5b5-46950178c568,01,Region Hannover,03241-0- 62,Hannover,30169,DE929,DEU,https://www.hannover.de,,,,,,,,
eccaf8a7-61f2-4d8b-b5b5-46950178c568,01,"Vergabekammer Niedersachsen beim Nds. Ministerium für Wirtschaft, Arbeit, Verkehr und Digitalisierung",t:04131153308,Lüneburg,21339,DE935,DEU,,,reviewer,,,,,,
ead3b499-cf64-4888-823d-7737ad787045,01,Kreisausschuss des Landkreises Fulda - Zentrale Vergabestelle,06631,Fulda,36037,DE732,DEU,https://www.landkreis-fulda.de,,buyer,,kommun-beh,,,,
ead3b499-cf64-4888-823d-7737ad787045,01,Vergabekammer des Landes Hessen beim Regierungspräsidium Darmstadt,06411000,Darmstadt,64283,DE711,DEU,,,reviewer,,,,,,
ead3b499-cf64-4888-823d-7737ad787045,01,Vergabekammer des Landes Hessen beim Regierungspräsidium Darmstadt,06151-12-6603,Darmstadt,64283,DE711,DEU,,,,,,,,,
ead3b499-cf64-4888-823d-7737ad787045,01,Tischlerei Wagner GmbH & Co. KG,DE315962856,Schlettau/ OT Dörfel,09487,DED42,DEU,,,tenderer,,,,micro,DEU,False
40a54a1a-4422-4c9b-b817-9b085061ad44,01,Bundeswehr-Dienstleistungszentrum Dresden,Leitweg ID 991-14197-46,Dresden,01219,DED21,DEU,http://www.evergabe-online.de/,,buyer,,omu-bbeh,,,,
40a54a1a-4422-4c9b-b817-9b085061ad44,01,Bundeskartellamt,t: 022894990,Bonn,53113,DEA22,DEU,,,reviewer,,,,,,
9b92da70-5f05-4da6-8f36-63c00ccc4bfd,01,Regierung von Oberbayern,663ae97e-c321-415e-bcad-626518f051ed,München,80538,DE212,DEU,https://www.regierung.oberbayern.bayern.de,,buyer,,omu-lbeh,,,,
9b92da70-5f05-4da6-8f36-63c00ccc4bfd,01,Regierung von Oberbayern - Vergabekammer Südbayern,d909629c-b7ea-4afa-acf6-a8b05556708c,München,80539,DE212,DEU,https://www.regierung.oberbayern.bayern.de/ueber_uns/zentralezustaendigkeiten/vergabekammer-suedbayern/index.html,,reviewer,,,,,,
9b92da70-5f05-4da6-8f36-63c00ccc4bfd,01,Regierung von Oberbayern,1a86dfa1-e75a-4748-8724-5f436cb4ba9d,München,80538,DE212,DEU,https://www.regierung.oberbayern.bayern.de,,,,,,,,
9b92da70-5f05-4da6-8f36-63c00ccc4bfd,01,Drei König Lebensmittelservice GmbH & Co KG,b4acb85b-6b76-4809-97d4-b7251a3da218,Schwäbisch Gmünd,73529,DE11D,DEU,,,tenderer,,,,medium,,
7bbe3e4a-e8f3-4ce7-8fac-f9899a31ebc0,01,Landkreis Schaumburg - Vergabestelle,DE116536965,Stadthagen,31655,DE928,DEU,http://www.schaumburg.de,,buyer,,koerp-oer-kommun,,,,
7bbe3e4a-e8f3-4ce7-8fac-f9899a31ebc0,01,"Vergabekammer Niedersachsen beim Nds. Ministerium für Wirtschaft, Arbeit, Verkehr und Digitalisierung",t:04131153308,Lüneburg,21339,DE935,DEU,http://www.mw.niedersachsen.de,,reviewer,,,,,,
7bbe3e4a-e8f3-4ce7-8fac-f9899a31ebc0,01,Lindner SE,HRB 12135 Landshut,Arnstorf,94424,DE22A,DEU,http://www.lindner-group.com,,tenderer,,,,large,DEU,False
415228ba-c998-4c5b-a88e-4badc9d2e4dc,01,Bezirk Schwaben,t:082131010,86152,Augsburg,DE271,DEU,https://www.vergabe.bayern.de,,buyer,https://www.vergabe.bayern.de,kommun-beh,,,,
415228ba-c998-4c5b-a88e-4badc9d2e4dc,01,Vergabekammer Südbayern,t:08921762411,München,80538,DE212,DEU,,,reviewer,,,,,,
415228ba-c998-4c5b-a88e-4badc9d2e4dc,01,Frank Malerbetrieb GmbH,DE363643012,Augsburg,86156,DE271,DEU,,,winner,,,,small,DEU,
01a0a3dd-0de3-4c82-9bff-894ee83e347d,01,Technische Universität Bergakademie Freiberg,DE141136178,Freiberg,09599,DED43,DEU,,,buyer,,anst-oer-land,,,,
01a0a3dd-0de3-4c82-9bff-894ee83e347d,01,1. Vergabekammer des Freistaates Sachsen bei der Landesdirektion Sachsen,keine Angabe,Leipzig,04013,DED51,DEU,,,reviewer,,,,,,
01a0a3dd-0de3-4c82-9bff-894ee83e347d,01,TAF Thermische Apparate Freiberg GmbH,DE279144960,Freiberg,09599,DED43,DEU,,,tenderer,,,,small,,
125814cb-3fd3-45fb-8ee4-1940fc409986,01,Landkreis Rottal-Inn,09277000-Ri1500-46,Pfarrkirchen,84347,DE22A,DEU,http://www.rottal-inn.de,,buyer,https://www.rottal-inn.de/landkreis-region/aktuelle-ausschreibungen/,kommun-beh,,,,
125814cb-3fd3-45fb-8ee4-1940fc409986,01,"Regierung von Oberbayern, Vergabekammer Südbayern",09-0318006-60,München,80538,DE212,DEU,,,reviewer,,,,,,
a673c7df-5a09-4230-a1f0-8c32c383c6a7,01,"Stadt Ratingen, Der Bürgermeister",051580028028-31001-82,Ratingen,40878,DEA1C,DEU,https://www.ratingen.de/,,buyer,,,,,,
a673c7df-5a09-4230-a1f0-8c32c383c6a7,01,Vergabekammer Rheinland,05315-03002-81,Köln,50667,DEA11,DEU,https://www.bezreg-koeln.nrw.de/brk_internet/vergabekammer/index.html,,reviewer,,,,,,
a673c7df-5a09-4230-a1f0-8c32c383c6a7,01,KLEUSBERG GmbH & Co. KG,DE 148005271,Wissen,57537,DEB13,DEU,http://www.kleusberg.de,,tenderer,,,,,,
5136b73e-1a8c-4623-ba6e-68446d10b433,01,Verbandsgemeinde Wittlich-Land,07 23 15 00 80 00 - 001 - 70,Wittlich,54516,DEB22,DEU,www.vg-wittlich-land.de,,buyer,,kommun-beh,,,,
5136b73e-1a8c-4623-ba6e-68446d10b433,01,"MWVLW RLP, Vergabekammer",07-0001801100000-05,Mainz,55116,DEB35,DEU,www.mwvlw.rlp.de,,reviewer,,,,,,
63ced94b-e3ff-42f0-9b7c-b0a68e642465,01,enercity Netz GmbH,DE250980382,Hannover,30459,DE929,DEU,https://www.enercity.de/impressum,,buyer,,,,,,
63ced94b-e3ff-42f0-9b7c-b0a68e642465,01,"Vergabekammer Niedersachen beim Nds. Ministerium für Wirtschaft, Verkehr und Bauen",t:04131153308,Lüneburg,21399,DE935,DEU,,,reviewer,,,,,,
63ced94b-e3ff-42f0-9b7c-b0a68e642465,01,YADOS GmbH,DE265192839,Hoyerswerda,02977,DED2C,DEU,http://yados.de,,tenderer,,,,medium,DEU,False
63ced94b-e3ff-42f0-9b7c-b0a68e642465,01,Pewo Energietechnik,DE813822086,Elsterheide,02979,DED2C,DEU,http://pewo.com,,tenderer,,,,medium,DEU,False
4e2efa0e-8630-465b-beb5-fe2dc2e116e2,01,"Stadt Frankfurt am Main, Stadtkämmerei Ausschreibungsservice",DE 114 110 388,Frankfurt am Main,60311,DE712,DEU,https://www.vergabe.stadt-frankfurt.de,,buyer,https://www.vergabe.stadt-frankfurt.de,kommun-beh,,,,
4e2efa0e-8630-465b-beb5-fe2dc2e116e2,01,Vergabekammern des Landes Hessen bei dem Regierungspräsidium Darmstadt,t:06151126603,Darmstadt,64283,DE711,DEU,,,reviewer,,,,,,
4e2efa0e-8630-465b-beb5-fe2dc2e116e2,01,"Stadt Frankfurt am Main, Stadtkämmerei Ausschreibungsservice",DE 114 110388,Frankfurt am Main,60311,DE712,DEU,https://www.vergabe.stadt-frankfurt.de,,,,,,,,
4e2efa0e-8630-465b-beb5-fe2dc2e116e2,01,MK Illumination Handels GmbH,ATU 41368603,Innsbruck,6020,AT332,AUT,,,tenderer,,,,medium,,False
615b5280-a5cf-40f2-b7b9-3da4726c7de4,01,Verbandsgemeinde Wittlich-Land,07 23 15 00 80 00 - 001 - 70,Wittlich,54516,DEB22,DEU,www.vg-wittlich-land.de,,buyer,,kommun-beh,,,,
615b5280-a5cf-40f2-b7b9-3da4726c7de4,01,"MWVLW RLP, Vergabekammer",07-0001801100000-05,Mainz,55116,DEB35,DEU,www.mwvlw.rlp.de,,reviewer,,,,,,
c27ce215-7d21-4d3f-8032-3718f85a797b,01,Stadt Kaarst - Der Bürgermeister,051620016016-31001-12,Kaarst,41564,DEA1D,DEU,http://www.kaarst.de,,buyer,,kommun-beh,,,,
c27ce215-7d21-4d3f-8032-3718f85a797b,01,Vergabekammer Westfalen,05515-03004-07,Münster,48147,DEA33,DEU,https://www.bezreg-muenster.de/themen/wirtschaft-kultur-und-kommunales/vergabekammer-westfalen,,reviewer,,,,,,
dc250dbf-39dc-4f59-b567-cfe9c7189181,01,Eigenbetrieb Kommunale Objektbewirtschaftung und -entwicklung der Hanse- und Universitätsstadt Rostock,13-S00KOEHRO000-17,Rostock,18057,DE803,DEU,https://www.koe-rostock.de,,buyer,https://www.koe-rostock.de,kommun-beh,,,,
dc250dbf-39dc-4f59-b567-cfe9c7189181,01,"Vergabekammern beim Ministerium für Wirtschaft, Infrastruktur, Tourismus und Arbeit Mecklenburg-Vorpommern",000,Schwerin,19053,DE804,DEU,,,reviewer,,,,,,
dc250dbf-39dc-4f59-b567-cfe9c7189181,01,KIJA Bausanierung GmbH,UStID.DE205318461,Rostock,18069,DE803,DEU,,False,winner,,,,small,DEU,False
af5ff21e-3c05-4f2c-bd6d-2946bfe9f899,01,DEGES Deutsche Einheit Fernstraßenplanungs- und -bau GmbH,999999,Berlin,10117,DE300,DEU,https://www.deges.de,,buyer,https://vergabe.deges.de,pub-undert,,,,
af5ff21e-3c05-4f2c-bd6d-2946bfe9f899,01,Vergabekammern des Bundes,'---,Bonn,53113,DEA22,DEU,,,reviewer,,,,,,
af5ff21e-3c05-4f2c-bd6d-2946bfe9f899,01,Fracasso Deutschland GmbH,DE178595862,Petschow,18196,DE80K,DEU,,,tenderer,,,,small,,False
f02e7748-2050-4ac4-a922-cb0f4439e986,01,Kreisstadt Saarlouis,DEC04,Saarlouis,66740,DEC04,DEU,https://www.saarlouis.de,,buyer,https://www.saarlouis.de,kommun-beh,,,,
f02e7748-2050-4ac4-a922-cb0f4439e986,01,"Ministerium für Wirtschaft, Arbeit, Energie und Verkehr des Saarlandes, Vergabekammer",'+49 6815014994,Saarbrücken,66111,DEC01,DEU,,,reviewer,,,,,,
f02e7748-2050-4ac4-a922-cb0f4439e986,01,"Kreisstadt Saarlouis, Vergabestelle",06831443282,Saarlouis,66740,DEC04,DEU,https://www.saarlouis.de,,,,,,,,
f02e7748-2050-4ac4-a922-cb0f4439e986,01,IBO Reinigung UG (haftungsbeschränkt),DE462596370,Völklingen,66333,DEC01,DEU,,,tenderer,,,,large,,False
aa0363f1-766e-40ce-956c-9969d649029b,01,Kreiskrankenhaus Bergstraße GmbH eine Einrichtung des Universitätsklinikums Heidelberg,DE243365251,Heppenheim,64646,DE715,DEU,https://www.klinikum.uni-heidelberg.de/,,buyer,,anst-oer-land,,,,
aa0363f1-766e-40ce-956c-9969d649029b,01,Vergabekammer Hessen,DE812056745,Darmstadt,64283,DE711,DEU,https://rp.baden-wuerttemberg.de/rpk/Abt1/Ref15/Seiten/default.aspx,,reviewer,,,,,,
aa0363f1-766e-40ce-956c-9969d649029b,01,Sts-Steuerungstechnik Spalj GmbH,DE225401555,Achern,77855,DE134,DEU,https://sts-steuerungstechnik.de/,,tenderer,,,,large,DEU,False
01a0a386-93b5-4920-903f-b03532554f28,01,Stadtverwaltung Heidenau,14628160-SV01-66,Heidenau,01809,DED2F,DEU,https://www.heidenau.de,,buyer,,kommun-beh,,,,
01a0a386-93b5-4920-903f-b03532554f28,01,Vergabekammer des Freistaates Sachsen bei der Landesdirektion Sachsen,keine,Dresden,01099,DED2F,DEU,,,reviewer,,,,,,
01a0a386-93b5-4920-903f-b03532554f28,01,Wulf Mothes Malerbetrieb GmbH & Co. KG,keine,Dohna,01809,DED2F,DEU,,,tenderer,,,,medium,,
01a0a386-93b5-4920-903f-b03532554f28,01,Trockenbau Großer GmbH & Co.KG,keine,Langenhennersdorf,01819,DED2F,DEU,,,tenderer,,,,medium,,
01a0a386-93b5-4920-903f-b03532554f28,01,Fliesenbau Thomas Pirnbaum,keine,Grünhain-Beierfeld,08344,DED42,DEU,,,tenderer,,,,small,,
01a0a386-93b5-4920-903f-b03532554f28,01,SCS GmbH,keine,Dresden,01257,DED21,DEU,,,tenderer,,,,medium,,
25ffc2dd-ffb6-484b-9642-475359ac01fc,01,Helmholtz-Zentrum für Umweltforschung GmbH - UFZ,992-80294-44,Leipzig,04318,DED51,DEU,https://www.ufz.de,,buyer,,pub-undert,,,,
25ffc2dd-ffb6-484b-9642-475359ac01fc,01,Vergabekammer des Bundes beim Bundeskartellamt,'---,Bonn,53121,DEA22,DEU,,,reviewer,,,,,,
f2c6fd75-9a61-4140-a51a-5c616ff7c99d,01,Rhein-Neckar-Verkehr GmbH,9e6f8957-23ff-4739-82a0-0d94363c37e2,Mannheim,68165,DE126,DEU,http://www.rnv-online.de,,buyer,,pub-undert,,,,
f2c6fd75-9a61-4140-a51a-5c616ff7c99d,01,Regierungspräsidium Karlsruhe,1d8ddb29-ca75-433e-ace2-8ea30f3e66c1,Karlsruhe,76137,DE122,DEU,https://rp.baden-wuerttemberg.de,,reviewer,,,,,,
f2c6fd75-9a61-4140-a51a-5c616ff7c99d,01,Rhein-Neckar-Verkehr GmbH,eaf7ad94-04c8-477c-9f90-dfab11736d1a,Mannheim,68165,DE126,DEU,https://www.rnv-online.de,,,,,,,,
1dcf98ce-459c-4042-9b70-dcc925ded5e5,01,"Staatsbetrieb Sächsisches Immobilien- und Baumanagement, Zentrale,  Zentralstelle Vergabe- und Vertragsmanagement",DE233121477,Dresden,01129,DED21,DEU,https://www.sib.sachsen.de,,buyer,https://www.sachsen-vergabe.de,omu-lbeh,,,,
1dcf98ce-459c-4042-9b70-dcc925ded5e5,01,Vergabekammer des Freistaates Sachsen bei der Landesdirektion Sachsen,keine Angabe,Leipzig,04107,DED51,DEU,,,reviewer,,,,,,
1dcf98ce-459c-4042-9b70-dcc925ded5e5,01,Vergabekammer des Freistaates Sachsen bei der Landesdirektion Sachsen,k. A.,Leipzig,04107,DED51,DEU,,,,,,,,,
0a084d8e-b409-46c3-8f38-42d0c38f4087,01,"Landkreis Unterallgäu, Abteilung Hochbau",5296,Mindelheim,87719,DE27C,DEU,https://www.unterallgaeu.de/,,buyer,https://www.deutsche-evergabe.de,koerp-oer-kommun,,,,
0a084d8e-b409-46c3-8f38-42d0c38f4087,01,"Regierung von Oberbayern, Vergabekammer Südbayern",3689177b-92c0-48a9-ac1e-138dc6b219ee,München,80534,DE212,DEU,,,reviewer,,,,,,
0a084d8e-b409-46c3-8f38-42d0c38f4087,01,Meixner-Partner  Projektentwicklung Projektsteuerung GmbH,a8d98c7c-02a8-4b8c-bf9b-64353037c811,Augsburg,86199,DE271,DEU,https://www.meixner-partner.de/,,,,,,,,
f8f990a2-b9fb-452d-8a21-a403a2239e46,01,"Bundesrepublik Deutschland, vertreten durch das Bundesministerium des Innern, vertreten durch das Beschaffungsamt des BMI",t:0049228996100,Bonn,53119,DEA22,DEU,http://www.bescha.bund.de,,buyer,,omu-bbeh-niedrig,,,,
f8f990a2-b9fb-452d-8a21-a403a2239e46,01,Vergabekammer des Bundes,t:022894990,Bonn,53113,DEA22,DEU,http://www.bundeskartellamt.de,,reviewer,,,,,,
0438fc4d-f4e0-43f1-8124-783654473a06,01,N-ERGIE Aktiengesellschaft,DE209536298,Nürnberg,90429,DE254,DEU,http://www.n-ergie.de,,buyer,,,,,,
0438fc4d-f4e0-43f1-8124-783654473a06,01,Vergabekammer Nordbayern,DE811335517,Ansbach,91522,DE251,DEU,,,reviewer,,,,,,
0438fc4d-f4e0-43f1-8124-783654473a06,01,PRISMA European Capacity Platform GmbH,DE241646520,Leipzig,04109,DED51,DEU,,,tenderer,,,,medium,,
4f3f43c4-b21a-4fe6-b95f-a02bcfaec978,01,Ministerium für Finanzen und Digitalisierung Mecklenburg-Vorpommern,13-L45012000000-38,Schwerin,19053,DE804,DEU,https://www.sbl-mv.de,,serv-prov,,,,,,
4f3f43c4-b21a-4fe6-b95f-a02bcfaec978,01,"Ministerium für Wirtschaft, Infrastruktur, Tourismus und Arbeit Mecklenburg-Vorpommern",13-L50010000000-78,Schwerin,19053,DE804,DEU,https://www.regierung-mv.de,,reviewer,,,,,,
4f3f43c4-b21a-4fe6-b95f-a02bcfaec978,01,Staatliches Bau- und Liegenschaftsamt Schwerin,13-L45110001000-61,Schwerin,19055,DE804,DEU,https://sbl-mv.de,,buyer,https://www.meinauftrag.rib.de,omu-lbeh,,,,
4f3f43c4-b21a-4fe6-b95f-a02bcfaec978,01,Tischlerei NO Fischer,DE350793342,Schwerin,19061,DE804,DEU,,,winner,,,,medium,DEU,
f142e565-038d-4c70-b79f-92083cfea0c8,01,GESOBAU AG,11-2100013000-65,Berlin,13187,DE300,DEU,https://www.gesobau.de/,,buyer,https://www.gesobau.de/,pub-undert,,,,
f142e565-038d-4c70-b79f-92083cfea0c8,01,Vergabekammer des Landes Berlin,11-1300000V00-74,Berlin,10825,DE300,DEU,https://www.berlin.de/sen/wirtschaft/wirtschaft/wirtschaftsrecht/vergabekammer/,,reviewer,,,,,,
f142e565-038d-4c70-b79f-92083cfea0c8,01,Projekt Plan und Bau K2 GmbH,DE 304971706,Berlin,10719,DE300,DEU,,,winner,,,,small,DEU,
0e4c6765-b27b-4e7e-9cb1-a4cb71f87e03,01,Ministerium für Finanzen und Digitalisierung Mecklenburg-Vorpommern,13-L45012000000-38,Schwerin,19053,DE804,DEU,https://www.sbl-mv.de,,serv-prov,,,,,,
0e4c6765-b27b-4e7e-9cb1-a4cb71f87e03,01,"Ministerium für Wirtschaft, Infrastruktur, Tourismus und Arbeit Mecklenburg-Vorpommern",13-L50010000000-78,Schwerin,19053,DE804,DEU,https://www.regierung-mv.de,,reviewer,,,,,,
0e4c6765-b27b-4e7e-9cb1-a4cb71f87e03,01,Staatliches Bau- und Liegenschaftsamt Schwerin,13-L45110001000-61,Schwerin,19055,DE804,DEU,https://sbl-mv.de,,buyer,https://www.meinauftrag.rib.de,omu-lbeh,,,,
0e4c6765-b27b-4e7e-9cb1-a4cb71f87e03,01,Neumühler Bauhütte GmbH,DE242752733,Schwerin,19057,DE804,DEU,,,winner,,,,medium,DEU,
31c84d33-8204-4aeb-9bdc-6b03fe02d7b6,01,Hansestadt Herford,Leitweg-ID: 057580012012-31001-61,Herford,32052,DEA43,DEU,https://www.herford.de,,buyer,,,,,,
31c84d33-8204-4aeb-9bdc-6b03fe02d7b6,01,Bockermann Fritze IngenieurConsult,DE125359620,Enger,32130,DEA43,DEU,https://www.bockermann-fritze.de,,tenderer,,,,,,
31c84d33-8204-4aeb-9bdc-6b03fe02d7b6,01,Bezirksregierung Münster - Vergabekammer Westfalen,Leitweg-ID: 05515-03004-07,Münster,48147,DEA33,DEU,,,reviewer,,,,,,
3b65793d-c78d-42bc-b654-1eac5dccdd27,01,Landkreis Vechta,03460-0-88,Vechta,49377,DE94F,DEU,https://www.landkreis-vechta.de,,buyer,https://www.deutsches-ausschreibungsblatt.de,kommun-beh,,,,
3b65793d-c78d-42bc-b654-1eac5dccdd27,01,"Vergabekammer Niedersachsen beim Nds. Ministerium für Wirtschaft, Verkehr und Bauen",t:04131153308,Lüneburg,21339,DE935,DEU,http://www.mw.niedersachsen.de,,reviewer,,,,,,
3b65793d-c78d-42bc-b654-1eac5dccdd27,01,Nils Bogdol GmbH,DE179733481,Holdorf,49451,DE94F,DEU,,,tenderer,,,,small,DEU,False
3b65793d-c78d-42bc-b654-1eac5dccdd27,01,Prior & Peußner GmbH u. Co. KG,DE 117 663 151,Osnabrück,49084,DE944,DEU,,,tenderer,,,,medium,DEU,False
77a17daa-1726-45b5-8710-0d9f238d3cb2,01,Fraunhofer-Gesellschaft - Einkauf B12,DE 129515865,München,80686,DE212,DEU,https://vergabe.fraunhofer.de/,,buyer,https://vergabe.fraunhofer.de/NetServer/,pub-undert,,,,
77a17daa-1726-45b5-8710-0d9f238d3cb2,01,Vergabekammern des Bundes,t:022894990,Bonn,53113,DEA22,DEU,,,reviewer,,,,,,
77a17daa-1726-45b5-8710-0d9f238d3cb2,01,Fraunhofer-Gesellschaft zur Förderung der angewandten Forschung e.V.,DE-129515865,München,80686,DE212,DEU,https://www.fraunhofer.de,,,,,,,,
01a0a39a-b1ce-41e2-a40e-d2a19840eef3,01,"Stadtverwaltung Zwickau, Liegenschafts- und
Hochbauamt",keine,Zwickau,08056,DED45,DEU,https://www.zwickau.de,,buyer,,kommun-beh,,,,
01a0a39a-b1ce-41e2-a40e-d2a19840eef3,01,"1.Vergabekammer des Freistaates Sachsen bei
der Landesdirektion Sachsen",keine,Leipzig,04107,DED52,DEU,,,reviewer,,,,,,
9f47389f-4ff8-4452-bb85-29dc3fdbcacb,01,"Regierungspräsidium Freiburg , Referat 47.3, Dienstsitz Bad Säckingen",083730,Bad Säckingen,79713,DE13A,DEU,www.rp-freiburg.de,,buyer,,kommun-beh,,,,
9f47389f-4ff8-4452-bb85-29dc3fdbcacb,01,Vergabekammer Baden-Württemberg,08-A9866-40,Karlsruhe,76131,DE122,DEU,,,reviewer,,,,,,
9f47389f-4ff8-4452-bb85-29dc3fdbcacb,01,"Regierungspräsidium Freiburg, Referat 47.3, Dienstsitz Bad Säckingen",08-A5856-42,Bad Säckingen,79713,DE13A,DEU,,,,,,,,,
9f47389f-4ff8-4452-bb85-29dc3fdbcacb,01,Johann Joos Tief- & Strassenbauunternehmung GmbH & Co. KG,DE142205220,Hartheim,79258,DE132,DEU,,,tenderer,,,,medium,,False
37ef6440-39ad-4711-b6d8-50cd3e259338,01,Stadt Wildau,t:0049337550510,Wildau,15745,DE406,DEU,https://www.wildau.de/,,buyer,,kommun-beh,,,,
37ef6440-39ad-4711-b6d8-50cd3e259338,01,"Vergabekammer des Landes Brandenburg beim Ministerium für Wirtschaft, Energie, Klimaschutz und Europa",t:03318661719,Potsdam,14473,DE404,DEU,,,reviewer,,,,,,
975ec467-e4c0-41ee-93e8-9e85b58e3304,01,Helmholtz-Zentrum für Umweltforschung GmbH - UFZ,992-80294-44,Leipzig,04318,DED51,DEU,https://www.ufz.de,,buyer,,pub-undert,,,,
975ec467-e4c0-41ee-93e8-9e85b58e3304,01,Vergabekammer des Bundes beim Bundeskartellamt,...,Bonn,53121,DEA22,DEU,,,reviewer,,,,,,
975ec467-e4c0-41ee-93e8-9e85b58e3304,01,Vergabekammer des Bundes beim Bundeskartellamt,...,Bonn,53121,DEA22,DEU,,,,,,,,,
975ec467-e4c0-41ee-93e8-9e85b58e3304,01,Baker Tilly GmbH & Co. KG Wirtschaftsprüfungsgesellschaft,DE313922411,Düsseldorf,40474,DEA11,DEU,,,tenderer,,,,large,,False
1a3ffe25-e783-42d6-85d9-06a72e6621ae,01,Die Autobahn GmbH des Bundes - NL Nordwest,USt-ID DE329214156,Hannover,30163,DE929,DEU,https://www.autobahn.de,,buyer,https://vergabe.autobahn.de,pub-undert,,,,
1a3ffe25-e783-42d6-85d9-06a72e6621ae,01,Bundeskartellamt - Vergabekammern des Bundes,N.N.,Bonn,53113,DEA22,DEU,https://www.bundeskartellamt.de/DE/Vergaberecht/vergaberecht_node.html,,reviewer,,,,,,
1a3ffe25-e783-42d6-85d9-06a72e6621ae,01,Die Autobahn GmbH des Bundes,USt.-ID DE329214156,Berlin,10557,DE300,DEU,https://www.autobahn.de,,,,,,,,
1a3ffe25-e783-42d6-85d9-06a72e6621ae,01,Die Autobahn GmbH des Bundes,USt. ID DE329214156,Berlin,10557,DE300,DEU,https://www.autobahn.de,,mediator,,,,,,
65a1fbb7-b8fa-47a1-81b3-19eb0aea6d81,01,DB InfraGO AG,XXXX,Frankfurt am Main,60486,DE712,DEU,,,buyer,,,,,,
65a1fbb7-b8fa-47a1-81b3-19eb0aea6d81,01,Arge 2. S-Bahn Stammstrecke München Tunnel Hauptbahnhof,23518806742,München,81379,DE212,DEU,,,tenderer,,,,,,
65a1fbb7-b8fa-47a1-81b3-19eb0aea6d81,01,Vergabekammer des Bundes beim Bundeskartellamt,xxxx,Bonn,52123,DEA22,DEU,,,reviewer,,,,,,
75b1656a-978d-42f1-bea4-282faba63fb7,01,"Bundesrepublik Deutschland, vertreten durch das Bundesministerium des Innern, vertreten durch das Beschaffungsamt des BMI",t:0049228996100,Bonn,53119,DEA22,DEU,http://www.bescha.bund.de,,buyer,,omu-bbeh-niedrig,,,,
75b1656a-978d-42f1-bea4-282faba63fb7,01,Vergabekammer des Bundes,t:022894990,Bonn,53113,DEA22,DEU,http://www.bundeskartellamt.de,,reviewer,,,,,,
75b1656a-978d-42f1-bea4-282faba63fb7,01,sysGen GmbH,DE177360158,Bremen,28327,DE501,DEU,,,tenderer,,,,small,,False
411eac10-5d12-40fb-a4d9-edbad677041b,01,AOK NordWest - Die Gesundheitskasse.,DE 124159739,Hagen,58079,DEA53,DEU,https://www.aok.de/pk/nordwest/,,buyer,https://www.aok.de/fk/nordwest/tools/weitere-inhalte/ausschreibungen/,koerp-oer-land,,,,
411eac10-5d12-40fb-a4d9-edbad677041b,01,Vergabekammern des Bundes,t:022894990,Bonn,53113,DEA22,DEU,,,reviewer,,,,,,
411eac10-5d12-40fb-a4d9-edbad677041b,01,BG prevent GmbH,DEA52,Bonn,53225,DEA52,DEU,,,tenderer,,,,large,DEU,False
b66086b4-5a0c-43e5-beff-d9e5bd9b4747,01,Kreis Kleve Bauverwaltungs-GmbH,9442,Bedburg-Hau,47551,DEA1B,DEU,https://www.deutsche-evergabe.de,,buyer,https://www.deutsche-evergabe.de,koerp-oer-kommun,,,,
b66086b4-5a0c-43e5-beff-d9e5bd9b4747,01,Vergabekammer Rheinland,11fdf835-bf54-48cc-b6a8-6088181f7a7a,Köln,50606,DEA23,DEU,,,reviewer,,,,,,
15fde072-07e6-480b-9309-bd9ffe950305,01,Eigenbetrieb Kommunale Objektbewirtschaftung und -entwicklung der Hanse- und Universitätsstadt Rostock,13-S00KOEHRO000-17,Rostock,18057,DE803,DEU,https://www.koe-rostock.de,,buyer,,kommun-beh,,,,
15fde072-07e6-480b-9309-bd9ffe950305,01,"Vergabekammern beim Ministerium für Wirtschaft, Infrastruktur, Tourismus und Arbeit Mecklenburg-Vorpommern",000,Schwerin,19053,DE804,DEU,,,reviewer,,,,,,
15fde072-07e6-480b-9309-bd9ffe950305,01,Niederberger Strausberg GmbH & Co. KG,UStID.DE158609835,Strausberg,15344,DE409,DEU,,False,winner,,,,medium,DEU,False
bdb7cd0f-27a9-49e6-be6e-c80723885512,01,"Stadt Köln, Amt für Recht, Vergabe und Versicherungen",07999,Köln,50679,DEA23,DEU,https://www.stadt-koeln.de,,buyer,https://www.stadt-koeln.de,kommun-beh,,,,
bdb7cd0f-27a9-49e6-be6e-c80723885512,01,Vergabekammer Westfalen,05515-03004-07,Münster,48147,DEA33,DEU,https://www.bezreg-muenster.de/themen/wirtschaft-kultur-und-kommunales/vergabekammer-westfalen,,reviewer,,,,,,
60e43b0a-8dfb-449e-b498-b09682344d0f,01,Bayerisches Landeskriminalamt,09-0302000-63,München,80636,DE212,DEU,,,buyer,,omu-lbeh,,,,
60e43b0a-8dfb-449e-b498-b09682344d0f,01,Regierung von Oberbayern - Vergabekammer Südbayern,DE 811335517,München,80534,DE212,DEU,,,reviewer,,,,,,
60e43b0a-8dfb-449e-b498-b09682344d0f,01,FNT Software GmbH,UStID. DE166836145,Essingen,73457,DE11D,DEU,https://www.fntsoftware.com/,,winner,,,,large,,
2fbce19e-8406-42b5-9a31-021c37f0693e,01,Rundfunk Berlin-Brandenburg,DE228847705,Potsdam,14482,DE404,DEU,,,buyer,,anst-oer-land,,,,
2fbce19e-8406-42b5-9a31-021c37f0693e,01,Vergabekammer Berlin,DE296830277,Berlin,10825,DE300,DEU,https://www.berlin.de/sen/wirtschaft/wirtschaftsrecht/vergabekammer/,,reviewer,,,,,,
2fbce19e-8406-42b5-9a31-021c37f0693e,01,adesso SE,DE208318527,Dortmund,44269,DEA52,DEU,https://www.adesso.de,,tenderer,,,,large,DEU,False
54a3c5e2-e83d-4d6d-b9b4-c8ef88801272,01,Landeshauptstadt Hannover - Fachbereich Gebäudemanagement,OE19,Hannover,30159,DE929,DEU,https://www.meinauftrag.rib.de,,buyer,https://meinauftrag.rib.de,kommun-beh,,,,
54a3c5e2-e83d-4d6d-b9b4-c8ef88801272,01,"Vergabekammer Nieders. beim Nieders. Ministerium f. Wirtschaft, Verkehr u. Bauen",VK Niedersachsen,Lüneburg,21339,DE935,DEU,,,reviewer,,,,,,
54a3c5e2-e83d-4d6d-b9b4-c8ef88801272,01,LHH-Dienstleister,LHH-DL,Hannover,30159,DE929,DEU,https://www.meinauftrag.rib.de,,serv-prov,,,,,,
54a3c5e2-e83d-4d6d-b9b4-c8ef88801272,01,WISAG Automatisierungstechnik GmbH& Co. KG,DE259137539,Langenhagen,30853,DE929,DEU,,,winner,,,,medium,DEU,
22be7dde-4ac6-4315-b87d-f19b7e9864cd,01,UKM Infrastruktur Management GmbH,05515-39002-71,Münster,48149,DEA33,DEU,https://ukm-im.de,,buyer,,koerp-oer-land,,,,
22be7dde-4ac6-4315-b87d-f19b7e9864cd,01,Vergabekammer Westfalen,05515-03004-07,Münster,48147,DEA33,DEU,,,reviewer,,,,,,
aa9e8b24-c04d-428d-bc89-8f1066e28c35,01,Regierung von Oberbayern,663ae97e-c321-415e-bcad-626518f051ed,München,80538,DE212,DEU,https://www.regierung.oberbayern.bayern.de,,buyer,,omu-lbeh,,,,
aa9e8b24-c04d-428d-bc89-8f1066e28c35,01,Regierung von Oberbayern - Vergabekammer Südbayern,d909629c-b7ea-4afa-acf6-a8b05556708c,München,80539,DE212,DEU,https://www.regierung.oberbayern.bayern.de/ueber_uns/zentralezustaendigkeiten/vergabekammer-suedbayern/index.html,,reviewer,,,,,,
aa9e8b24-c04d-428d-bc89-8f1066e28c35,01,Regierung von Oberbayern,1a86dfa1-e75a-4748-8724-5f436cb4ba9d,München,80538,DE212,DEU,https://www.regierung.oberbayern.bayern.de,,,,,,,,
aa9e8b24-c04d-428d-bc89-8f1066e28c35,01,Drei König Lebensmittelservice GmbH & Co KG,b4acb85b-6b76-4809-97d4-b7251a3da218,Schwäbisch Gmünd,73529,DE11D,DEU,,,tenderer,,,,medium,,
cef888de-af89-4526-849f-b65849ea460a,01,Landratsamt Main-Tauber-Kreis,UStID. DE 146588411,Tauberbischofsheim,97941,DE11B,DEU,,,buyer,,kommun-beh,,,,
cef888de-af89-4526-849f-b65849ea460a,01,Vergabekammer Baden-Württemberg im Regierungspräsidium Karlsruhe,08-A9866-40,Karlsruhe,76131,DE122,DEU,https://rp.baden-wuerttemberg.de,,reviewer,,,,,,
cef888de-af89-4526-849f-b65849ea460a,01,abakus Gesellschaft für Vergaberecht mbH,UST-IdNr. DE456886274,Ravensburg,88212,DE148,DEU,https://abakus-vergaberecht.com/,,serv-prov,,,,,,
5dbbe2be-5c22-4c3b-8923-6a3e9f4aa280,01,Landeshauptstadt München vertreten durch MRG Münchner Raumentwicklungsgesellschaft mbH,USt-IdNr. DE129524000,München,81829,DE212,DEU,https://www.mrg-gmbh.de,,buyer,https://www.staatsanzeiger-eservices.de,pub-undert-ra,,,,
5dbbe2be-5c22-4c3b-8923-6a3e9f4aa280,01,Regierung von Oberbayern - Vergabekammer Südbayern,09-0318006-60,München,80534,DE212,DEU,https://www.regierung.oberbayern.bayern.de,,reviewer,,,,,,
7d14c033-c833-4b40-8efc-e2ed271a3c3d,01,Verbandsgemeinde Wittlich-Land,07 23 15 00 80 00 - 001 - 70,Wittlich,54516,DEB22,DEU,www.vg-wittlich-land.de,,buyer,,kommun-beh,,,,
7d14c033-c833-4b40-8efc-e2ed271a3c3d,01,"MWVLW RLP, Vergabekammer",07-0001801100000-05,Mainz,55116,DEB35,DEU,www.mwvlw.rlp.de,,reviewer,,,,,,
32bcd728-4e98-499d-a4e3-75f506ec038a,01,"Hessischer Rundfunk,  Anstalt des Öffentlichen Rechts, Vergabestelle",'-,Frankfurt,60320,DE712,DEU,https://www.hr-online.de,,buyer,,kommun-beh,,,,
32bcd728-4e98-499d-a4e3-75f506ec038a,01,Vergabekammer des Landes Hessen beim Regierungspräsidium Darmstadt,t:06151126603,Darmstadt,64295,DE711,DEU,,,reviewer,,,,,,
07c57189-4238-4bcf-987b-80763a6d7e23,01,Wirtschaftsentwicklungsgesellschaft Bochum mbH,USt-IdNr. DE124091077,Bochum,44787,DEA51,DEU,https://www.bochum-wirtschaft.de,,buyer,,pub-undert,,,,
07c57189-4238-4bcf-987b-80763a6d7e23,01,Vergabekammer Westfalen bei der Bezirksregierung Münster,DE 164 242 157,Münster,48147,DEA33,DEU,https://www.bezreg-muenster.de,,reviewer,,,,,,
a3358992-2707-49b2-822c-dcf07304f3b0,01,Eigenbetrieb Kommunale Objektbewirtschaftung und -entwicklung der Hanse- und Universitätsstadt Rostock,13-S00KOEHRO000-17,Rostock,18057,DE803,DEU,https://www.koe-rostock.de,,buyer,,kommun-beh,,,,
a3358992-2707-49b2-822c-dcf07304f3b0,01,"Vergabekammern beim Ministerium für Wirtschaft, Infrastruktur, Tourismus und Arbeit Mecklenburg-Vorpommern",000,Schwerin,19053,DE804,DEU,,,reviewer,,,,,,
a3358992-2707-49b2-822c-dcf07304f3b0,01,Stadtwerke Rostock AG,UStID.DE137373289,Rostock,18069,DE803,DEU,,False,winner,,,,large,DEU,False
fb411cf6-4291-4ab1-9080-fb014f9a9c64,01,Große Kreisstadt Ehingen (Donau),08425033-A3353-67,Ehingen (Donau),89584,DE145,DEU,https://www.vergabe24.de,,buyer,,kommun-beh,,,,
fb411cf6-4291-4ab1-9080-fb014f9a9c64,01,Vergabekammer BW,08-A9866-40,Karlsruhe,76131,DE122,DEU,https://www.rp-karlsruhe.de,,reviewer,,,,,,
fb411cf6-4291-4ab1-9080-fb014f9a9c64,01,Vergabekammer BW,08-A9866-40-,Karlsruhe,76131,DE122,DEU,https://www.rp-karlsruhe.de,,,,,,,,
fb411cf6-4291-4ab1-9080-fb014f9a9c64,01,Rida,DE299459262,Kempten,87439,DE273,DEU,,,tenderer,,,,medium,,False
9d83ea1f-2e6a-4af3-9974-0b8a7823c726,01,Verbandsgemeinde Wittlich-Land,07 23 15 00 80 00 - 001 - 70,Wittlich,54516,DEB22,DEU,www.vg-wittlich-land.de,,buyer,,kommun-beh,,,,
9d83ea1f-2e6a-4af3-9974-0b8a7823c726,01,"MWVLW RLP, Vergabekammer",07-0001801100000-05,Mainz,55116,DEB35,DEU,www.mwvlw.rlp.de,,reviewer,,,,,,
741f8574-9ba3-434b-bf87-42f565cdff51,01,Bundesrepublik Deutschland endvertreten durch Gebäudemanagement Schleswig-Holstein,01 - 2002--79,Lübeck,23566,DEF03,DEU,https://gmsh.de,,buyer,https://www.e-vergabe-sh.de/,oberst-bbeh,,,,
741f8574-9ba3-434b-bf87-42f565cdff51,01,Vergabekammer des Bundes,t:022894990,Bonn,53123,DEA22,DEU,,,reviewer,,,,,,
741f8574-9ba3-434b-bf87-42f565cdff51,01,Gebäudemanagement Schleswig-Holstein AöR VOB-Submissionsstelle,01-2002 - 79,Lübeck,23566,DEF03,DEU,https://gmsh.de,,,,,,,,
4d643fae-3e36-4698-9988-0d3e35879d8f,01,DB Netz AG (Bukr 16),f45ee0d3-f9b6-44f0-846d-0c10b6f61a37,Frankfurt Main,60327,DE712,DEU,https://www.deutschebahn.com/bieterportal,,buyer,,,,,,
4d643fae-3e36-4698-9988-0d3e35879d8f,01,Vergabekammer des Bundes,0a9ea480-08e4-4ab6-bf12-d722d0ad54b6,Bonn,53113,DEA22,DEU,,,reviewer,,,,,,
4d643fae-3e36-4698-9988-0d3e35879d8f,01,"BIEGE Gößnitz-Crimmitschau c/o Hartung Bau, Ingenieur- Tief- und Straßenbau GmbH",76410003-6408-4080-86af-21edc8019a1b,Fulda,36041,DE732,DEU,,,tenderer,,,,,,
aecb6364-67b5-456f-ba2e-6dce58f64b21,01,Bundesanstalt für Immobilienaufgaben,991-80032-33,Bonn,53119,DEA22,DEU,http://www.bundesimmobilien.de,,buyer,,anst-oer-bund,,,,
aecb6364-67b5-456f-ba2e-6dce58f64b21,01,"Bundeskartellamt, Vergabekammern des Bundes",0228 9499-0,Bonn,53113,DEA22,DEU,,,reviewer,,,,,,
aecb6364-67b5-456f-ba2e-6dce58f64b21,01,Plischka Logistik GmbH,DE812728943,Bonn,53121,DEA22,DEU,,,tenderer,,,,medium,,
bcb96a9b-2bd2-46b3-b7a6-dbe4b1a6fd26,01,"Stadt Frankfurt am Main, Amt für Bau und Immobilien",DE 114 110 388,Frankfurt am Main,60486,DE712,DEU,https://www.vergabe.stadt-frankfurt.de,,buyer,https://www.vergabe.stadt-frankfurt.de,kommun-beh,,,,
bcb96a9b-2bd2-46b3-b7a6-dbe4b1a6fd26,01,Vergabekammern des Landes Hessen bei dem Regierungspräsidium Darmstadt,t:06151126603,Darmstadt,64283,DE711,DEU,,,reviewer,,,,,,
bcb96a9b-2bd2-46b3-b7a6-dbe4b1a6fd26,01,"Stadt Frankfurt am Main, Amt für Bau und Immobilien",DE 114 110388,Frankfurt am Main,60486,DE712,DEU,https://www.vergabe.stadt-frankfurt.de,,,,,,,,
bcb96a9b-2bd2-46b3-b7a6-dbe4b1a6fd26,01,Qori Glas- und Gebäude Reinigung GmbH,01424160004,Frankfurt am Main,65933,DE712,DEU,,,tenderer,,,,medium,,False
02251263-d5d8-4ccf-bb46-d4ef31ac41c5,01,DB InfraGO AG – Geschäftsbereich Personenbahnhöfe (Bukr 11),a6ceb1fb-e3c6-459d-a608-8a792d7bf449,Berlin,10557,DE300,DEU,http://www.deutschebahn.com/bieterportal/,,buyer,,,,,,
02251263-d5d8-4ccf-bb46-d4ef31ac41c5,01,Vergabekammer des Bundes,0a9ea480-08e4-4ab6-bf12-d722d0ad54b6,Bonn,53113,DEA22,DEU,,,reviewer,,,,,,
02251263-d5d8-4ccf-bb46-d4ef31ac41c5,01,KREBS+KIEFER Ingenieure GmbH,9426fc2b-9b92-4b7e-9c5a-13ef711f0a06,Darmstadt,64295,DE711,DEU,,,tenderer,,,,small,,
e72422bd-7b79-45d6-a647-dad18da6e4bc,01,"Landeshauptstadt München, Baureferat",09162000-ZRE1000000-09,München,81671,DE212,DEU,https://stadt.muenchen.de/rathaus/verwaltung/baureferat.html,,buyer,https://my.vergabe.bayern.de,kommun-beh,,,,
e72422bd-7b79-45d6-a647-dad18da6e4bc,01,Vergabekammer Südbayern,09-0358002-61,München,80538,DE212,DEU,,,reviewer,,,,,,
e5945add-25b2-4c37-ade8-426440996759,01,"Stadt Frankfurt am Main, Amt für Bau und Immobilien",DE 114 110 388,Frankfurt am Main,60486,DE712,DEU,https://www.vergabe.stadt-frankfurt.de,,buyer,https://www.vergabe.stadt-frankfurt.de,kommun-beh,,,,
e5945add-25b2-4c37-ade8-426440996759,01,Vergabekammern des Landes Hessen bei dem Regierungspräsidium Darmstadt,t:06151126603,Darmstadt,64283,DE711,DEU,,,reviewer,,,,,,
e5945add-25b2-4c37-ade8-426440996759,01,Götz-Gebäudemanagement RMG GmbH,DE129356823,Dietzenbach,63128,DE71C,DEU,,,tenderer,,,,large,,False
dc63569a-abdf-47f2-9210-616091d369de,01,Die Autobahn GmbH des Bundes - NL Nord,USt-ID DE329214156,Hamburg,20097,DE600,DEU,https://www.autobahn.de,,buyer,https://vergabe.autobahn.de,kommun-beh,,,,
dc63569a-abdf-47f2-9210-616091d369de,01,Bundeskartellamt - Vergabekammern des Bundes,N.N.,Bonn,53113,DEA22,DEU,https://www.bundeskartellamt.de/DE/Vergaberecht/vergaberecht_node.html,,reviewer,,,,,,
dc63569a-abdf-47f2-9210-616091d369de,01,Die Autobahn GmbH des Bundes,USt.-ID DE329214156,Berlin,10557,DE300,DEU,https://www.autobahn.de,,,,,,,,
dc63569a-abdf-47f2-9210-616091d369de,01,Die Autobahn GmbH des Bundes,USt. ID DE329214156,Berlin,10557,DE300,DEU,https://www.autobahn.de,,mediator,,,,,,
dc63569a-abdf-47f2-9210-616091d369de,01,MAYER Kanalmanagement GmbH,DE 193 700 550,Rüdersdorf,15562,DE409,DEU,,,tenderer,,,,medium,,False
4b78a193-a1fc-423c-8a38-0694dfd95972,01,Bundesinstitut für öffentliche Gesundheit (BIÖG),Leitweg-ID: 991-00144-10,Köln,50825,DEA23,DEU,http://www.ble.de/zv,,buyer,https://www.ble.de/zv,omu-bbeh-niedrig,,,,
4b78a193-a1fc-423c-8a38-0694dfd95972,01,Vergabekammer des Bundes,Tel.-Nr.: +49 228 9499-0,Bonn,53113,DEA22,DEU,,,reviewer,,,,,,
4b78a193-a1fc-423c-8a38-0694dfd95972,01,Argus Data Insights,DE160475641,Berlin,10961,DE300,DEU,,,tenderer,,,,large,,False
091398e0-7d25-4871-911c-9da98bd731fd,01,"Bundesagentur für Arbeit, Regionales Einkaufszentrum BB/SAT",DE811458858,Berlin,10969,DE300,DEU,http://www.arbeitsagentur.de,,buyer,,koerp-oer-bund,,,,
091398e0-7d25-4871-911c-9da98bd731fd,01,"Bundeskartellamt, Vergabekammern des Bundes",'---,Bonn,53113,DEA22,DEU,http://www.bundeskartellamt.de,,reviewer,,,,,,
091398e0-7d25-4871-911c-9da98bd731fd,01,TÜV Rheinland Akademie GmbH,DE811294742_1,Berlin,13597,DE300,DEU,,,tenderer,,,,large,,False
a137db0e-224a-4bd9-86d4-5bb3b3404d4e,01,Stadtverwaltung Ellwangen - Hochbauamt,73479,Ellwangen (Jagst),73479,DE11D,DEU,http://www.ellwangen.de/ausschreibungen,,buyer,,kommun-beh,,,,
a137db0e-224a-4bd9-86d4-5bb3b3404d4e,01,RP Karlsruhe,'---,Karlsruhe,76131,DE123,DEU,,,reviewer,,,,,,
a137db0e-224a-4bd9-86d4-5bb3b3404d4e,01,Stadtverwaltung Ellwangen,DE 144 630 699,Ellwangen,73479,DE11D,DEU,,,,,,,,,
a137db0e-224a-4bd9-86d4-5bb3b3404d4e,01,ESW Luft- und Klimatechnik GmbH,DE454235594,Ellwangen,73479,DE11D,DEU,,,tenderer,,,,small,DEU,False
c2df0f6b-f6d4-4dc0-b3ad-25fa9a032e55,01,Vergabe und Beschaffungszentrum Dortmund,05913-31001-34,Dortmund,44135,DEA52,DEU,,,buyer,,kommun-beh,,,,
c2df0f6b-f6d4-4dc0-b3ad-25fa9a032e55,01,Vergabekammer bei der Bezirksregierung,DE164242157,Münster,48147,DEA33,DEU,,,,,,,,,
c2df0f6b-f6d4-4dc0-b3ad-25fa9a032e55,01,Vergabekammer der Bezirksregierung,DE 164 242 157,Münster,48147,DEA33,DEU,,,reviewer,,,,,,
6b47bdf2-1f73-4935-ba14-aee6a80304a3,01,Bundesministerium der Verteidigung,991-05320-02,Bonn,53123,DEA22,DEU,http://www.evergabe-online.de/,,buyer,,oberst-bbeh,,,,
6b47bdf2-1f73-4935-ba14-aee6a80304a3,01,Bundeskartellamt,t:022894490,Bonn,53113,DEA22,DEU,,,reviewer,,,,,,
01a08f76-3858-4723-afdc-294aca37ffad,01,Berliner Großmarkt GmbH,AG Berlin-Charlottenburg HR-Nr. 92 HRB 2095,Berlin,10553,DE300,DEU,www.berliner-großmarkt-gmbh.de,,buyer,,pub-undert,,,,
01a08f76-3858-4723-afdc-294aca37ffad,01,B Plus Planungs-AG,AG Berlin-Charlottenburg HRB 1431B,Berlin,13353,DE300,DEU,www.b-plus-ag.de,,,,,,,,
01a08f76-3858-4723-afdc-294aca37ffad,01,Vergabekammer des Landes Berlin,11-1300000V00-74,Berlin,10825,DE300,DEU,https://www.berlin.de/sen/wirtschaft/wirtschaft/wirtschaftsrecht/vergabekammer/,,reviewer,,,,,,
01a08f76-3858-4723-afdc-294aca37ffad,01,Drees & Sommer SE,Amtsgerichts Stuttgart HRB 760772,Stuttgart,70569,DE111,DEU,,,tenderer,,,,large,,
85c9a7bb-cf66-405a-93c9-50857968cd15,01,Landratsamt Main-Tauber-Kreis,00,Tauberbischofsheim,97941,DE11B,DEU,https://www.main-tauber-kreis.de,,buyer,https://www.vergabe24.de,kommun-beh,,,,
85c9a7bb-cf66-405a-93c9-50857968cd15,01,Vergabekammer Baden-Württemberg Regierungspräsidium Karlsruhe,0725642,Karlsruhe,76137,DE122,DEU,,,reviewer,,,,,,
80225e23-4152-4fd6-abf9-b18067c9b448,01,civillent GmbH,HRB352440 (AG Stuttgart),Reutlingen,72770,DE141,DEU,https://www.civillent.de/start,,buyer,,anst-oer-kommun,,,,
80225e23-4152-4fd6-abf9-b18067c9b448,01,Vergabekammer Baden-Württemberg beim Regierungspräsidium Karlsruhe,08-A9866-40,Karlsruhe,76137,DE123,DEU,https://www.rp.baden-wuerttemberg.de,,reviewer,,,,,,
77b9119d-d72d-4bca-adc2-6341ef20117a,01,Staatliches Hochbauamt Heidelberg,08-A7182-41,Heidelberg,69115,DE125,DEU,https://www.bundesbau-bw.de,,buyer,www.vergabe.landbw.de,omu-lbeh,,,,
77b9119d-d72d-4bca-adc2-6341ef20117a,01,Vergabekammer des Bundes beim Bundeskartellamt,'----,Bonn,53123,DEA22,DEU,,,reviewer,,,,,,
77b9119d-d72d-4bca-adc2-6341ef20117a,01,Staatliches Hochbauamt Heidelberg,'---,Heidelberg,69115,DE111,DEU,https://www.bundesbau-bw.de,,,,,,,,
a87ddb58-7ced-47bf-afd4-8dcf5a1ae567,01,AOK NordWest - Die Gesundheitskasse.,DE 124159739,Hagen,58079,DEA53,DEU,https://www.aok.de/pk/nordwest/,,buyer,https://www.aok.de/fk/nordwest/tools/weitere-inhalte/ausschreibungen/,koerp-oer-land,,,,
a87ddb58-7ced-47bf-afd4-8dcf5a1ae567,01,Vergabekammern des Bundes,t:022894990,Bonn,53113,DEA22,DEU,,,reviewer,,,,,,
0a256d31-3992-4c28-af2a-af2e7c9d54a3,01,Einkauf der Stadt Duisburg (10-31),t:020328394929,Duisburg,47051,DEA12,DEU,http://www.duisburg.de,,buyer,,kommun-beh,,,,
0a256d31-3992-4c28-af2a-af2e7c9d54a3,01,Vergabekammer Westfalen,05315-03002-81,Münster,48147,DEA33,DEU,https://www.bezreg-muenster.de/themen/wirtschaft-kultur-und-kommunales/vergabekammer-westfalen,,reviewer,,,,,,
0a256d31-3992-4c28-af2a-af2e7c9d54a3,01,Stadt Duisburg - Submissionsstelle,05112-31001-91,Duisburg,47051,DEA12,DEU,https://www.duisburg.de,,,,,,,,
ef3be2c8-73dd-4ce7-a0a5-5626e1d4def2,01,Landkreis Sächsische Schweiz-Osterzgebirge,14628-LK01-14,Pirna,01796,DED2F,DEU,https://www.landratsamt-pirna.de,,buyer,https://www.vergabe.rib.de,koerp-oer-kommun,,,,
ef3be2c8-73dd-4ce7-a0a5-5626e1d4def2,01,1. Vergabekammer des Freistaates Sachsen bei der Landesdirektion Sachsen,000,Leipzig,04107,DED51,DEU,https://www.lds.sachsen.de/?ID=4421&art_param=363,,reviewer,,,,,,
b37b8634-91f0-43a1-9a0b-524aae0ee02e,01,Deutsches Museum von Meisterwerken der Naturwissenschaft und Technik (AdöR),USt-IdNr:DE129523605,München,80538,DE212,DEU,https://www.deutsches-museum.de,,buyer,,,,,,
b37b8634-91f0-43a1-9a0b-524aae0ee02e,01,Regierung von Oberbayern,USt-IdNr:DE811335517,München,80538,DE212,DEU,https://www.regierung.oberbayern.bayern.de,,reviewer,,,,,,
b37b8634-91f0-43a1-9a0b-524aae0ee02e,01,CL MAP GmbH,USt-IdNr:DE222152593,München,80339,DE212,DEU,https://www.clmap.de,,tenderer,,,,,,
abadc72a-717a-45fc-9044-e7eb3dad334a,01,Handwerkskammer Dortmund,DE254718695,Dortmund,44139,DEA52,DEU,,,buyer,,anst-oer-kommun,,,,
abadc72a-717a-45fc-9044-e7eb3dad334a,01,Vergabekammer Westfalen,05515-03004-07,Münster,48147,DEA33,DEU,,,reviewer,,,,,,
b01a3281-c302-440d-aa3a-0b3d7b665cea,01,Stadt Oelde,055700028028-31001-71,Oelde,59302,DEA38,DEU,https://www.oelde.de,,buyer,,kommun-beh,,,,
b01a3281-c302-440d-aa3a-0b3d7b665cea,01,Vergabekammer Westfalen,DE 164 242 157,Münster,48231,DEA33,DEU,http://www.bezreg-muenster.nrw.de,,reviewer,,,,,,
b01a3281-c302-440d-aa3a-0b3d7b665cea,01,Gerüstbautechnik Bosch GmbH & Co. KG,DE452677850,Aldenhoven,52457,DEA26,DEU,,,tenderer,,,,small,DEU,False
1799fd7d-d455-45ec-84b3-f267bdf5d0e2,01,Universitätsklinikum Heidelberg / UK Mannheim GmbH,HRB Mannheim 7331,Mannheim,68167,DE126,DEU,,,buyer,,pub-undert-la,,,,
1799fd7d-d455-45ec-84b3-f267bdf5d0e2,01,Universitätsklinikum Heidelberg / UK Mannheim GmbH,HRB Mannheim 7331,Mannheim,68167,DE126,DEU,,,,,,,,,
1799fd7d-d455-45ec-84b3-f267bdf5d0e2,01,Regierungspräsidium Karlsruhe,DE811469974,Mannheim,76131,DE122,DEU,,,reviewer,,,,,,
1799fd7d-d455-45ec-84b3-f267bdf5d0e2,01,netgo Süd GmbH,DE 252 464 595,Sindelfingen,71065,DE122,DEU,,,tenderer,,,,small,DEU,False
c9bdc192-58a1-4e7c-a260-cbdd646fd279,01,"Bundesrepublik Deutschland, vertreten durch das Bundesministerium des Innern, vertreten durch das Beschaffungsamt des BMI",t:0049228996100,Bonn,53119,DEA22,DEU,http://www.bescha.bund.de,,buyer,,omu-bbeh-niedrig,,,,
c9bdc192-58a1-4e7c-a260-cbdd646fd279,01,Vergabekammer des Bundes,t:022894990,Bonn,53113,DEA22,DEU,http://www.bundeskartellamt.de,,reviewer,,,,,,
3b62235d-ca80-4e03-9c3e-297de871fe80,01,Kommunaler Immobilien Service Potsdam (KIS) Eigenbetrieb der Landeshauptstadt Potsdam,DE138408386,Potsdam,14469,DE404,DEU,,,buyer,,kommun-beh,,,,
3b62235d-ca80-4e03-9c3e-297de871fe80,01,"Landeshauptstadt Potsdam, Bereich Vergabemanagement - Submissionsstelle",ohne Angabe,Potsdam,14469,DE404,DEU,,,serv-prov,,,,,,
3b62235d-ca80-4e03-9c3e-297de871fe80,01,"Vergabekammer des Landes Brandenburg beim Ministerium für Wirtschaft, Arbeit, Energie und Klimaschutz",DE260080782,Potsdam,14473,DE404,DEU,,,reviewer,,,,,,
b502151c-0762-47f1-9b93-a51f389045d2,01,"Bundesagentur für Arbeit (BA), vertreten durch den Vorstand, hier vertreten durch die Leitung des Geschäftsbereiches Einkauf im BA-Service-Haus",DE811458858,Nürnberg,90478,DE254,DEU,http://www.arbeitsagentur.de,,buyer,,koerp-oer-bund,,,,
b502151c-0762-47f1-9b93-a51f389045d2,01,"Bundeskartellamt, Vergabekammern des Bundes",'---,Bonn,53113,DEA22,DEU,http://www.bundeskartellamt.de,,reviewer,,,,,,
b502151c-0762-47f1-9b93-a51f389045d2,01,Computacenter AG & Co. oHG,DE186262134,Kerpen,50170,DEA27,DEU,,,tenderer,,,,large,,False
ff86e7dd-9047-4ad8-9ddb-106f4c18e10f,01,Freie Universität Berlin,DE 811304768,Berlin,14195,DE300,DEU,https://www.fu-berlin.de,,buyer,https://vergabekooperation.berlin,koerp-oer-land,,,,
ff86e7dd-9047-4ad8-9ddb-106f4c18e10f,01,Vergabekammer des Landes Berlin,DE296830277,Berlin,10825,DE300,DEU,http://www.berlin.de/sen/wirtschaft/wirtschaft/wirtschaftsrecht/,,reviewer,,,,,,
ff86e7dd-9047-4ad8-9ddb-106f4c18e10f,01,Freie Universität Berlin,DE 811304768,Berlin,14195,DE300,DEU,https://www.fu-berlin.de,,,,,,,,
3084e989-acb5-4689-8ebb-6bf0ad8e0903,01,Zweckverband Staatliche weiterführende Schulen im Süden des Landkreises München,DE129523752,Oberhaching,82041,DE21H,DEU,https://www.campus-deisenhofen.de/,,buyer,https://plattform.aumass.de/Veroeffentlichung/av284a81-eu,kommun-beh,,,,
3084e989-acb5-4689-8ebb-6bf0ad8e0903,01,Regierung von Oberbayern,09-0318006-60,München,80538,DE212,DEU,https://www.regierung.oberbayern.bayern.de/ueber_uns/zentralezustaendigkeiten/vergabekammer-suedbayern/index.html,,reviewer,,,,,,
68395e6d-ee88-4b84-b477-68e4396c6059,01,DB InfraGO AG – Geschäftsbereich Fahrweg (Bukr 16),fb197f94-7578-4673-8a57-4642ae120532,Frankfurt Main,60327,DE712,DEU,http://www.deutschebahn.com/bieterportal/,,buyer,,,,,,
68395e6d-ee88-4b84-b477-68e4396c6059,01,Vergabekammer des Bundes,0a9ea480-08e4-4ab6-bf12-d722d0ad54b6,Bonn,53113,DEA22,DEU,,,reviewer,,,,,,
68395e6d-ee88-4b84-b477-68e4396c6059,01,SWIETELSKY Baugesellschaft m.b.H.,bb5fa063-37b2-43fa-adba-6721a8c9d133,Traunstein,83278,DE21M,DEU,,,tenderer,,,,,,
162d0079-0ada-4d8b-b2a3-db5d889299a2,01,Deutsche Gesellschaft für Internationale Zusammenarbeit (GIZ) GmbH,993-80072-52,Eschborn,65760,DE71A,DEU,https://www.giz.de,,buyer,,pub-undert-cga,,,,
162d0079-0ada-4d8b-b2a3-db5d889299a2,01,Vergabekammern des Bundes,022894990,Bonn,53113,DEA22,DEU,https://www.bundeskartellamt.de,,reviewer,,,,,,
b77e9652-6802-4103-a4e1-af42fab8cb9d,01,WBM Wohnungsbaugesellschaft Berlin-Mitte mbH,11-2100005003-97,Berlin,10178,DE300,DEU,www.wbm.de,False,serv-prov,,,,,,
b77e9652-6802-4103-a4e1-af42fab8cb9d,01,Vergabekammer des Landes Berlin,11-1300000V00-74,Berlin,10825,DE300,DEU,,,reviewer,,,,,,
b77e9652-6802-4103-a4e1-af42fab8cb9d,01,DMSW Architekten Dahlhaus Müller Wehage Partnerschaft mbB,DE 284498780,Berlin,12053,DE300,DEU,,,tenderer,,,,,,
430701f1-558e-4eee-a5d4-f58d6eeefab8,01,Zweckverband Abfallwirtschaft Region Hannover,'+49 (511)991147891,Hannover,30625,DE929,DEU,https://www.aha-region.de,,buyer,,kommun-beh,,,,
430701f1-558e-4eee-a5d4-f58d6eeefab8,01,"Vergabekammer Niedersachsen beim Nds. Ministerium für Wirtschaft, Verkehr und Bauen",'+49 (4131)152943,Lüneburg,21339,DE935,DEU,www.mw.niedersachsen.de,,reviewer,,,,,,
52f6371b-39cc-4ec2-8721-e0b6e4e41699,01,Bauwerke Münster GmbH,DE125861458,Münster,48143,DEA33,DEU,https://bauwerke-ms.de/,,buyer,,pub-undert-cga,,,,
52f6371b-39cc-4ec2-8721-e0b6e4e41699,01,Stadt Münster - Zentrale Rechtsdienstleistungen und Vergabemanagement,DE126118269,Münster,48143,DEA33,DEU,https://www.stadt-muenster.de/startseite,,serv-prov,,,,,,
52f6371b-39cc-4ec2-8721-e0b6e4e41699,01,Vergabekammer Westfalen bei der Bezirksregierung Münster,DE164242157,Münster,48147,DEA33,DEU,https://www.bezreg-muenster.de/de/wirtschaft_finanzen_kommunalaufsicht/vergabekammer_westfalen/index.html,,reviewer,,,,,,
52f6371b-39cc-4ec2-8721-e0b6e4e41699,01,BLR Erdbau und Abbruchtechnik,21426 Amtsgericht Münster,Münster,48165,DEA33,DEU,,,tenderer,,,,medium,DEU,False
03e2ee12-213d-4a93-9e86-fa369290166f,01,Stadt Ulm - Zentrale Vergabestelle Liefer- und Dienstleistungen,08421000-A3943-20,Ulm,89073,DE144,DEU,https://www.ulm.de,,,,,,,,
03e2ee12-213d-4a93-9e86-fa369290166f,01,Stadt Ulm - Zentrale Vergabestelle VOB (ZVOB),08421000-A3943-20,Ulm,89073,DE144,DEU,https://www.ulm.de,,buyer,https://www.ulm.de,kommun-beh,,,,
03e2ee12-213d-4a93-9e86-fa369290166f,01,Vergabekammer Baden-Württemberg beim Regierungspräsidium Karlsruhe,08-A9866-40,Karlsruhe,76137,DE122,DEU,https://rp.baden-wuerttemberg.de/rpk/abt1/ref15/,,reviewer,,,,,,
03e2ee12-213d-4a93-9e86-fa369290166f,01,Fritschle Holzbau GmbH & Co. KG,DE260 855 123,Uttenweiler,88524,DE146,DEU,,,winner,,,,medium,DEU,
07e2fa36-a8c8-4b6b-94d1-b5ec715848fc,01,Stadt Göttingen,031590016016-0-80,Göttingen,37083,DE91C,DEU,https://www.goettingen.de/,,buyer,https://www.goettingen.de/portal/startseite.html,kommun-beh,,,,
07e2fa36-a8c8-4b6b-94d1-b5ec715848fc,01,Vergabekammer Niedersachsen,t:04131153308,Lüneburg,21339,DE935,DEU,https://www.mw.niedersachsen.de/startseite/themen/aufsicht_und_recht/vergabekammer_rechtslage_ab_18_04_2016/vergabekammer-niedersachsen-144803.html,,reviewer,,,,,,
5d1ac361-d019-4d42-902b-cbf8708a05bd,01,Fraunhofer-Gesellschaft - Einkauf B12,DE 129515865,München,80686,DE212,DEU,https://vergabe.fraunhofer.de/,,buyer,https://vergabe.fraunhofer.de/NetServer/,pub-undert,,,,
5d1ac361-d019-4d42-902b-cbf8708a05bd,01,Vergabekammern des Bundes,t:022894990,Bonn,53113,DEA22,DEU,,,reviewer,,,,,,
5d1ac361-d019-4d42-902b-cbf8708a05bd,01,Fraunhofer-Gesellschaft zur Förderung der angewandten Forschung e.V.,DE-129515865,München,80686,DE212,DEU,https://www.fraunhofer.de,,,,,,,,
dee2c291-4257-440e-99c7-cdfab455b60a,01,Stadt Bocholt,05 554 008,Bocholt,46395,DEA34,DEU,https://www.bocholt.de,,buyer,,kommun-beh,,,,
dee2c291-4257-440e-99c7-cdfab455b60a,01,Vergabekammer Westfalen bei der Bezirksregierung Münster,05515-03004-07,Münster,48143,DEA33,DEU,http://www.bezreg-muenster.de,,reviewer,,,,,,
dee2c291-4257-440e-99c7-cdfab455b60a,01,Stölting GmbH Reinigung und Service,U-ID DE125014205,Gelsenkirchen,45889,DEA32,DEU,https://www.stoelting-gruppe.de/,,tenderer,,,,large,DEU,False
dee2c291-4257-440e-99c7-cdfab455b60a,01,rp Gebäudereinigung GmbH,Ust-ID DE 124909813,Dortmund,44147,DEA52,DEU,https://www.rpgebaeudereinigung.de/,,tenderer,,,,medium,DEU,False
dee2c291-4257-440e-99c7-cdfab455b60a,01,TH. Kramer Gebäudereinigung GmbH,Ust-ID DE 145462121,Köln,50829,DEA23,DEU,https://www.kramer-gebaeudereinigung.de/,,tenderer,,,,large,DEU,False
7a855c7f-8d65-411f-9126-6dcb4aec744d,01,Forschungsverbund Berlin e.V.,DE136785011,Berlin,12489,DE300,DEU,http://www.fv-berlin.de,,buyer,,org-sub,,,,
7a855c7f-8d65-411f-9126-6dcb4aec744d,01,Vergabekammer des Landes Berlin,11-1300000V00-74,Berlin,10825,DE300,DEU,http://www.berlin.de/,,reviewer,,,,,,
7a855c7f-8d65-411f-9126-6dcb4aec744d,01,Forschungsverbund Berlin e.V.,DE136785011,Berlin,12489,DE300,DEU,https://www.fv-berlin.de,,,,,,,,
10b4365a-23af-4cbd-874f-5faa960c37e5,01,Gemeinde Gundelfingen,Gemeindeschlüssel 08 3 15 047,Gundelfingen,79194,DE132,DEU,,,buyer,,kommun-beh,,,,
10b4365a-23af-4cbd-874f-5faa960c37e5,01,"Vergabekammer Baden-Württemberg, Regierungspräsidium Karlsruhe",08-A9866-40,Karlsruhe,76247,DE123,DEU,https://rp.baden-wuerttemberg.de/rpk/Abt1/Ref15/Seiten/default.aspx,,reviewer,,,,,,
af9f35a0-65bc-4409-8b2d-339746ec18fa,01,Staatliches Bauamt Bamberg,09-0994103-39,Bamberg,96049,DE241,DEU,https://www.stbaba.bayern.de/,,buyer,https://www.vergabe.bayern.de/,omu-lbeh,,,,
af9f35a0-65bc-4409-8b2d-339746ec18fa,01,Regierung von Mittelfranken - Vergabekammer Nordbayern,09-0358002-61,Ansbach,91522,DE251,DEU,,,reviewer,,,,,,
af9f35a0-65bc-4409-8b2d-339746ec18fa,01,Staatliches Bauamt Bamberg-Vergabestelle,t095195300,Bamberg,96049,DE241,DEU,,,serv-prov,,,,,,
bdf2df03-ecca-4e4a-834a-8c169022bab7,01,Deutsches Museum von Meisterwerken der Naturwissenschaft und Technik (AdöR),USt-IdNr:DE129523605,München,80538,DE212,DEU,https://www.deutsches-museum.de,,buyer,,,,,,
bdf2df03-ecca-4e4a-834a-8c169022bab7,01,Regierung von Oberbayern,USt-IdNr:DE811335517,München,80538,DE212,DEU,https://www.regierung.oberbayern.bayern.de,,reviewer,,,,,,
bdf2df03-ecca-4e4a-834a-8c169022bab7,01,Elektro Kreutzpointner GmbH,USt-IdNr:DE129263010,Burghausen,84489,DE214,DEU,https://kreutzpointner.de,,tenderer,,,,,,
7005d76c-7d7c-4ac2-aad2-e48d7745a287,01,Gelderner Bau Gesellschaft mbH,HRB 15549,Geldern,47608,DEA1B,DEU,https://www.geldern-bau.de,,buyer,,pub-undert-ra,,,,
7005d76c-7d7c-4ac2-aad2-e48d7745a287,01,Vergabekammer Westfalen,05515-03004-07,Münster,48147,DEA33,DEU,https://www.bezreg-muenster.de/themen/wirtschaft-kultur-und-kommunales/vergabekammer-westfalen,,reviewer,,,,,,
7005d76c-7d7c-4ac2-aad2-e48d7745a287,01,FUNDIA Bauunternehmung GmbH,105/5815/0684,Düsseldorf,40549,DEA11,DEU,https://www.fundia.de/,,tenderer,,,,medium,DEU,False
1c273480-662f-4557-999b-ee51263af361,01,"Land Berlin, vertreten durch das Landesamt für Flüchtlingsangelegenheiten",11-1301172000-34,Berlin,10589,DE300,DEU,https://www.berlin.de/laf/,,buyer,http://www.vergabeplattform.berlin.de,omu-lbeh,,,,
1c273480-662f-4557-999b-ee51263af361,01,Vergabekammer des Landes Berlin,11-1300000V00-74,Berlin,10825,DE300,DEU,https://www.berlin.de/sen/wirtschaft/wirtschaft/wirtschaftsrecht/vergabekammer/,,reviewer,,,,,,
2446e1a7-8dc7-4593-b2d7-3260e7e86389,01,Die Autobahn GmbH des Bundes - NL Nordwest,USt-ID DE329214156,Hannover,30163,DE929,DEU,https://www.autobahn.de,,buyer,https://vergabe.autobahn.de,pub-undert-cga,,,,
2446e1a7-8dc7-4593-b2d7-3260e7e86389,01,Bundeskartellamt - Vergabekammern des Bundes,N.N.,Bonn,53113,DEA22,DEU,https://www.bundeskartellamt.de/DE/Vergaberecht/vergaberecht_node.html,,reviewer,,,,,,
2446e1a7-8dc7-4593-b2d7-3260e7e86389,01,Die Autobahn GmbH des Bundes,USt.-ID DE329214156,Berlin,10557,DE300,DEU,https://www.autobahn.de,,,,,,,,
2446e1a7-8dc7-4593-b2d7-3260e7e86389,01,Die Autobahn GmbH des Bundes,USt. ID DE329214156,Berlin,10557,DE300,DEU,https://www.autobahn.de,,mediator,,,,,,
2446e1a7-8dc7-4593-b2d7-3260e7e86389,01,Swarco Traffic Systems GmbH,DE 246426590,Trier,54294,DEB21,DEU,,,tenderer,,,,medium,,False
3de46702-3005-4272-9212-60a743a822bf,01,Stadt Osnabrück - FD Öffentliche Aufträge,034040000000-0-45,Osnabrück,49074,DE944,DEU,https://www.osnabrueck.de/ausschreibungen/,,buyer,,koerp-oer-kommun,,,,
3de46702-3005-4272-9212-60a743a822bf,01,"Vergabekammer Niedersachsen beim Nds. Ministerium für Wirtschaft, Arbeit und Verkehr",t:04131153308,Lüneburg,21339,DE935,DEU,http://www.mw.niedersachsen.de,,reviewer,,,,,,
3de46702-3005-4272-9212-60a743a822bf,01,info@qp-germany.com,HRB 16036 Würzburg,Würzburg,97080,DE263,DEU,https://www.qp-germany.com/impressum/,,tenderer,,,,micro,DEU,False
3de46702-3005-4272-9212-60a743a822bf,01,Carl Henkel GmbH / Co. KG,HRA8267 Bielefeld,Bielefeld,33647,DEA41,DEU,http://www.carl-henkel.de,,tenderer,,,,medium,DEU,False
e5b06742-88fb-461f-b5a2-561a22b4947e,01,Fraunhofer-Gesellschaft zur Förderung der angewandten Forschung e.V. - Einkauf B12 - Vergabestelle Bau,DE 129515865,München,80686,DE212,DEU,https://vergabe.fraunhofer.de/,,buyer,https://vergabe.fraunhofer.de/NetServer/,pub-undert,,,,
e5b06742-88fb-461f-b5a2-561a22b4947e,01,Vergabekammern des Bundes,t:022894990,Bonn,53113,DEA22,DEU,,,reviewer,,,,,,
e5b06742-88fb-461f-b5a2-561a22b4947e,01,Fraunhofer-Gesellschaft zur Förderung der angewandten Forschung e.V.,DE-129515865,München,80686,DE212,DEU,https://www.fraunhofer.de,,,,,,,,
d46eb7c9-65b4-4319-ae4f-b64aad501fec,01,Medizinisches Zentrum für Gesundheit Bad Lippspringe GmbH,05252-9500,Bad Lippspringe,33175,DEA47,DEU,https://www.medizinisches-zentrum.de/,,buyer,https://www.medizinisches-zentrum.de/,pub-undert-ra,,,,
d46eb7c9-65b4-4319-ae4f-b64aad501fec,01,Vergabekammer Westfalen bei der Bezirksregierung Münster,05515-03004-07,Münster,48147,DEA33,DEU,https://www.bezreg-muenster.de/de/wirtschaft_finanzen_kommunalaufsicht/vergabekammer_westfalen/index.html,,reviewer,,,,,,
dfd696de-b38c-4233-9db9-86a8b768feb4,01,Max-Planck-Institut für terrestrische Mikrobiologie,t:064211780,Marburg,35043,DE724,DEU,https://www.mpi-marburg.mpg.de,,buyer,https://www.mpg.de/de/einkauf/beschafferprofil,org-sub,,,,
dfd696de-b38c-4233-9db9-86a8b768feb4,01,Vergabekammer Südbayern bei der Regierung von Oberbayern,09-0318006-60,München,80538,DE212,DEU,https://www.regierung.oberbayern.bayern.de,,reviewer,,,,,,
dfd696de-b38c-4233-9db9-86a8b768feb4,01,Malvern Panalytical GmbH,DE178572650,Kassel,34123,DE731,DEU,,,tenderer,,,,medium,,False
5e5c519f-e67b-43bd-aff3-fb2f08bf4814,01,Verbandsgemeinde Westliche Börde,DE8399900000034074,Gröningen,39397,DEE07,DEU,,,buyer,,koerp-oer-kommun,,,,
5e5c519f-e67b-43bd-aff3-fb2f08bf4814,01,SALEG Sachsen-Anhaltische Landesentwicklungsgesellschaft mbH,HRB 102096,Magdeburg,39114,DEE03,DEU,,,serv-prov,,,,,,
5e5c519f-e67b-43bd-aff3-fb2f08bf4814,01,Vergabekammer beim Landesverwaltungsamts Sachsen-Anhalt,t:03455141536,Halle (Saale),06112,DEE02,DEU,,,reviewer,,,,,,
5e5c519f-e67b-43bd-aff3-fb2f08bf4814,01,Siebert IngenieurTeam GmbH,DE370441925,Rosdorf,37124,DE91C,DEU,,,tenderer,,,,micro,,
5a91aec9-aee6-4c00-809a-5ac8845a61ec,01,Die Autobahn GmbH des Bundes - NL Rheinland,USt-ID DE329214156,Krefeld,47805,DEA14,DEU,https://www.autobahn.de,,buyer,https://vergabe.autobahn.de,pub-undert,,,,
5a91aec9-aee6-4c00-809a-5ac8845a61ec,01,Bundeskartellamt - Vergabekammern des Bundes,N.N.,Bonn,53113,DEA22,DEU,https://www.bundeskartellamt.de/DE/Vergaberecht/vergaberecht_node.html,,reviewer,,,,,,
5a91aec9-aee6-4c00-809a-5ac8845a61ec,01,Die Autobahn GmbH des Bundes,USt.-ID DE329214156,Berlin,10557,DE300,DEU,https://www.autobahn.de,,,,,,,,
5a91aec9-aee6-4c00-809a-5ac8845a61ec,01,Die Autobahn GmbH des Bundes,USt. ID DE329214156,Berlin,10557,DE300,DEU,https://www.autobahn.de,,mediator,,,,,,
5a91aec9-aee6-4c00-809a-5ac8845a61ec,01,STRABAG AG Direktion NRW Bereich Düren,DE137223649,Nörvenich,52388,DEA26,DEU,,,tenderer,,,,medium,,False
5d25dc37-cd12-454d-9a04-e023831a2f6b,01,Die Autobahn GmbH des Bundes - NL Westfalen,USt-ID DE329214156,Hamm,59065,DEA54,DEU,https://www.autobahn.de,,buyer,https://vergabe.autobahn.de,pub-undert,,,,
5d25dc37-cd12-454d-9a04-e023831a2f6b,01,Bundeskartellamt - Vergabekammern des Bundes,N.N.,Bonn,53113,DEA22,DEU,https://www.bundeskartellamt.de/DE/Vergaberecht/vergaberecht_node.html,,reviewer,,,,,,
5d25dc37-cd12-454d-9a04-e023831a2f6b,01,Die Autobahn GmbH des Bundes,USt.-ID D E329214156,Berlin,10557,DE300,DEU,https://www.autobahn.de,,,,,,,,
5d25dc37-cd12-454d-9a04-e023831a2f6b,01,Die Autobahn GmbH des Bundes,USt. ID DE3 29214156,Berlin,10557,DE300,DEU,https://www.autobahn.de,,mediator,,,,,,
1b4499e0-c0e0-4052-976b-908f05d646fa,01,Max-Planck-Gesellschaft zur Förderung der Wissenschaften e. V.,1234,München,80539,DE212,DEU,https://www.mpg.de,,buyer,www.mpi-cbg.de,org-sub,,,,
1b4499e0-c0e0-4052-976b-908f05d646fa,01,Max-Planck-Institut für molekulare Zellbiologie und Genetik,1234,Dresden,01307,DED21,DEU,https://www.mpi-cbg.de,,,,,,,,
1b4499e0-c0e0-4052-976b-908f05d646fa,01,"Regierung von Oberbayern
Vergabekammer Südbayern",1234,München,80534,DE212,DEU,https://www.regierung.oberbayern.bayern.de/,,reviewer,,,,,,
1b4499e0-c0e0-4052-976b-908f05d646fa,01,J. RETTENMAIER & SÖHNE GmbH + Co KG,1234,Rosenberg,73494,DE11D,DEU,https://www.jrs.de/de/,False,winner,,,,medium,,
7844bb7e-551c-4b80-8e27-efa3b24aeb75,01,BVC Altona,fcfe4f91-487c-4d40-88d4-cd5ff87ef6c4,Hamburg,22765,DE600,DEU,https://www.hamburg.de/altona/,,buyer,,omu-lbeh,,,,
7844bb7e-551c-4b80-8e27-efa3b24aeb75,01,Vergabekammer bei der Behörde für Finanzen und Bezirke,fc2a82a7-8962-48a4-bf78-45738e80fa10,Hamburg,20306,DE600,DEU,https://www.hamburg.de/behoerdenfinder/info/11725152/,,reviewer,,,,,,
7844bb7e-551c-4b80-8e27-efa3b24aeb75,01,Bezirksamt Altona,051c5bb0-50eb-4035-ae82-bcdce1802472,Hamburg,22765,DE600,DEU,,,,,,,,,
7844bb7e-551c-4b80-8e27-efa3b24aeb75,01,Grünraum GmbH,44cadb4a-e72c-47fe-aea9-8711c17f4e18,Petschow,18196,DE80K,DEU,,,tenderer,,,,micro,,
7844bb7e-551c-4b80-8e27-efa3b24aeb75,01,Engelmann & Co. Ing. & Baumsachverständigen GmbH,edeef9e1-0bc0-4443-81c8-ca8171eee51e,Bremen,28777,DE501,DEU,,,tenderer,,,,micro,,
7844bb7e-551c-4b80-8e27-efa3b24aeb75,01,Treevolution.de GmbH,20cd9083-a661-454e-9edb-bb7535eef066,Herrsching,82211,DE21E,DEU,,,tenderer,,,,medium,,
d80782ed-7a0d-4d7b-9d1b-76c7cfbc136d,01,Stadt Lüdenscheid,DE125806589,Lüdenscheid,58507,DEA58,DEU,,,buyer,,kommun-beh,,,,
d80782ed-7a0d-4d7b-9d1b-76c7cfbc136d,01,Kapellmann und Partner Rechtsanwälte mbB,DE120485916,Düsseldorf,40219,DEA11,DEU,,,serv-prov,,,,,,
d80782ed-7a0d-4d7b-9d1b-76c7cfbc136d,01,Vergabekammer Westfalen,490251411-0,Münster,48147,DEA33,DEU,,,reviewer,,,,,,
d80782ed-7a0d-4d7b-9d1b-76c7cfbc136d,01,LAGIERSKI Klinkerbau GmbH & Co. KG,DE290241651,Neckarsulm,74172,DE118,DEU,,,tenderer,,,,medium,DEU,False
2d885c65-7f8d-466b-ae79-a214d09abef4,01,Stadtverwaltung Ellwangen - Hochbauamt,DE 144 630 699,Ellwangen (Jagst),73479,DE11D,DEU,http://www.ellwangen.de/ausschreibungen,,buyer,,kommun-beh,,,,
2d885c65-7f8d-466b-ae79-a214d09abef4,01,RP Karlsruhe,'---,Karlsruhe,76131,DE123,DEU,,,reviewer,,,,,,
f3a5f1e0-9f72-4179-90d4-bcbd0ab4b850,01,Mühlenkreiskliniken (AöR),DE249580588,Minden,32429,DEA46,DEU,,,buyer,,anst-oer-land,,,,
f3a5f1e0-9f72-4179-90d4-bcbd0ab4b850,01,Drees & Sommer SE,T04312000279600,Hamburg,20459,DE600,DEU,,,,,,,,,
f3a5f1e0-9f72-4179-90d4-bcbd0ab4b850,01,Drees & Sommer SE,t:04051494463878,Hamburg,20459,DE600,DEU,,,,,,,,,
f3a5f1e0-9f72-4179-90d4-bcbd0ab4b850,01,Vergabekammer Westfalen,t:02514111691,Münster,91522,DEA33,DEU,,,reviewer,,,,,,
e57a5e81-925c-4497-a287-25ade645b989,01,Mühlenkreiskliniken (AöR),DE249580588,Minden,32429,DEA46,DEU,,,buyer,,anst-oer-land,,,,
e57a5e81-925c-4497-a287-25ade645b989,01,Drees & Sommer SE,T04312000279600,Hamburg,20459,DE600,DEU,,,,,,,,,
e57a5e81-925c-4497-a287-25ade645b989,01,Drees & Sommer SE,t:04051494463878,Hamburg,20459,DE600,DEU,,,,,,,,,
e57a5e81-925c-4497-a287-25ade645b989,01,Vergabekammer Westfalen,t:02514111691,Münster,48147,DEA33,DEU,,,reviewer,,,,,,
ec4d8be1-1960-40c4-976d-87eb381e9f1e,01,Stadt Bad Homburg v. d. Höhe - Der Magistrat,30.2,Bad Homburg vor der Höhe,61352,DE718,DEU,,,buyer,,kommun-beh,,,,
ec4d8be1-1960-40c4-976d-87eb381e9f1e,01,Flowbird Deutschland GmbH,UStID. DE206361912,Kiel,24106,DEF02,DEU,https://www.flowbird.com,,tenderer,,,,medium,,False
ec4d8be1-1960-40c4-976d-87eb381e9f1e,01,Vergabekammer des Landes Hessen beim Regierungspräsidium Darmstadt,06-22630029-17,Darmstadt,64283,DE711,DEU,,,reviewer,,,,,,
506dd332-df90-4a82-a41a-7fd75b71a74a,01,Institut der Feuerwehr NRW,05515-03001-16,Münster,48155,DEA33,DEU,https://www.idf.nrw.de/,,buyer,,koerp-oer-land,,,,
506dd332-df90-4a82-a41a-7fd75b71a74a,01,Institut der Feuerwehr NRW,05515-03001-16,Münster,48155,DEA33,DEU,https://www.idf.nrw.de/,,,,,,,,
506dd332-df90-4a82-a41a-7fd75b71a74a,01,Vergabekammer Westfalen,05515-03004-07,Münster,48147,DEA33,DEU,https://www.bezreg-muenster.de/de/wirtschaft_finanzen_kommunalaufsicht/vergabekammer_westfalen/index.html,,reviewer,,,,,,
6c6fd5da-2d81-4cd1-9b7a-4f9af163c766,01,Lippeverband,Leitweg-ID: 05113-99004-94; USt.-ID: DE 119 824 624,Essen,45128,DEA13,DEU,https://www.eglv.de/,,serv-prov,,,,,,
6c6fd5da-2d81-4cd1-9b7a-4f9af163c766,01,Vergabekammer Westfalen,USt.-ID: DE 164 242 157,Münster,48147,DEA33,DEU,,,reviewer,,,,,,
6c6fd5da-2d81-4cd1-9b7a-4f9af163c766,01,BN Automation AG,DE 150923665,Ilmenau,98693,DEG0T,DEU,,,winner,,,,,,
b9edd57c-869d-46a1-9b2f-e4d784c599f8,01,Staatsbetrieb Sächsisches Immobilien- und Baumanagement NL Leipzig 1,DE 233121477,Leipzig,04328,DED51,DEU,,,buyer,,,,,,
b9edd57c-869d-46a1-9b2f-e4d784c599f8,01,1. Vergabekammer des Freistaates Sachsen bei der Landesdirektion Sachsen,keine Angabe,Leipzig,04107,DED51,DEU,,,reviewer,,,,,,
b9edd57c-869d-46a1-9b2f-e4d784c599f8,01,Stübler GmbH,080954,Dippoldiswalde,01744,DED2F,DEU,,,tenderer,,,,,,
2370d38a-4a55-40fd-880f-484ba02afa04,01,"Freistaat Thüringen, c/o Thüringer Landgesellschaft mbH",DE150115726,Erfurt,99099,DEG01,DEU,,,buyer,,omu-lbeh,,,,
2370d38a-4a55-40fd-880f-484ba02afa04,01,"Vergabekammer, Thüringer Landesverwaltungsamt",16900334-0001-29,Weimar,99423,DEG05,DEU,,,reviewer,,,,,,
cc0b1993-24c7-49b8-965b-2d87b7d6b61f,01,"Landeshauptstadt Düsseldorf, Der Oberbürgermeister, Amt für Recht, Vergabe und Versicherungen, Zentrale Vergabestelle",05111-31001-70,Düsseldorf,40227,DEA11,DEU,https://vergabe.duesseldorf.de,,buyer,,kommun-beh,,,,
cc0b1993-24c7-49b8-965b-2d87b7d6b61f,01,Vergabekammer Westfalen,05515-03004-07,Münster,48147,DEA33,DEU,https://www.bezreg-muenster.de/kontaktseite-vergabekammer-westfalen,,reviewer,,,,,,
cc0b1993-24c7-49b8-965b-2d87b7d6b61f,01,Clientel Fashion Conzept GmbH,DE 187773866,Mayen,56727,DEB17,DEU,,,tenderer,,,,small,,False
04ff402f-4285-41f8-8377-bac1364d2807,01,Landratsamt Ilm-Kreis,0087934254,Arnstadt,99310,DEG0T,DEU,,,buyer,,kommun-beh,,,,
04ff402f-4285-41f8-8377-bac1364d2807,01,Vergabekammer beim Thüringer Landesverwaltungsamt,(t)0361573321254,Weimar,99423,DEG05,DEU,,,reviewer,,,,,,
04ff402f-4285-41f8-8377-bac1364d2807,01,Vergabekammer Freistaat Thüringen,(t)0361573321254,Weimar,99423,DEG05,DEU,,,,,,,,,
04ff402f-4285-41f8-8377-bac1364d2807,01,Vergabekammer Freistaat Thüringen,(t)0361573321254,Weimar,99423,DEG05,DEU,,,mediator,,,,,,
d5be3ec2-f7c5-4017-bc4c-fae12b7f6ef7,01,Kassenärztliche Vereinigung Baden-Württemberg,DE 245191275,Stuttgart,70567,DE111,DEU,https://www.kvbawue.de/,,buyer,,koerp-oer-kommun,,,,
d5be3ec2-f7c5-4017-bc4c-fae12b7f6ef7,01,Vergabekammer Baden-Württemberg beim Regierungspräsidium Karlsruhe,08A986640,Karlsruhe,76137,DE122,DEU,https://rp.badenwuerttemberg.de/rpk/abt1/ref15/,,reviewer,,,,,,
ec979362-0650-4ab1-8069-b5eb25d72e28,01,Mainzer Verkehrsgesellschaft mbH,DE211221338,Mainz,55118,DEB35,DEU,,,buyer,,,,,,
ec979362-0650-4ab1-8069-b5eb25d72e28,01,"Vergabekammer Rheinland-Pfalz beim Ministerium für Wirtschaft, Verkehr, Landwirtschaft und Weinbau",DE355604198,Mainz,55116,DEB35,DEU,,,reviewer,,,,,,
9eac5c2d-a869-4f51-aa20-65d23c0c2d8d,01,"Bundesagentur für Arbeit, Regionales Einkaufszentrum NRW",DE811458858,Düsseldorf,40474,DEA11,DEU,http://www.arbeitsagentur.de,,buyer,,koerp-oer-bund,,,,
9eac5c2d-a869-4f51-aa20-65d23c0c2d8d,01,"Bundeskartellamt, Vergabekammern des Bundes",'---,Bonn,53113,DEA22,DEU,http://www.bundeskartellamt.de,,reviewer,,,,,,
7d420b5a-d751-4e71-8250-e817a7c35bc9,01,Stadt Lübbenau/Spreewald,DE40B,03222 Lübbenau/Spreewald,03222,DE40B,DEU,,,buyer,,kommun-beh,,,,
7d420b5a-d751-4e71-8250-e817a7c35bc9,01,"Ministerium für Wirtschaft, Arbeit und Energie",t:03318661719,Potsdam,14473,DE404,DEU,https://mwae.de,,reviewer,,,,,,
7d420b5a-d751-4e71-8250-e817a7c35bc9,01,Liderbau GmbH,HRB 40776,Leipzig,04159,DE40B,DEU,http://liderbau.de,,tenderer,,,,small,DEU,False
de46f8cc-3e1b-45a8-a1fb-b0c56e7a468d,01,Forschungsverbund Berlin e.V.,DE136785011,Berlin,12489,DE300,DEU,https://www.fv-berlin.de,,buyer,,pub-undert,,,,
de46f8cc-3e1b-45a8-a1fb-b0c56e7a468d,01,Vergabekammer des Landes Berlin,11-1300000V00-74,Berlin,10825,DE300,DEU,http://www.berlin.de/,,reviewer,,,,,,
de46f8cc-3e1b-45a8-a1fb-b0c56e7a468d,01,Forschungsverbund Berlin e.V.,DE136785011,Berlin,12489,DE300,DEU,https://www.fv-berlin.de,,,,,,,,
de46f8cc-3e1b-45a8-a1fb-b0c56e7a468d,01,Light Conversion UAB,LT225988917,Vilnius,10233,LT011,LTU,,,tenderer,,,,large,,False
0f40a536-3868-4c78-8710-e1a04df5dfdc,01,DB InfraGO AG – Geschäftsbereich Fahrweg (Bukr 16),fb197f94-7578-4673-8a57-4642ae120532,Frankfurt Main,60327,DE712,DEU,http://www.deutschebahn.com/bieterportal/,,buyer,,,,,,
0f40a536-3868-4c78-8710-e1a04df5dfdc,01,Vergabekammer des Bundes,0a9ea480-08e4-4ab6-bf12-d722d0ad54b6,Bonn,53113,DEA22,DEU,,,reviewer,,,,,,
0f40a536-3868-4c78-8710-e1a04df5dfdc,01,B + H Bau GmbH,f3202c2b-6cc3-41f4-92fe-bc0294b95de7,Drolshagen,57489,DEA59,DEU,,,tenderer,,,,medium,,
81c6013b-1919-4756-861d-b75bb351baed,01,Stiftung Fürst-Pückler-Museum Park und Schloss Branitz,DE402,Cottbus,03042,DE402,DEU,https://www.pueckler-museum.de/,,buyer,,stift-oer-land,,,,
81c6013b-1919-4756-861d-b75bb351baed,01,"Zentrale Stelle für Vergabefragen: Ministerium für Wirtschaft, Referat 12/VOB",DE404,Potsdam,14460,DE404,DEU,https://mweke.brandenburg.de/de/bb1.c.477963.de,,reviewer,,,,,,
81c6013b-1919-4756-861d-b75bb351baed,01,Vergabemarktplatz Brandenburg,DE402,entfällt,00000,DE402,DEU,,,,,,,,,
acb8340a-bc54-4982-bae7-7945179d4c5e,02,Landratsamt Donau-Ries,8850,Donauwörth,86609,DE27D,DEU,https://www.deutsche-evergabe.de,,buyer,https://www.deutsche-evergabe.de,koerp-oer-kommun,,,,
acb8340a-bc54-4982-bae7-7945179d4c5e,02,Vergabekammer Südbayern,6e4a4107-dbbe-461b-800b-502e113dbc71,München,80538,DE212,DEU,,,reviewer,,,,,,
acb8340a-bc54-4982-bae7-7945179d4c5e,02,VS Vereinigte Spezialmöbelfabriken GmbH & Co. KG - Niederlassung Süd,DE146587381,München,81829,DE212,DEU,,,tenderer,,,,medium,,
8b68c9cd-becc-4aae-b266-0d8fd532adde,02,tim | Staatliches Textil- und Industriemuseum Augsburg,14691,Augsburg,86153,DE271,DEU,https://www.timbayern.de/,,buyer,https://www.deutsche-evergabe.de,pub-undert,,,,
8b68c9cd-becc-4aae-b266-0d8fd532adde,02,Regierung von Oberbayern - Vergabekammer Südbayern,b21b6984-5ff9-4c51-b9b4-6602383d2f9b,München,80438,DE271,DEU,,,reviewer,,,,,,
8b68c9cd-becc-4aae-b266-0d8fd532adde,02,Paintbucket Games UG (haftungsbeschränkt),DE318215723,Berlin,10367,DE300,DEU,,,tenderer,,,,micro,,
169c17c4-4961-4faf-b265-cf241ade7b03,02,"Zentrale Vergabestelle der Städte Rietberg, Verl und der Gemeinde Langenberg",5487,Rietberg,33397,DEA42,DEU,https://www.deutsche-evergabe.de,,buyer,https://www.deutsche-evergabe.de,koerp-oer-kommun,,,,
169c17c4-4961-4faf-b265-cf241ade7b03,02,Vergabekammer Westfalen,f792ea4f-907e-410c-81db-3d65d22ffa0a,Münster,48147,DEA33,DEU,,,reviewer,,,,,,
169c17c4-4961-4faf-b265-cf241ade7b03,02,BOS-Mobile-Systeme GmbH & Co. KG,DE287883460,Haren,49733,DE949,DEU,,,tenderer,,,,small,,
8abc6569-ea2c-47c4-9535-5f7d00210f64,02,Niedersächsische Staatstheater Hannover GmbH (NSH),10377,Hannover,30159,DE929,DEU,https://www.deutsche-evergabe.de,,buyer,https://www.deutsche-evergabe.de,pub-undert,,,,
8abc6569-ea2c-47c4-9535-5f7d00210f64,02,"Vergabekammer Niedersachsen beim Nds. Ministerium für Wirtschaft, Verkehr, Bauen und Digitalisierung",f26b9191-d047-4e3a-8f2a-54d2f9c9daab,Lüneburg,21339,DE935,DEU,,,reviewer,,,,,,
8abc6569-ea2c-47c4-9535-5f7d00210f64,02,Luther Rechtsanwaltsgesellschaft mbH,a50bae66-0cee-4305-9f06-c4403af05a49,Hannover,30175,DE929,DEU,https://www.luther-lawfirm.com/home,,,,,,,,
8abc6569-ea2c-47c4-9535-5f7d00210f64,02,con_sens Consulting für Steuerung und soziale Entwicklung GmbH,DE 1942 87668,Hamburg,20148,DE600,DEU,,,tenderer,,,,small,,
8abc6569-ea2c-47c4-9535-5f7d00210f64,02,denkmodell GmbH,DE266462555,Berlin,10997,DE300,DEU,,,tenderer,,,,small,,
ebf0316c-dc1d-4aff-9f0c-9601ef0834b6,02,tim | Staatliches Textil- und Industriemuseum Augsburg,14691,Augsburg,86153,DE271,DEU,https://www.timbayern.de/,,buyer,https://www.deutsche-evergabe.de,pub-undert,,,,
ebf0316c-dc1d-4aff-9f0c-9601ef0834b6,02,Regierung von Oberbayern - Vergabekammer Südbayern,ada4d7d2-0f37-4765-ab58-518e29758e7d,München,80438,DE212,DEU,,,reviewer,,,,,,
ebf0316c-dc1d-4aff-9f0c-9601ef0834b6,02,Fuchsfabrik Digitalagentur,ATU74087347,Wien,1080,AT130,AUT,,,tenderer,,,,micro,,
a94fce7c-d20b-4801-a8a4-fa82599b306b,07,Thüringer Landesverwaltungsamt,Leitweg-ID 16900334-0001-29,Weimar,99423,DEG05,DEU,,,buyer,,omu-lbeh,,,,
a94fce7c-d20b-4801-a8a4-fa82599b306b,07,Vergabekammer Freistaat Thüringen,Leitweg-ID 16900334-0001-29,Weimar,99423,DEG05,DEU,,,reviewer,,,,,,
d054f781-67a9-4059-8661-386f0f62f944,07,Thüringer Landesamt für Bau und Verkehr,Leitweg-ID: 16900699-1600-24,Erfurt,99085,DEG01,DEU,https://bau-verkehr.thueringen.de,,buyer,,omu-lbeh,,,,
d054f781-67a9-4059-8661-386f0f62f944,07,Vergabekammer des Freistaates Thüringen,Leitweg-ID: 16900334-0001-29,Weimar,99423,DEG05,DEU,,,reviewer,,,,,,
f1b8b89e-0c34-489c-8605-e48d0d0a5cb1,01,Kliniken des Landkreises Lörrach GmbH,25df1d9e-d9cc-4daa-8e30-9bde93819371,Lörrach,79539,DE139,DEU,https://www.klinloe.de,,buyer,,pub-undert-ra,,,,
f1b8b89e-0c34-489c-8605-e48d0d0a5cb1,01,Vergabekammer Baden-Württemberg beim Regierungspräsidium Karlsruhe,9d88d97a-0f77-4b2e-badf-f32f30b993ab,Karlsruhe,76137,DE122,DEU,,,reviewer,,,,,,
f1b8b89e-0c34-489c-8605-e48d0d0a5cb1,01,EKK plus GmbH,c2d602bb-54c2-4896-8695-5715e0192e6f,Köln,51149,DEA23,DEU,https://www.gdekk.de,,serv-prov,,,,,,
9a8868e4-d7bb-4015-8909-1bf3484af77f,01,Universitätsklinikum Hamburg-Eppendorf,02000000-BUKE000001-019,Hamburg,20251,DE600,DEU,,,buyer,,koerp-oer-land,,,,
9a8868e4-d7bb-4015-8909-1bf3484af77f,01,Vergabekammer bei der Finanzbehörde,02000000-KFB0000001-20,Hamburg,20354,DE600,DEU,,,reviewer,,,,,,
9a8868e4-d7bb-4015-8909-1bf3484af77f,01,"10x Genomics, Inc.",45-5614458,"Pleasanton, California",94588-3260,,USA,,,tenderer,,,,large,,
10ab646d-012a-4acd-9d41-d2d5927addbb,01,Landeshauptstadt München vertreten durch MRG Münchner Raumentwicklungsgesellschaft mbH,USt-IdNr. DE129524000,München,81829,DE212,DEU,https://www.mrg-gmbh.de,,buyer,https://www.staatsanzeiger-eservices.de,pub-undert-ra,,,,
10ab646d-012a-4acd-9d41-d2d5927addbb,01,Regierung von Oberbayern - Vergabekammer Südbayern,09-0318006-60,München,80534,DE212,DEU,https://www.regierung.oberbayern.bayern.de,,reviewer,,,,,,
10ab646d-012a-4acd-9d41-d2d5927addbb,01,sld mediatec GmbH,USt-IdNr. DE248004023,Nürnberg,90425,DE254,DEU,https://www.sld-mediatec.de,,tenderer,,,,medium,,
91690441-2088-4e96-99df-2b8ad32e5a1b,01,DB InfraGO AG – Geschäftsbereich Fahrweg (Bukr 16),fb197f94-7578-4673-8a57-4642ae120532,Frankfurt Main,60327,DE712,DEU,http://www.deutschebahn.com/bieterportal/,,buyer,,,,,,
91690441-2088-4e96-99df-2b8ad32e5a1b,01,Vergabekammer des Bundes,0a9ea480-08e4-4ab6-bf12-d722d0ad54b6,Bonn,53113,DEA22,DEU,,,reviewer,,,,,,
91690441-2088-4e96-99df-2b8ad32e5a1b,01,SPITZKE SE,4df70146-74f6-4ad3-8df8-a09e842480a7,Großbeeren,14979,DE40H,DEU,,,tenderer,,,,,,
ee3a9d8e-fe1e-4949-9e4a-4e9c190918de,01,Bundesanstalt für Immobilienaufgaben,0204:<991-80032-33>,Bonn,53119,DEA22,DEU,,,buyer,,anst-oer-bund,,,,
ee3a9d8e-fe1e-4949-9e4a-4e9c190918de,01,Vergabekammern des Bundes,t: 0228 9499 0,Bonn,53113,DEA22,DEU,,,reviewer,,,,,,
ee3a9d8e-fe1e-4949-9e4a-4e9c190918de,01,bgsm Architekten Stadtplaner,DE 285 742 576,München,81667,DE212,DEU,,,tenderer,,,,micro,,
ee3a9d8e-fe1e-4949-9e4a-4e9c190918de,01,Niemann + Steege Gesellschaft für Stadtentwicklung Stadtplanung Städtebau Städtebaurecht mbH,HRB 37151,Düsseldorf,40213,DEA11,DEU,,,tenderer,,,,small,,
6626a339-d511-4a4c-b0a7-54a84a14e72e,01,HOWOGE Wohnungsbaugesellschaft mbH,HOWOGE Wohnungsbaugesellschaft mbH,Berlin,10365,DE300,DEU,https://howoge.de,,serv-prov,https://www.howoge.de,pub-undert,,,,
6626a339-d511-4a4c-b0a7-54a84a14e72e,01,Vergabekammer des Landes Berlin,VK,Berlin,10825,DE300,DEU,https://www.berlin.de/sen/wirtschaft/wirtschaftsrecht/vergabekammer/,,reviewer,,,,,,
78a13158-21b8-4927-8497-55f095cffba6,01,Gesundheitszentrum in Bad Waldliesborn GmbH,Berichtseinheit-ID 00009826,Lippstadt,59556,DEA5B,DEU,,,buyer,,pub-undert,,,,
78a13158-21b8-4927-8497-55f095cffba6,01,Vergabekammer Westfalen,05515-03004-07,Münster,48147,DEA33,DEU,,,reviewer,,,,,,
b74698a4-9f50-479c-b077-0a57c4ab0fb0,01,AOK Baden-Württemberg,DE168368778,Stuttgart,70191,DE111,DEU,,,buyer,,koerp-oer-land,,,,
b74698a4-9f50-479c-b077-0a57c4ab0fb0,01,Bundeskartellamt,t:0228-9499-0,Bonn,53113,DEA22,DEU,,,reviewer,,,,,,
af09e797-6292-421c-b943-41d89a98d88e,01,AOK Baden-Württemberg,DE168368778,Stuttgart,70191,DE111,DEU,,,buyer,,koerp-oer-land,,,,
af09e797-6292-421c-b943-41d89a98d88e,01,Bundeskartellamt,t:0228-9499-0,Bonn,53113,DEA22,DEU,,,reviewer,,,,,,
98597e19-5747-4c1b-988b-56cbc7418509,01,Gemeinde Albbruck,DE27ZZZ00000055646,Albbruck,79774,DE13A,DEU,https://www.albbruck.de,,buyer,,koerp-oer-kommun,,,,
98597e19-5747-4c1b-988b-56cbc7418509,01,BENDER HARRER KREVET,Amtsgericht Freiburg PR 700018,Freiburg,79098,DE131,DEU,https://bender-harrer.de,,serv-prov,,,,,,
98597e19-5747-4c1b-988b-56cbc7418509,01,Vergabekammer Baden-Württemberg,08-A9866-40,Karlsruhe,76137,DE122,DEU,https://rp.baden-wuerttemberg.de/rpk/abt1/ref15/,,reviewer,,,,,,
991c04fe-ca10-4e6b-9304-0ad31b4757ed,01,Verbandsgemeinde Rheinauen,t:623641820,Waldsee,67165,DEB3I,DEU,https://www.vg-rheinauen.de/,,buyer,,koerp-oer-kommun,,,,
991c04fe-ca10-4e6b-9304-0ad31b4757ed,01,Vergabekammer Rheinland-Pfalz,07-0001801100000-05,Mainz,55116,DEB35,DEU,https://mwtek.rlp.de/ministerium/zugeordnete-institutionen-1/vergabekammer,,reviewer,,,,,,
37cdd9a6-65fb-4c7d-b7f5-ad7c7befc670,01,Stadibau GmbH Gesellschaft für den Staatsbediensteten Wohnungsbau in Bayern mbH,DE129465401,München,80637,DE212,DEU,https://stadibau.bayern/,,buyer,https://plattform.aumass.de/Veroeffentlichung/av286ae2-eu,anst-oer-land,,,,
37cdd9a6-65fb-4c7d-b7f5-ad7c7befc670,01,"Vergabekammer Südbayern, 80538 München",DE 811335517,München,80538,DE212,DEU,https://www.regierung.oberbayern.bayern.de/ueber_uns/zentralezustaendigkeiten/vergabekammer-suedbayern/index.html,,reviewer,,,,,,
e7ffd4a2-72f0-4c60-b831-c4b32143062c,01,"Staatsbetrieb Sächsisches Immobilien- und Baumanagement, NL Dresden 2",233121477,Dresden,01067,DED21,DEU,https://www.sib.sachsen.de,,buyer,,,,,,
e7ffd4a2-72f0-4c60-b831-c4b32143062c,01,1. Vergabekammer des Freistaates Sachsen bei der Landesdirektion Sachsen,keine Angabe,Leipzig,04107,DED51,DEU,,,reviewer,,,,,,
e7ffd4a2-72f0-4c60-b831-c4b32143062c,01,Bau Dresden-Gruna GmbH,001863,Dresden,01237,DED21,DEU,,,tenderer,,,,,,
31a68589-dbd6-413e-9508-5e94c897fcc7,01,Stadt Düren,053580008008-31001-33,Düren,52349,DEA26,DEU,https://www.dueren.de,,buyer,,kommun-beh,,,,
31a68589-dbd6-413e-9508-5e94c897fcc7,01,Submissionsstelle,053580008008-31001-33,Düren,52349,DEA26,DEU,https://www.dueren.de,,,,,,,,
31a68589-dbd6-413e-9508-5e94c897fcc7,01,Vergabekammer Rheinland,05315-03002-81,Köln,50667,DEA23,DEU,https://www.bezreg-koeln.nrw.de/brk_internet/vergabekammer/index.html,,reviewer,,,,,,
9affc1f7-f387-4b6c-b221-a24ee46c41c6,01,DB Netz AG (Bukr 16),f45ee0d3-f9b6-44f0-846d-0c10b6f61a37,Frankfurt Main,60327,DE712,DEU,https://www.deutschebahn.com/bieterportal,,buyer,,,,,,
9affc1f7-f387-4b6c-b221-a24ee46c41c6,01,Vergabekammer des Bundes,0a9ea480-08e4-4ab6-bf12-d722d0ad54b6,Bonn,53113,DEA22,DEU,,,reviewer,,,,,,
9affc1f7-f387-4b6c-b221-a24ee46c41c6,01,BIEGE HLK Hamburg-Berlin c/o SPITZKE SE,af1b01c7-faf8-4366-bb8e-d6e1275a2588,Großbeeren,14979,DE40H,DEU,,,winner,,,,,,
6bbaf2c8-f9d8-42ff-8696-dff505cb0366,01,Bundesamt für Soziale Sicherung,DE450832239,Bonn,53113,DEA22,DEU,,,buyer,,omu-lbeh,,,,
6bbaf2c8-f9d8-42ff-8696-dff505cb0366,01,Vergabekammer des Bundes beim Bundeskartellamt,991-02380-92,Bonn,53113,DEA22,DEU,www.bundeskartellamt.de,,reviewer,,,,,,
46d59055-2d6b-4dd0-8259-86b3ae67397c,01,Land Berlin – Sondervermögen Immobilien des Landes Berlin (SILB) c/o BIM Berliner Immobilienmanagement GmbH,11-2200011000-02,Berlin,10178,DE300,DEU,https://www.bim-berlin.de,,buyer,,grp-p-aut,,,,
46d59055-2d6b-4dd0-8259-86b3ae67397c,01,BIM Berliner Immobilienmanagement GmbH,11-2100019001-07,Berlin,10178,DE300,DEU,https://www.bim-berlin.de,,serv-prov,,,,,,
46d59055-2d6b-4dd0-8259-86b3ae67397c,01,Vergabekammer des Landes Berlin,11-1300000V00-74,Berlin,10825,DE300,DEU,https://www.berlin.de/sen/wirtschaft/wirtschaft/wirtschaftsrecht/vergabekammer/,,reviewer,,,,,,
f03cd7a8-f967-4d6c-8ce7-8fdc0ed14af6,01,Landratsamt Ilm-Kreis,0087934254,Arnstadt,99310,DEG0T,DEU,,,buyer,,kommun-beh,,,,
f03cd7a8-f967-4d6c-8ce7-8fdc0ed14af6,01,Vergabekammer beim Thüringer Landesverwaltungsamt,(t)0361573321254,Weimar,99423,DEG05,DEU,,,reviewer,,,,,,
f03cd7a8-f967-4d6c-8ce7-8fdc0ed14af6,01,Vergabekammer Freistaat Thüringen,(t)0361573321254,Weimar,99423,DEG05,DEU,,,,,,,,,
f03cd7a8-f967-4d6c-8ce7-8fdc0ed14af6,01,Vergabekammer Freistaat Thüringen,(t)0361573321254,Weimar,99423,DEG05,DEU,,,mediator,,,,,,
3eb98c24-107b-4db4-9bc7-13790e23b295,01,Rems-Murr-Kliniken gGmbH,t:071955910,Winnenden,71634,DE116,DEU,,,buyer,,pub-undert-ra,,,,
3eb98c24-107b-4db4-9bc7-13790e23b295,01,Menold Bezler Rechtsanwälte Steuerberater Wirtschaftsprüfer Partnerschaft mbB,PR 155 (Registergericht Stuttgart),Stuttgart,70191,DE111,DEU,http://www.menoldbezler.de,,serv-prov,,,,,,
3eb98c24-107b-4db4-9bc7-13790e23b295,01,Vergabekammer Baden-Württemberg beim Regierungspräsidium Karlsruhe,08-A9866-40,Karlsruhe,76131,DE122,DEU,,,reviewer,,,,,,
d28f5c90-99bc-44f6-ab7f-b559d95655ec,01,"Staatsbetrieb Sächsisches Immobilien- und Baumanagement, NL Dresden 2",233121477,Dresden,01067,DED21,DEU,https://www.sib.sachsen.de,,buyer,,,,,,
d28f5c90-99bc-44f6-ab7f-b559d95655ec,01,1. Vergabekammer des Freistaates Sachsen bei der Landesdirektion Sachsen,keine Angabe,Leipzig,04107,DED51,DEU,,,reviewer,,,,,,
d28f5c90-99bc-44f6-ab7f-b559d95655ec,01,BplusL Infra Log GmbH,060174,Limbach-Oberfrohna,09212,DED42,DEU,,,tenderer,,,,,,
0ef9519d-3c29-4818-a4de-74d9d2fafdd5,01,Gemeinde Rosdorf,031590029029-0-18,Rosdorf,37124,DE91C,DEU,https://www.rosdorf.de,,buyer,https://www.rosdorf.de/wirtschaft-bauen/bauverwaltung/auftragsvergabe/,kommun-beh,,,,
0ef9519d-3c29-4818-a4de-74d9d2fafdd5,01,"Vergabekammer Niedersachsen beim Nds. Ministerium für Wirtschaft, Verkehr, Bauen und Digitalisierung",t:04131153308,Lüneburg,21339,DE935,DEU,,,,,,,,,
0ef9519d-3c29-4818-a4de-74d9d2fafdd5,01,"Vergabekammer Niedersachsen beim Nds. Ministerium für Wirtschaft, Verkehr, Bauen und Digitalisierung",t:04131153308.,Lüneburg,21339,DE935,DEU,,,reviewer,,,,,,
0ef9519d-3c29-4818-a4de-74d9d2fafdd5,01,RYMA Systembau GmbH,DE187518225,Duderstadt,37115,DE91C,DEU,http://ryma-s.de,,tenderer,,,,medium,DEU,False
01a0908b-72d0-4605-806b-700f82b26738,01,WIRO Wohnen in Rostock Wohnungsgesellschaft mbH,HRB 1229 (Amtsgericht Rostock),Rostock,18055,DE803,DEU,https://www.wiro.de/,,buyer,,pub-undert-ra,,,,
01a0908b-72d0-4605-806b-700f82b26738,01,Vergabekammer des Landes Mecklenburg-Vorpommern,VKMV-13-L50010000000-78,Schwerin,19053,DE804,DEU,,,reviewer,,,,,,
008cde4f-7c6c-45cd-8286-9111985fe572,01,Zentrum für Safe Sport e.V.,98005_10000399,Berlin,10117,DE300,DEU,,,buyer,https://www.pd-g.de/,org-sub,,,,
008cde4f-7c6c-45cd-8286-9111985fe572,01,Die Vergabekammern des Bundes,98137_10006373,Bonn,53123,DEA22,DEU,,,reviewer,,,,,,
008cde4f-7c6c-45cd-8286-9111985fe572,01,Zentrum für Safe Sport e.V.,98005_10000399,Berlin,10117,DE300,DEU,,,,,,,,,
4d70dd3a-19b8-45bb-8fe1-cc4dbf9f9bc0,01,Zweckverband Staatliche weiterführende Schulen im Südosten des Landkreises München (Schulzweckverband Südost),unbekannt1,Neubiberg,85579,DE21H,DEU,www.szv-m.de,,buyer,https://plattform.aumass.de/Veroeffentlichung/av286b62-eu,koerp-oer-kommun,,,,
4d70dd3a-19b8-45bb-8fe1-cc4dbf9f9bc0,01,Hitzler Ingenieure GmbH & Co. KG,unbekannt3,München,80807,DE212,DEU,,,,,,,,,
4d70dd3a-19b8-45bb-8fe1-cc4dbf9f9bc0,01,Vergabekammer Südbayern bei der Regierung von Oberbayern,0000,München,80538,DE212,DEU,https://www.regierung.oberbayern.bayern.de/,,reviewer,,,,,,
3b86fd33-00b9-40dd-8ca9-ceabce92d4f0,01,Deutsche Gesellschaft für Internationale Zusammenarbeit (GIZ) GmbH,993-80072-52,Eschborn,65760,DE71A,DEU,https://www.giz.de,,buyer,,pub-undert-cga,,,,
3b86fd33-00b9-40dd-8ca9-ceabce92d4f0,01,Vergabekammern des Bundes,022894990,Bonn,53113,DEA22,DEU,https://www.bundeskartellamt.de,,reviewer,,,,,,
fb31e81f-405c-4e29-a8ae-81702715ad54,01,Stadt Koblenz,071110000000-001-50,Koblenz,56068,DEB11,DEU,https://www.koblenz.de,,buyer,,kommun-beh,,,,
fb31e81f-405c-4e29-a8ae-81702715ad54,01,"Vergabekammer Rheinland-Pfalz beim Ministerium für Wirtschaft, Verkehr, Landwirtschaft und Weinbau",DE355604198,Mainz,55116,DEB35,DEU,,,reviewer,,,,,,
f9a8f375-5a0b-4757-8f63-3bb02d515e15,01,Universitätsmedizin Greifswald KöR,13-X19111018-22,Greifswald,17489,DE80N,DEU,https://www.unimedizin-greifswald.de,,buyer,,koerp-oer-land,,,,
f9a8f375-5a0b-4757-8f63-3bb02d515e15,01,"Geschäftsstelle der Vergabekammern beim Ministerium für Wirtschaft, Infrastruktur, Tourismus und Arbeit Mecklenburg-Vorpommern",VKMV-13-L50010000000-78,Schwerin,19053,DE804,DEU,http://www.regierung-mv.de,,reviewer,,,,,,
f3b9c031-9495-43d1-98ae-9b6965e5dcd5,01,Landkreis Schaumburg - Vergabestelle,DE116536965,Stadthagen,31655,DE928,DEU,http://www.schaumburg.de,,buyer,,koerp-oer-kommun,,,,
f3b9c031-9495-43d1-98ae-9b6965e5dcd5,01,"Vergabekammer Niedersachsen beim Nds. Ministerium für Wirtschaft, Arbeit, Verkehr und Digitalisierung",t:04131153308,Lüneburg,21339,DE935,DEU,http://www.mw.niedersachsen.de,,reviewer,,,,,,
c75374b3-68b2-4961-babf-eda69b82ddf5,01,Informationstechnikzentrum Bund (ITZBund),9911820259,Bonn,53175,DEA22,DEU,https://www.itzbund.de,,buyer,,kommun-beh,,,,
c75374b3-68b2-4961-babf-eda69b82ddf5,01,Vergabekammer des Bundes,t:022894990,Bonn,53113,DEA22,DEU,http://www.bundeskartellamt.de,,reviewer,,,,,,
eef2ee81-6ce1-44d3-a872-d7ef3172d45b,01,Hochschule Ruhr West Standort Mülheim an der Ruhr,05117-06001-21,Mülheim an der Ruhr,45479,DEA16,DEU,,,buyer,,koerp-oer-land,,,,
eef2ee81-6ce1-44d3-a872-d7ef3172d45b,01,Vergabekammer Westfalen,05515-03004-07,Münster,48147,DEA33,DEU,https://www.brms.nrw.de/verfahren-und-bekanntmachungen,,reviewer,,,,,,
72116ef8-f365-4654-a1ae-dad48639eca7,01,"Freistaat Bayern, vertreten durch das Logistikzentrum der Bayerischen Polizei (LZBP)",085676d6-6e27-4e44-9dc0-ee0fda4e9ef2,Hof,95030,DE244,DEU,https://www.auftraege.bayern.de,,buyer,,omu-lbeh,,,,
72116ef8-f365-4654-a1ae-dad48639eca7,01,Regierung von Mittelfranken - Vergabekammer Nordbayern,c0f12e87-76f1-4468-90ef-036d199560d7,Ansbach,91522,DE251,DEU,https://www.regierung.mittelfranken.bayern.de/service/vergabekammer/index.html,,reviewer,,,,,,
d6edcf37-85e7-4c5d-aadd-631777267c50,01,DB Station&Service AG (Bukr 11),1691faa3-330c-4d76-a952-fba98f1e87c3,Berlin,10557,DE300,DEU,http://www.deutschebahn.com/bieterportal,,buyer,,,,,,
d6edcf37-85e7-4c5d-aadd-631777267c50,01,Vergabekammer des Bundes,0a9ea480-08e4-4ab6-bf12-d722d0ad54b6,Bonn,53113,DEA22,DEU,,,reviewer,,,,,,
d6edcf37-85e7-4c5d-aadd-631777267c50,01,WERNER CONSULT Ziviltechniker GmbH,ab00459d-7968-4a5a-9082-403e3f55d497,Wien,1200,DE212,AUT,,,tenderer,,,,,,
1fae276e-8f0b-4dc6-86fe-d4f630f347b4,01,Westpfalz-Klinikum GmbH,DE 180151467,Kaiserslautern,67655,DEB32,DEU,https://westpfalz-klinikum.de/,,buyer,,pub-undert,,,,
1fae276e-8f0b-4dc6-86fe-d4f630f347b4,01,HSP Beratungsgesellschaft mbH,DE 239330327,Mülheim-Kärlich,56218,DEB17,DEU,https://www.hsp-gpc.de/,,serv-prov,,,,,,
1fae276e-8f0b-4dc6-86fe-d4f630f347b4,01,Vergabekammer Rheinland-Pfalz,DE355604198,Mainz,55116,DEB35,DEU,https://mwvlw.rlp.de/ministerium/zugeordnete-institutionen-1/vergabekammer,,reviewer,,,,,,
2127b926-d426-4e4b-903f-6ca78cf49240,01,Staatliches Hochbauamt Heidelberg,08-A7182-41,Heidelberg,69115,DE125,DEU,https://www.bundesbau-bw.de,,buyer,,omu-lbeh,,,,
2127b926-d426-4e4b-903f-6ca78cf49240,01,Vergabekammer des Bundes beim Bundeskartellamt,'----,Bonn,53123,DEA22,DEU,,,reviewer,,,,,,
2127b926-d426-4e4b-903f-6ca78cf49240,01,Staatliches Hochbauamt Heidelberg,'---,Heidelberg,69115,DE111,DEU,https://www.bundesbau-bw.de,,,,,,,,
b5167006-df6c-4516-b249-954d8e8f3df2,01,Landratsamt Main-Tauber-Kreis,00,Tauberbischofsheim,97941,DE11B,DEU,https://www.main-tauber-kreis.de,,buyer,https://www.vergabe24.de,kommun-beh,,,,
b5167006-df6c-4516-b249-954d8e8f3df2,01,Vergabekammer Baden-Württemberg Regierungspräsidium Karlsruhe,0725642,Karlsruhe,76137,DE122,DEU,,,reviewer,,,,,,
00645247-2a18-4009-8d3c-86d79b0008cd,01,Stadt Bamberg / Zentrale Beschaffungs- und Vergabestelle,3441,Bamberg,96049,DE241,DEU,https://www.stadt.bamberg.de/,,buyer,https://www.deutsche-evergabe.de,kommun-beh,,,,
00645247-2a18-4009-8d3c-86d79b0008cd,01,"Vergabekammer Nordbayern, Regierung von Mittelfranken",fbc07b44-8f1c-45f0-b9e8-4ba7f81043a5,Ansbach,91522,DE251,DEU,,,reviewer,,,,,,
41652100-e2a9-449d-b561-ec5cd19b8897,03,Stadtverwaltung Nordhausen - Rechtsamt und Beteiligungen / Vergabestelle,036316969498,Nordhausen,99734,DEG07,DEU,,,buyer,,kommun-beh,,,,
41652100-e2a9-449d-b561-ec5cd19b8897,03,"Thüringer Landesverwaltungsamt Weimar, Vergabekammer",01234569,Weimar,99423,DEG05,DEU,,,reviewer,,,,,,
afd9f95e-cfc5-4aa3-9657-683dc982242e,01,DB InfraGO AG – Geschäftsbereich Fahrweg (Bukr 16),fb197f94-7578-4673-8a57-4642ae120532,Frankfurt Main,60327,DE712,DEU,http://www.deutschebahn.com/bieterportal/,,buyer,,,,,,
afd9f95e-cfc5-4aa3-9657-683dc982242e,01,Vergabekammer des Bundes,0a9ea480-08e4-4ab6-bf12-d722d0ad54b6,Bonn,53113,DEA22,DEU,,,reviewer,,,,,,
afd9f95e-cfc5-4aa3-9657-683dc982242e,01,LEONHARD WEISS GmbH & Co. KG,9a9357bc-0f79-4735-bae8-7cd270aebe9e,Göppingen,73037,DE114,DEU,,,tenderer,,,,,,
bd789d45-0e90-47dc-bc95-938462f0599d,01,DB InfraGO AG – Geschäftsbereich Personenbahnhöfe (Bukr 11),a6ceb1fb-e3c6-459d-a608-8a792d7bf449,Berlin,10557,DE300,DEU,http://www.deutschebahn.com/bieterportal/,,buyer,,,,,,
bd789d45-0e90-47dc-bc95-938462f0599d,01,Vergabekammer des Bundes,0a9ea480-08e4-4ab6-bf12-d722d0ad54b6,Bonn,53113,DEA22,DEU,,,reviewer,,,,,,
bd789d45-0e90-47dc-bc95-938462f0599d,01,DB Engineering & Consulting GmbH,a91e16be-2254-4eae-8566-af3d9b6f5d9b,Berlin,10829,DE300,DEU,,,tenderer,,,,large,,
bd789d45-0e90-47dc-bc95-938462f0599d,01,eba-consult GmbH,60993a6d-8a24-4e6a-96cc-a8ffdd54da49,Bad Nauheim,61231,DE71E,DEU,,,tenderer,,,,medium,,
bd789d45-0e90-47dc-bc95-938462f0599d,01,gbl Gesellschaft für Bauüberwachung - und -logistik mbH,e5e2b3b1-6317-400e-8633-effb642b44ee,Delmenhorst,27753,DE941,DEU,,,tenderer,,,,large,,
bd789d45-0e90-47dc-bc95-938462f0599d,01,Maestral Gruppe GmbH,9c868a28-4383-49cc-baa5-5bb2e641aa8b,Frankfurt am Main,60327,DE712,DEU,,,tenderer,,,,large,,
9796d9b5-7bf5-46ad-8cfc-948b3723d87d,01,"Landeshauptstadt Stuttgart, Haupt- und Personalamt, Abt. Allgemeiner Service, Zentraler Einkauf",DE147793909,Stuttgart,70173,DE111,DEU,https://www.stuttgart.de,,buyer,,kommun-beh,,,,
9796d9b5-7bf5-46ad-8cfc-948b3723d87d,01,Vergabekammer Baden-Württemberg im Regierungspräsidium Karlsruhe,DE143845359,Karlsruhe,76131,DE122,DEU,https://www.rp-karlsruhe.de,,reviewer,,,,,,
9796d9b5-7bf5-46ad-8cfc-948b3723d87d,01,siehe Nachprüfungsstelle,DE143845359,Karlsruhe,76137,DE122,DEU,,,,,,,,,
c14fa2a8-76dc-437b-bf6c-bd43c83bb3c9,01,Stadt Trier,a3986a1e-f04a-4c29-9722-d22bec09d467,Trier,54290,DEB21,DEU,http://www.trier.de,,buyer,,kommun-beh,,,,
c14fa2a8-76dc-437b-bf6c-bd43c83bb3c9,01,"Ministerium für Wirtschaft, Tourismus, Energie und Klima",2ef520ea-8b6d-41c7-82ab-2d9be8ace693,Mainz,55116,DEB35,DEU,,,reviewer,,,,,,
c14fa2a8-76dc-437b-bf6c-bd43c83bb3c9,01,Stadtverwaltung Trier,36f8d8c8-f31c-4b41-81ef-1fd43d264e68,Trier,54290,DEB21,DEU,http://www.trier.de/,,,,,,,,
c14fa2a8-76dc-437b-bf6c-bd43c83bb3c9,01,Jens Dunkel Glas- und Bauelemente GmbH,1620d23c-58dd-499b-a057-765ab4429393,Burg,39288,DEE06,DEU,,,tenderer,,,,small,,
01a0a3d5-6165-4f32-aef7-aa42a53416f8,01,Dresden-IT GmbH,DE 228 383 793,Dresden,01129,DED21,DEU,www.dresden-it.de,,buyer,https://www.dresden-it.de/,anst-oer-kommun,,,,
f313e41a-4633-4ba7-b1be-e4a4adc5eb12,01,ProPotsdam GmbH vertreten durch ProPotsdam WOHNEN GmbH,HRB 1294 P,Potsdam,14469,DE404,DEU,https://www.ProPotsdam.de,,buyer,,pub-undert,,,,
f313e41a-4633-4ba7-b1be-e4a4adc5eb12,01,Vergabekammer des Landes Brandenburg beim Ministerium für Wirtschaft und Energie,t:03318661719,Potsdam,14473,DE404,DEU,https://mwae.brandenburg.de,,reviewer,,,,,,
f313e41a-4633-4ba7-b1be-e4a4adc5eb12,01,ETB Solution GmbH,HRB 31065,Lutherstadt Wittenberg,06886,DEE0E,DEU,,,tenderer,,,,small,DEU,False
77dd412a-f4af-4b1f-bc1b-77bcaf09e031,01,DB InfraGO AG – Geschäftsbereich Fahrweg (Bukr 16),fb197f94-7578-4673-8a57-4642ae120532,Frankfurt Main,60327,DE712,DEU,http://www.deutschebahn.com/bieterportal/,,buyer,,,,,,
77dd412a-f4af-4b1f-bc1b-77bcaf09e031,01,Vergabekammer des Bundes,0a9ea480-08e4-4ab6-bf12-d722d0ad54b6,Bonn,53113,DEA22,DEU,,,reviewer,,,,,,
77dd412a-f4af-4b1f-bc1b-77bcaf09e031,01,Adolf Lupp GmbH & Co. KG,1a53f8a0-5ae1-4353-a807-ea89c6819313,Nidda,63667,DE71E,DEU,,,tenderer,,,,,,
74213ead-8e86-41f8-b1d4-eff6c6ab222a,01,Große Kreisstadt Dippoldiswalde,14628060-SVO1-18,Dippoldiswalde,01744,DED2F,DEU,,,buyer,,kommun-beh,,,,
74213ead-8e86-41f8-b1d4-eff6c6ab222a,01,Landesdirektion Sachsen - Vergabekammer - Referat 38,keine Angaben,Leipzig,04107,DED51,DEU,,,reviewer,,,,,,
f67484c6-0ea9-45ec-98f4-f1afe4c46ecf,01,Verwaltungs-Berufsgenossenschaft (VBG) - Hauptverwaltung Hamburg,993-8002610800-34,Hamburg,22305,DE600,DEU,http://www.vbg.de,,buyer,http://www.dtvp.de,koerp-oer-bund,,,,
f67484c6-0ea9-45ec-98f4-f1afe4c46ecf,01,Vergabekammern des Bundes,0049 228-9499-0,Bonn,53113,DEA22,DEU,http://www.bundeskartellamt.de,,reviewer,,,,,,
f67484c6-0ea9-45ec-98f4-f1afe4c46ecf,01,Braun Gebäudedienste Berlin GmbH,DE455730177,Potsdam,14473,DE404,DEU,http://braun-gd.de,,tenderer,,,,small,DEU,False
f67484c6-0ea9-45ec-98f4-f1afe4c46ecf,01,RUWE GmbH,DE204115278,Berlin,13053,DE300,DEU,http://www.ruwe.de,,tenderer,,,,large,DEU,False
dc8a5290-a8f6-4e7a-93be-cc3b6edf7b7f,01,Bundesamt für Seeschifffahrt und Hydrographie,991-01889-13,Hamburg,20359,DE600,DEU,https://www.bsh.de,,buyer,,omu-bbeh-niedrig,,,,
dc8a5290-a8f6-4e7a-93be-cc3b6edf7b7f,01,Bundeskartellamt -Vergabekammer des Bundes-,'+492289499561,Bonn,53113,DEA22,DEU,http://www.bundeskartellamt.de,,reviewer,,,,,,
8712ead9-715a-4650-ab3e-b34384a3359a,01,"Stadt Frankfurt am Main, Gesundheitsamt",DE 114 110 388,Frankfurt am Main,60313,DE712,DEU,https://www.vergabe.stadt-frankfurt.de,,buyer,https://www.vergabe.stadt-frankfurt.de,kommun-beh,,,,
8712ead9-715a-4650-ab3e-b34384a3359a,01,Vergabekammern des Landes Hessen bei dem Regierungspräsidium Darmstadt,t:06151126603,Darmstadt,64283,DE711,DEU,,,reviewer,,,,,,
8712ead9-715a-4650-ab3e-b34384a3359a,01,"Stadt Frankfurt am Main, Gesundheitsamt",DE 114 110388,Frankfurt am Main,60313,DE712,DEU,https://www.vergabe.stadt-frankfurt.de,,,,,,,,
04f76f7a-e349-489a-a764-54850c2dea86,01,Klinikverbund Allgäu gGmbH,DE275663595,Kempten,87439,DE273,DEU,https://klinikverbund-allgaeu.de/standorte/kliniken/klinikum-immenstadt,,buyer,,org-sub,,,,
04f76f7a-e349-489a-a764-54850c2dea86,01,Vergabekammer Südbayern,DE811335517,München,80534,DE212,DEU,,,reviewer,,,,,,
04f76f7a-e349-489a-a764-54850c2dea86,01,Meixner-Partner Projektentwicklung Projektsteuerung GmbH,DE226852359,Augsburg,86161,DE271,DEU,https://www.meixner-partner.de/,,serv-prov,,,,,,
d3248030-a348-43c2-a9dd-1f1b9f890f0d,01,Deutsche Gesellschaft für Internationale Zusammenarbeit (GIZ) GmbH,993-80072-52,Eschborn,65760,DE71A,DEU,https://www.giz.de,,buyer,,pub-undert-cga,,,,
d3248030-a348-43c2-a9dd-1f1b9f890f0d,01,Vergabekammern des Bundes,022894990,Bonn,53113,DEA22,DEU,https://www.bundeskartellamt.de,,reviewer,,,,,,
58ff65ad-ad0d-43da-9705-373a3e18d3db,01,Zweckverband Schulzentrum,09-5001110-34,Hassfurt,97437,DE267,DEU,,,buyer,https://www.hassberge.de/,koerp-oer-kommun,,,,
58ff65ad-ad0d-43da-9705-373a3e18d3db,01,Vergabekammer Nordbayern,DE8111335517,Ansbach,91522,DE251,DEU,https://www.regierung.mittelfranken.bayern.de/service/vergabekammer/index.html,,reviewer,,,,,,
cd3f20d9-6470-470f-9daa-4132a2932046,01,Stadt Gunzenhausen,DE131948618,Gunzenhausen,91710,DE25C,DEU,https://www.gunzenhausen.de,,buyer,https://www.gunzenhausen.de/,kommun-beh,,,,
cd3f20d9-6470-470f-9daa-4132a2932046,01,Vergabekammer Nordbayern,09-0358002-61,Ansbach,91522,DE251,DEU,https://www.regierung.mittelfranken.bayern.de/,,reviewer,,,,,,
43f1eed3-92c4-4888-a2ae-b1de0485dec9,01,Salzlandkreis,DE309517036,Bernburg (Saale),06406,DEE0C,DEU,www.salzlandkreis.de,,buyer,,kommun-beh,,,,
43f1eed3-92c4-4888-a2ae-b1de0485dec9,01,1. und 2. Vergabekammer des Landes Sachsen-Anhalt,t: 03455141536,Halle (Saale),06112,DEE0C,DEU,,,reviewer,,,,,,
43f1eed3-92c4-4888-a2ae-b1de0485dec9,01,GRUBER Nutzfahrzeuge GmbH,DE141491860,Leipzig,04129,DED51,DEU,,,tenderer,,,,medium,DEU,False
cba98c7f-e41f-4ab9-81b8-7a3319fc583a,01,DB Station&Service AG,XXXX,Berlin,10557,DE300,DEU,,,reviewer,,,,,,
cba98c7f-e41f-4ab9-81b8-7a3319fc583a,01,euromicron Deutschland GmbH,DE167866115,Langenhagen,30853,DE929,DEU,,,tenderer,,,,,,
cba98c7f-e41f-4ab9-81b8-7a3319fc583a,01,Vergabekammer des Bundes beim Bundeskartellamt​,XX,Bonn,53113,DEA22,DEU,,,buyer,,,,,,
c76203cb-e304-450e-ab70-f351183aeb21,01,Kreis Offenbach - FD Gebäudewirtschaft,.,Dietzenbach,63128,DE71C,DEU,,,buyer,,kommun-beh,,,,
c76203cb-e304-450e-ab70-f351183aeb21,01,Vergabekammern des Landes Hessen bei dem Regierungspräsidium Darmstadt,t:06151126603,Darmstadt,64283,DE711,DEU,,,reviewer,,,,,,
c76203cb-e304-450e-ab70-f351183aeb21,01,Vergabekammern des Landes Hessen bei dem Regierungspräsidium Darmstadt,t:06151126603,Darmstadt,64283,DE711,DEU,,,,,,,,,
c76203cb-e304-450e-ab70-f351183aeb21,01,Vergabekammern des Landes Hessen bei dem Regierungspräsidium Darmstadt,t:06151126603,Darmstadt,64283,DE711,DEU,,,mediator,,,,,,
c0a87660-19a6-44c1-bbc8-c7fec1c7615d,01,Landkreis Friesland,UStID. DE254880523,Jever,26441,DE94A,DEU,https://www.friesland.de,,buyer,,kommun-beh,,,,
c0a87660-19a6-44c1-bbc8-c7fec1c7615d,01,"Vergabekammer Niedersachsen beim Nds. Ministerium für Wirtschaft, Verkehr, Bauen und Digitalisierung",T:04131153308,Lüneburg,21339,DE935,DEU,https://mw.niedersachsen.de,,reviewer,,,,,,
43e6cc1d-3b21-45dd-9238-1a0c606cbdac,01,"Stadt Duisburg, Sondervermögen-Immobilien Duisburg (SVI), vertreten durch die Wirtschaftsbetriebe Duisburg AöR",DE252359155,Duisburg,47059,DEA12,DEU,https://www.wb-duisburg.de,,buyer,,anst-oer-kommun,,,,
43e6cc1d-3b21-45dd-9238-1a0c606cbdac,01,Vergabekammer Westfalen,05315-03002-81,Münster,48147,DEA33,DEU,https://www.bezreg-muenster.de/themen/wirtschaft-kultur-und-kommunales/vergabekammer-westfalen,,reviewer,,,,,,
43e6cc1d-3b21-45dd-9238-1a0c606cbdac,01,HENNIG Ingenieure GmbH,0209/318000,Gelsenkirchen,45894,DEA32,DEU,http://www.hennig-ing.de,,tenderer,,,,small,DEU,False
6f3b35b2-71c9-4abb-a5de-426cf16e85d8,01,Stadt Leverkusen,05316-31001-10,Leverkusen,51373,DEA24,DEU,http://www.leverkusen.de,,buyer,,,,,,
6f3b35b2-71c9-4abb-a5de-426cf16e85d8,01,Vergabekammer Rheinland bei der Bezirksregierung Köln,05315-03002-81,Köln,50669,DEA23,DEU,,,reviewer,,,,,,
6f3b35b2-71c9-4abb-a5de-426cf16e85d8,01,D&W Fliesenfachbetrieb UG,HRB 79809,Düsseldorf,40225,DEA11,DEU,,,tenderer,,,,,,
81db0040-7ed0-434a-947e-7113d2568512,01,Wasserstraßen- und Schifffahrtsamt Weser - Jade - Nordsee,0204:991-00600-97,Bremen,28199,DE501,DEU,https://www.wsv.de,,buyer,https://www.evergabe-online.de,omu-bbeh,,,,
81db0040-7ed0-434a-947e-7113d2568512,01,"Bundeskartellamt
– Vergabekammer des Bundes –",t:022894990,Bonn,53113,DEA22,DEU,https://www.bundeskartellamt.de,,reviewer,,,,,,
7ee8c71e-6e5c-48b4-bbd0-68c027e3724d,01,Landkreis Bad Dürkheim,073320000000-001-58,Bad Dürkheim,67098,DEB3C,DEU,https://www.kreis-bad-duerkheim.de,,buyer,,kommun-beh,,,,
7ee8c71e-6e5c-48b4-bbd0-68c027e3724d,01,Webeler Rechtsanwälte,DE203132968,Koblenz,56068,DEB11,DEU,http://www.webeler-rechtsanwaelte.de,,serv-prov,,,,,,
7ee8c71e-6e5c-48b4-bbd0-68c027e3724d,01,"Vergabekammer Rheinland-Pfalz Ministerium für Wirtschaft, Verkehr, Landwirtschaft und Weinbau",DE355604198,Mainz,55116,DEB35,DEU,,,reviewer,,,,,,
7ee8c71e-6e5c-48b4-bbd0-68c027e3724d,01,Ingenieurbüro Schallmaier,DE273877896,Pirmasens,66955,DEB37,DEU,,,tenderer,,,,micro,DEU,False
252e2ba7-7660-4d37-a9f0-0247365d28f8,01,Bayerisches Landesamt für Umwelt,5afc89e6-a3e7-4ae4-9230-17a75eeb3c63,Augsburg,86179,DE271,DEU,https://www.lfu.bayern.de,,buyer,,omu-lbeh,,,,
252e2ba7-7660-4d37-a9f0-0247365d28f8,01,Regierung von Mittelfranken - Vergabekammer Nordbayern,c0f12e87-76f1-4468-90ef-036d199560d7,Ansbach,91522,DE251,DEU,https://www.regierung.mittelfranken.bayern.de/service/vergabekammer/index.html,,reviewer,,,,,,
252e2ba7-7660-4d37-a9f0-0247365d28f8,01,Bayerisches Landesamt für Umwelt (Hof),16171123-8fff-438a-be14-5d81ae12bd4d,Hof,95030,DE244,DEU,https://www.lfu.bayern.de,,,,,,,,
470072e8-59d4-460e-83d7-7ef747d9690f,01,SEFE Energy Holding GmbH,DE 240331955,Kassel,34117,DE731,DEU,,,buyer,,,,,,
470072e8-59d4-460e-83d7-7ef747d9690f,01,hpm Henkel Projektmanagement GmbH,DE291907375,Dresden,01159,DED21,DEU,,,serv-prov,,,,,,
470072e8-59d4-460e-83d7-7ef747d9690f,01,SEFE Securing Energy for Europe GmbH,DE137188798,Berlin,10969,DE300,DEU,https://www.sefe.eu/de/,,,,,,,,
470072e8-59d4-460e-83d7-7ef747d9690f,01,1. und 2. Vergabekammer bei dem Regierungspräsidium Darmstadt,06151 126603,Darmstadt,64283,DE711,DEU,,,reviewer,,,,,,
c3a9b49a-2f04-4f8c-8eb2-c8341bbafabe,01,Staatliches Bauamt Ingolstadt,09-0991208-91,Ingolstadt,85049,DE211,DEU,,,serv-prov,https://vergabe.bayern.de,omu-lbeh,,,,
c3a9b49a-2f04-4f8c-8eb2-c8341bbafabe,01,Vergabekammer des Bundes am Bundeskartellamt,991-02380-92,Bonn,53113,DEA22,DEU,,,reviewer,,,,,,
c3a9b49a-2f04-4f8c-8eb2-c8341bbafabe,01,Staatliches Bauamt Ingolstadt-Vergabestelle,t:084193460,Ingolstadt,85049,DE211,DEU,,,,,,,,,
2339bde4-829b-43aa-b216-c75c2496c85f,01,Stadt Rheine,055660076076-31001-06,Rheine,48431,DEA37,DEU,,,buyer,,kommun-beh,,,,
2339bde4-829b-43aa-b216-c75c2496c85f,01,Vergabekammer Westfalen bei der Bezirksregierung Münster,05515-03004-07,Münster,48147,DEA33,DEU,https://www.bezreg-muenster.de,,reviewer,,,,,,
2339bde4-829b-43aa-b216-c75c2496c85f,01,J.R. Gruppe GmbH,HRB 16006 Coesfeld,Coesfeld,48653,DEA35,DEU,http://www.jr-gruppe.com,,tenderer,,,,small,DEU,False
f543cff6-5e02-459b-9d43-6a78f2f61da8,01,Stadt Bad Neuenahr-Ahrweiler,071310007007-001-84,Bad Neuenahr-Ahrweiler,53474,DEB12,DEU,http://www.bad-neuenahr-ahrweiler.de,,buyer,,kommun-beh,,,,
f543cff6-5e02-459b-9d43-6a78f2f61da8,01,Webeler Rechtsanwälte,DE203132968,Koblenz,56068,DEB11,DEU,http://www.webeler-rechtsanwaelte.de,,serv-prov,,,,,,
f543cff6-5e02-459b-9d43-6a78f2f61da8,01,"Vergabekammer Rheinland-Pfalz Ministerium für Wirtschaft, Verkehr, Landwirtschaft und Weinbau",DE355604198,Mainz,55116,DEB35,DEU,,,reviewer,,,,,,
f543cff6-5e02-459b-9d43-6a78f2f61da8,01,Bodenmechanisches Labor Gumm,DE185942498,Laufersweiler,55487,DEB1D,DEU,http://labor-gumm.de,,tenderer,,,,small,DEU,False
97e862d6-eeca-4870-8e35-1ec6806240b8,01,Landkreis Elbe-Elster,12-12992262153879-70,Herzberg/Elster,04916,DE407,DEU,,,buyer,,kommun-beh,,,,
97e862d6-eeca-4870-8e35-1ec6806240b8,01,"Vergabekammer des Landes Brandenburg beim Ministerium für Wirtschaft, Arbeit und Energie",t:03318661719,Potsdam,14473,DE404,DEU,,,reviewer,,,,,,
fae26baa-4795-4ee7-95a1-db6fa841d07a,01,Landesamt für Umwelt,12-121304900588392-28,Potsdam OT Groß Glienicke,14476,DE404,DEU,https://lfu.brandenburg.de,,buyer,,omu-lbeh,,,,
fae26baa-4795-4ee7-95a1-db6fa841d07a,01,Landesamt für Umwelt,12-121304900588392-28,Potsdam OT Groß Glienicke,14476,DE404,DEU,https://lfu.brandenburg.de,,,,,,,,
fae26baa-4795-4ee7-95a1-db6fa841d07a,01,Vergabekammer des Landes Brandenburg beim Ministerium für Wirtschaft und Energie,t:03318661719,Potsdam,14473,DE404,DEU,https://mwaek.brandenburg.de/de/vergabekammer-nachpr%C3%BCfungsverfahren/bb1.c.478846.de,,reviewer,,,,,,
fae26baa-4795-4ee7-95a1-db6fa841d07a,01,"Ministerium für Land- und Ernährungswirtschaft, Umwelt und Verbraucherschutz (MLEUV) des Landes Brandenburg",t:03318667237,Potsdam,14467,DE404,DEU,https://mleuv.brandenburg.de/mleuv/de/,,mediator,,,,,,
ad444921-a025-4950-b270-afc0dd34dd39,01,Gemeinde Kressbronn a. B.,andreas.wenzler@kressbronn.de,Kressbronn a. B.,88079,DE147,DEU,https://www.kressbronn.de,,buyer,,kommun-beh,,,,
ad444921-a025-4950-b270-afc0dd34dd39,01,Vergabekammer Baden-Württemberg beim Regierungspräsidium Karlsruhe,/,Karlsruhe,76131,DE122,DEU,,,reviewer,,,,,,
b86b2a2d-f22f-4843-9c9e-47873e5a5838,01,"Sondervermögen Infrastruktur der Stadtgemeinde Bremen, vertreten durch das Amt für Straßen und Verkehr",04011000-601XASV-76,Bremen,28195,DE501,DEU,https://www.asv.bremen.de,,buyer,https://vergabe.bremen.de,kommun-beh,,,,
b86b2a2d-f22f-4843-9c9e-47873e5a5838,01,"Vergabekammer Bremen, Die Senatorin für Bau, Mobilität und Stadtentwicklung",040111000-680-57,Bremen,28195,DE501,DEU,https://bau.bremen.de/ressort/vergabekammer-3529,,reviewer,,,,,,
b86b2a2d-f22f-4843-9c9e-47873e5a5838,01,"Vergabekammer Bremen, Die Senatorin für Bau, Mobilität und Stadtentwicklung",040111000-680-57,Bremen,28195,DE501,DEU,https://bau.bremen.de/ressort/vergabekammer-3529,,,,,,,,
b86b2a2d-f22f-4843-9c9e-47873e5a5838,01,"Vergabekammer Bremen, Die Senatorin für Bau, Mobilität und Stadtentwicklung",040111000-680-57,Bremen,28195,DE501,DEU,https://bau.bremen.de/ressort/vergabekammer-3529,,mediator,,,,,,
5d148dca-836a-4cbe-8ad5-ef933ebbaa3b,01,50Hertz Transmission GmbH: Vertragsschließende Einheit / Auftraggeber (Contracting Entity) für Lots 1–5,DE813473551,Berlin,10825,DE300,DEU,http://www.50hertz.com,,buyer,https://www.50hertz.com,spec-rights-entity,,,,
5d148dca-836a-4cbe-8ad5-ef933ebbaa3b,01,Elia Asset S.A.: Vertragsschließende Einheit / Auftraggeber (Contracting Entity) für Lot 6,BE0XXXXXXXXX (Elia Asset S.A.),Brussels,1000,BE100,BEL,https://www.eliagroup.eu/,,buyer,https://www.eliagroup.eu,spec-rights-entity,,,,
fddd9d32-d79e-4c0e-b40e-8d14b7ca2629,01,Stadt Ulm - Zentrale Vergabestelle Liefer- und Dienstleistungen,08421000-A3943-20,Ulm,89073,DE144,DEU,https://www.ulm.de,,buyer,https://www.ulm.de,kommun-beh,,,,
fddd9d32-d79e-4c0e-b40e-8d14b7ca2629,01,Vergabekammer Baden-Württemberg beim Regierungspräsidium Karlsruhe,08-A9866-40,Karlsruhe,76137,DE122,DEU,https://rp.baden-wuerttemberg.de/rpk/abt1/ref15/,,reviewer,,,,,,
fddd9d32-d79e-4c0e-b40e-8d14b7ca2629,01,Elis Textilmanagement GmbH,DE 156 830 402,Hamburg,22761,DE600,DEU,,,winner,,,,large,DEU,
d4619e7b-8b9e-4a4f-a8e2-fa3fbe3dcb44,01,Bezirksamt Reinickendorf von Berlin,DE813615006,Berlin,13437,DE300,DEU,,,buyer,,kommun-beh,,,,
d4619e7b-8b9e-4a4f-a8e2-fa3fbe3dcb44,01,Vergabekammer des Landes Berlin,11-1300000V00-74,Berlin,10825,DE300,DEU,https://www.berlin.de/sen/wirtschaft/wirtschaftsrecht/vergabekammer/,,reviewer,,,,,,
d4619e7b-8b9e-4a4f-a8e2-fa3fbe3dcb44,01,Drees & Sommer SE,DE153533335,Berlin,10717,DE300,DEU,,,winner,,,,medium,DEU,
7b584af3-cd7a-4fa9-be87-2fa6755c77f4,01,Stadt Rheine,055660076076-31001-06,Rheine,48431,DEA37,DEU,,,buyer,,kommun-beh,,,,
7b584af3-cd7a-4fa9-be87-2fa6755c77f4,01,Vergabekammer Westfalen bei der Bezirksregierung Münster,05515-03004-07,Münster,48147,DEA33,DEU,https://www.bezreg-muenster.de,,reviewer,,,,,,
7b584af3-cd7a-4fa9-be87-2fa6755c77f4,01,Keller Grundbau GmbH,HRB 3417 Bochum,Bochum,44866,DEA51,DEU,https://www.kellergrundbau.de/,,tenderer,,,,medium,DEU,False
c4e11c05-c40c-401c-b0f0-a479f42067b7,01,"Technische Universität Braunschweig, Geschäftsbereich 3 - Gebäudemanagement",03-0141322300-66,Braunschweig,38106,DE911,DEU,https://www.tu-braunschweig.de/,,buyer,https://www.tu-braunschweig.de/gb3/fb1/abt39,koerp-oer-land,,,,
c4e11c05-c40c-401c-b0f0-a479f42067b7,01,"Vergabekammer Niedersachsen beim Nds. Ministerium für Wirtschaft, Arbeit, Verkehr und Digitalisierung",'+49 4131153308,Lüneburg,21339,DE935,DEU,,,reviewer,,,,,,
c4e11c05-c40c-401c-b0f0-a479f42067b7,01,ASGE Rümenapp Metallbaugesell. mbH,DE 200477828,Langelsheim,38685,DE916,DEU,http://www.ruemenapp-metallbau.de,,tenderer,,,,small,DEU,False
193c6052-b39c-4044-9fec-9669ee69dfd8,01,"Bundesanstalt für Immobilienaufgaben, vertreten durch den Landesbetrieb Bau und Immobilien Hessen, Zentrale Vergabe",wird bei Auftragserteilung mitgeteilt,Bad Nauheim,61231,DE71E,DEU,https://vergabe.hessen.de,,buyer,,koerp-oer-bund,,,,
193c6052-b39c-4044-9fec-9669ee69dfd8,01,"Bundeskartellamt, Vergabekammern des Bundes",nicht erforderlich,Bonn,53113,DEA22,DEU,,,reviewer,,,,,,
193c6052-b39c-4044-9fec-9669ee69dfd8,01,EFA-Dachbau GmbH,DE323974132,Zwickau,08058,DED45,DEU,,,tenderer,,,,small,,False
2e8cce13-269e-4558-8b56-8c992ec1e00b,01,Kreisstadt Unna - Zentrale Vergabestelle,059780036036-31001-48,Unna,59423,DEA5C,DEU,https://www.unna.de/,,buyer,,kommun-beh,,,,
2e8cce13-269e-4558-8b56-8c992ec1e00b,01,"Vergabekammer Westfalen, Bezirksregierung Münster",05515-03004-07,Münster,48147,DEA33,DEU,http://www.bezreg-muenster.de,,,,,,,,
2e8cce13-269e-4558-8b56-8c992ec1e00b,01,"Vergabekammer Westfalen, Bezirksregierung Münster",05515-03004-07,Münster,48147,DEA33,DEU,http://www.bezreg-muenster.de,,reviewer,,,,,,
8ec97d74-8d96-4e6a-a0e8-c75d7647570b,01,DB InfraGO AG – Geschäftsbereich Fahrweg (Bukr 16),fb197f94-7578-4673-8a57-4642ae120532,Frankfurt Main,60327,DE712,DEU,http://www.deutschebahn.com/bieterportal/,,buyer,,,,,,
8ec97d74-8d96-4e6a-a0e8-c75d7647570b,01,Vergabekammer des Bundes,0a9ea480-08e4-4ab6-bf12-d722d0ad54b6,Bonn,53113,DEA22,DEU,,,reviewer,,,,,,
8ec97d74-8d96-4e6a-a0e8-c75d7647570b,01,DB RegioNetz Infrastruktur GmbH (Bukr 76),f9b97d37-924b-40d5-8c92-7485719515e1,Frankfurt am Main,60486,DE712,DEU,http://www.deutschebahn.com/bieterportal,,buyer,,,,,,
90f332ed-04ca-467f-9af8-5e6e8e9ac165,01,Vitos gGmbH für Vitos Gießen-Marburg gGmbH,DE444761104,Gießen,35394,DE724,DEU,https://www.vitos.de,,buyer,https://vitos.de,pub-undert,,,,
90f332ed-04ca-467f-9af8-5e6e8e9ac165,01,Vergabekammer des Landes Hessen beim Regierungspräsidium Darmstadt,t:06151126603,Darmstadt,64283,DE711,DEU,,,reviewer,,,,,,
3c3b2519-5588-45d3-a0ca-9d0e5dada4ce,01,"Landratsamt Meißen, Rechts- und Kommunalamt, Vergabestelle",DE270916968,Meißen,01662,DED2E,DEU,https://www.kreis-meissen.org,,buyer,,kommun-beh,,,,
3c3b2519-5588-45d3-a0ca-9d0e5dada4ce,01,1. Vergabekammer des Freistaates Sachsen,DE287064009,Leipzig,04107,DED51,DEU,,,reviewer,,,,,,
3c3b2519-5588-45d3-a0ca-9d0e5dada4ce,01,.,.,.,.,DED2E,DEU,,,,,,,,,
3c3b2519-5588-45d3-a0ca-9d0e5dada4ce,01,Bau Kaltenberg GmbH,DE288317617,Leipzig,04347,DED51,DEU,,,tenderer,,,,medium,,False
fe0bd50e-647d-4bce-916a-4be5863cb38a,01,Bau- und Liegenschaftsbetrieb NRW Duisburg,05111-32003-71,Duisburg,47057,DEA12,DEU,http://www.blb.nrw.de,,buyer,,omu-lbeh,,,,
fe0bd50e-647d-4bce-916a-4be5863cb38a,01,Bau- und Liegenschaftsbetrieb NRW - Justiziariat,05111-32003-71,Düsseldorf,40470,DEA11,DEU,,,reviewer,,,,,,
fe0bd50e-647d-4bce-916a-4be5863cb38a,01,Vergabekammer Westfalen,05515-03004-07,Münster,48147,DEA33,DEU,https://www.bezreg-muenster.de/de/wirtschaft_finanzen_kommunalaufsicht/vergabekammer_westfalen/zustaendigkeit_vergabekammer/index.html,,mediator,,,,,,
8bc44cd7-7b10-4f1d-84b6-c2b84c99bd77,01,Die Autobahn GmbH des Bundes,USt-ID DE329214156,Berlin,10557,DE300,DEU,https://www.autobahn.de,,buyer,https://vergabe.autobahn.de,pub-undert,,,,
8bc44cd7-7b10-4f1d-84b6-c2b84c99bd77,01,Bundeskartellamt - Vergabekammern des Bundes,N.N.,Bonn,53113,DEA22,DEU,https://www.bundeskartellamt.de/DE/Vergaberecht/vergaberecht_node.html,,reviewer,,,,,,
8bc44cd7-7b10-4f1d-84b6-c2b84c99bd77,01,Die Autobahn GmbH des Bundes,USt.-ID DE329214156,Berlin,10557,DE300,DEU,https://www.autobahn.de,,,,,,,,
8bc44cd7-7b10-4f1d-84b6-c2b84c99bd77,01,Die Autobahn GmbH des Bundes,USt. ID DE329214156,Berlin,10557,DE300,DEU,https://www.autobahn.de,,mediator,,,,,,
8bc44cd7-7b10-4f1d-84b6-c2b84c99bd77,01,people2systems,63549712485,Hamburg,22767,DE600,DEU,,,tenderer,,,,micro,,False
e9684303-556d-4be9-b2f7-525e90f7aa61,01,St. Elisabeth-Hospital Beckum GmbH,DE233207393,Beckum,59269,DEA38,DEU,,,buyer,,org-sub,,,,
e9684303-556d-4be9-b2f7-525e90f7aa61,01,Vergabekammer Westfalen - Bezirksregierung Münster,DE 164 242 157,Münster,48147,DEA33,DEU,https://www.bezreg-muenster.de,,reviewer,,,,,,
39451e83-34bc-4104-841d-204bcaf0bfb1,01,Ahrtal Marketing GmbH,DE292108651,Bad Neuenahr-Ahrweiler,53474,DEB12,DEU,http://www.ahrtal.de,,buyer,,pub-undert-ra,,,,
39451e83-34bc-4104-841d-204bcaf0bfb1,01,Webeler Rechtsanwälte,DE203132968,Koblenz,56068,DEB11,DEU,http://www.webeler-rechtsanwaelte.de,,serv-prov,,,,,,
39451e83-34bc-4104-841d-204bcaf0bfb1,01,"Vergabekammer Rheinland-Pfalz Ministerium für Wirtschaft, Verkehr, Landwirtschaft und Weinbau",DE355604198,Mainz,55116,DEB35,DEU,,,reviewer,,,,,,
39451e83-34bc-4104-841d-204bcaf0bfb1,01,Rudolf Fritz GmbH,DE286051852,Rüsselsheim,65428,DE717,DEU,http://www.rudolf-fritz.de,,tenderer,,,,large,DEU,False
08738828-2406-4dee-b294-31c6c16f7568,01,"Landeshauptstadt Dresden, GB Arbeit, Soziales, Gesundheit und Wohnen, Städtisches Klinikum Dresden",604f1345-9689-455d-ad95-94503b07c564,Dresden,01067,DED21,DEU,https://www.dresden.de,,buyer,https://www.dresden.de,kommun-beh,,,,
08738828-2406-4dee-b294-31c6c16f7568,01,"(via https://www.evergabe.de) Landeshauptstadt Dresden, Zentrales Vergabebüro",siehe Identifikationsnummer Beschaffer,Dresden,01001,DED21,DEU,https://www.dresden.de,,,,,,,,
08738828-2406-4dee-b294-31c6c16f7568,01,1. Vergabekammer des Freistaates Sachsen bei der Landesdirektion Sachsen,entfällt,Leipzig,04107,DED51,DEU,,,reviewer,,,,,,
08738828-2406-4dee-b294-31c6c16f7568,01,"Landeshauptstadt Dresden, GB Wirtschaft, Digitales, Personal und Sicherheit, Zentrales Vergabebüro",siehe Identifikationsnr. Beschaffer,Dresden,01001,DED21,DEU,https://www.dresden.de,,,,,,,,
08738828-2406-4dee-b294-31c6c16f7568,01,PAUL HARTMANN AG,DE145566683,Heidenheim,89522,DE11C,DEU,,,tenderer,,,,large,DEU,False
08738828-2406-4dee-b294-31c6c16f7568,01,Medline International Germany GmbH,DE120052313,Kleve,47533,DEA1B,DEU,,,tenderer,,,,large,DEU,False
08738828-2406-4dee-b294-31c6c16f7568,01,Lohmann und Rauscher GmbH & Co. KG,DE194997250,Neuwied,56567,DEB18,DEU,,,tenderer,,,,large,DEU,False
fffa5d0a-0257-4e98-b6e8-6a182061357d,01,Stadtwerke Schwerin GmbH (SWS),HRB 1603,Schwerin,19092,DE804,DEU,https://www.stadtwerke-schwerin.de/,,buyer,https://dtvp.de/,pub-undert-ra,,,,
fffa5d0a-0257-4e98-b6e8-6a182061357d,01,Vergabekammer Mecklenburg-Vorpommern,keine Angabe,Schwerin,19053,DE804,DEU,https://www.regierung-mv.de/Landesregierung/wm/Das-Ministerium/Vergabekammern/,,reviewer,,,,,,
fffa5d0a-0257-4e98-b6e8-6a182061357d,01,TuK - Tief- und Kulturbau GmbH,Schwerin HRB 1283,Schwerin,19061,DE804,DEU,http://www.tuk-schwerin.de,,tenderer,,,,large,DEU,False
b6497276-a5eb-4c66-ac56-f86604960788,01,"Stadt Bochum, Referat Zentrale Vergabestelle",05911-31001-89,Bochum,44787,DEA51,DEU,,,buyer,,kommun-beh,,,,
b6497276-a5eb-4c66-ac56-f86604960788,01,Vergabekammer Westfalen bei der Bezirksregierung Münster,05515-03004-07,Münster,48147,DEA33,DEU,,,reviewer,,,,,,
ca24ac0c-3c27-491e-a1e7-908958fd804d,01,Technische Betriebe Rheine,055660076076-31001-06,Rheine,48431,DEA37,DEU,,,buyer,,kommun-beh,,,,
ca24ac0c-3c27-491e-a1e7-908958fd804d,01,Vergabekammer Westfalen bei der Bezirksregierung Münster,05515-03004-07,Münster,48147,DEA33,DEU,https://www.bezreg-muenster.de,,reviewer,,,,,,
ca24ac0c-3c27-491e-a1e7-908958fd804d,01,Terberg HS GmbH,HRB205736,Emstek,49685,DE948,DEU,http://www.terberg-hs.com,,tenderer,,,,medium,DEU,False
9847632d-4a97-4aaa-ad2a-30e63db92be3,01,Bundesinstitut für Berufsbildung (BIBB),992-05932-30,Bonn,53113,DEA22,DEU,,,buyer,,org-sub,,,,
9847632d-4a97-4aaa-ad2a-30e63db92be3,01,Vergabekammer des Bundes beim Bundeskartellamt,0228 9499-0,Bonn,53123,DEA22,DEU,,,reviewer,,,,,,
01a0a444-1c07-471e-b755-941f4becd2ee,01,Sächsische Binnenhäfen Oberelbe GmbH,Ust-ID: DE140300361,Dresden,01067,DED21,DEU,,,buyer,,,,,,
01a0a444-1c07-471e-b755-941f4becd2ee,01,LISt Gesellschaft für Verkehrswesen und ingenieurtechnische Dienstleistungen mbH,14-0706002LASUV07-27,Hainichen,09661,DED43,DEU,,,,,,,,,
01a0a444-1c07-471e-b755-941f4becd2ee,01,1. Vergabekammer des Freistaates Sachsen bei der Landesdirektion Sachsen,DE287064009,Leipzig,04107,DED51,DEU,https://www.lds.sachsen.de,,reviewer,,,,,,
c5130c2b-46f7-4e0e-9809-68b19283cd29,01,HIL Heeresinstandsetzungslogistik GmbH,992-80013-14,Bonn,53123,DEA22,DEU,,,buyer,,,,,,
c5130c2b-46f7-4e0e-9809-68b19283cd29,01,Bundeskartellamt Vergabekammer des Bundes,t:022894990,Bonn,53113,DEA22,DEU,https://www.bundeskartellamt.de/,,reviewer,,,,,,
7267f9d3-1956-47a5-82d7-7d2d914a3ec0,01,Technische Universität München,09-1512011-61,München,80333,DE212,DEU,,,buyer,,omu-lbeh,,,,
7267f9d3-1956-47a5-82d7-7d2d914a3ec0,01,Regierung von Oberbayern Vergabekammer Südbayern,09-0318006-60,München,80534,DE212,DEU,https://www.regierung.oberbayern.bayern.de/ueber_uns/zentralezustaendigkeiten/vergabekammer-suedbayern/,,reviewer,,,,,,
f38209f9-e539-4f4b-a401-83eb750ae9df,01,Klinikverbund Südwest gGmbH im Namen und auf Rechnung für den Eigenbetrieb Gebäudemanagement des Landkreises Böblingen,DE145047086,Böblingen,71034,DE112,DEU,https://www.klinikverbund-suedwest.de,,buyer,https://www.klinikverbund-suedwest.de,pub-undert-ra,,,,
f38209f9-e539-4f4b-a401-83eb750ae9df,01,Vergabekammer Baden-Württemberg im Regierungspräsidium Karlsruhe,08-A9866-40,Karlsruhe,76137,DE122,DEU,https://rp.baden-wuerttemberg.de/rpk/Abt1/Ref15/Seiten/default.aspx,,reviewer,,,,,,
f38209f9-e539-4f4b-a401-83eb750ae9df,01,Hans Herthneck Garten- und Landschaftsbau e.K.,HRA 10444,Stuttgart,70569,DE111,DEU,,,tenderer,,,,small,DEU,False
1594f91b-44f6-456a-a325-ad98833404bc,01,Kreis Offenbach - FD Gebäudewirtschaft,.,Dietzenbach,63128,DE71C,DEU,,,buyer,,kommun-beh,,,,
1594f91b-44f6-456a-a325-ad98833404bc,01,Vergabekammern des Landes Hessen bei dem Regierungspräsidium Darmstadt,t:06151126603,Darmstadt,64283,DE711,DEU,,,reviewer,,,,,,
1594f91b-44f6-456a-a325-ad98833404bc,01,Vergabekammern des Landes Hessen bei dem Regierungspräsidium Darmstadt,t:06151126603,Darmstadt,64283,DE711,DEU,,,,,,,,,
1594f91b-44f6-456a-a325-ad98833404bc,01,Vergabekammern des Landes Hessen bei dem Regierungspräsidium Darmstadt,t:06151126603,Darmstadt,64283,DE711,DEU,,,mediator,,,,,,
0430fc54-6625-452c-aaf0-0a8cbd97d010,01,DB Fernverkehr AG (Bukr 13),2ae75dcf-a462-419c-8753-8b96ab91631d,Frankfurt Main,60486,DE712,DEU,http://www.deutschebahn.com/bieterportal,,buyer,,,,,,
0430fc54-6625-452c-aaf0-0a8cbd97d010,01,Vergabekammer des Bundes,0a9ea480-08e4-4ab6-bf12-d722d0ad54b6,Bonn,53113,DEA22,DEU,,,reviewer,,,,,,
0430fc54-6625-452c-aaf0-0a8cbd97d010,01,W. Markgraf GmbH & Co. KG - Bauunternehmung,8e3910f2-2a34-470f-9224-1acf3c5701f4,Bayreuth,95448,DE242,DEU,,,tenderer,,,,,,
da4582b1-8a28-481e-83a6-878d3f239556,01,DB InfraGO AG – Geschäftsbereich Fahrweg (Bukr 16),fb197f94-7578-4673-8a57-4642ae120532,Frankfurt Main,60327,DE712,DEU,http://www.deutschebahn.com/bieterportal/,,buyer,,,,,,
da4582b1-8a28-481e-83a6-878d3f239556,01,Vergabekammer des Bundes,0a9ea480-08e4-4ab6-bf12-d722d0ad54b6,Bonn,53113,DEA22,DEU,,,reviewer,,,,,,
da4582b1-8a28-481e-83a6-878d3f239556,01,LEONHARD WEISS GmbH & Co. KG,9a9357bc-0f79-4735-bae8-7cd270aebe9e,Göppingen,73037,DE114,DEU,,,tenderer,,,,,,
12d399d4-743f-4ef9-8d50-661c788e7327,01,Fraunhofer-Gesellschaft e.V. - Vergabestelle Bau,5517,München,80686,DE212,DEU,https://www.deutsche-evergabe.de,,buyer,https://www.deutsche-evergabe.de,koerp-oer-kommun,,,,
12d399d4-743f-4ef9-8d50-661c788e7327,01,Vergabekammer des Bundes beim Bundeskartellamt,72783a79-4238-4575-a50a-0cdf2a65220d,Bonn,53113,DEA22,DEU,,,reviewer,,,,,,
7ad430a7-26c5-4230-9ff4-1e948502c5e4,01,IKK classic,993-80175-34,Dresden,01099,DED21,DEU,,,buyer,,koerp-oer-bund,,,,
7ad430a7-26c5-4230-9ff4-1e948502c5e4,01,IKK classic,993-80175-34,Dresden,01099,DED21,DEU,,,reviewer,,,,,,
dc92350b-924f-472a-8ea4-53cee8ca4be7,01,kbo-Inn-Salzach Klinikum gGmbH,7836,Wasserburg,83512,DE21K,DEU,https://www.deutsche-evergabe.de,,buyer,https://www.deutsche-evergabe.de,koerp-oer-kommun,,,,
dc92350b-924f-472a-8ea4-53cee8ca4be7,01,Vergabekammer Südbayern - Regierung von Oberbayern,2a058ba9-f946-4a18-8583-8f3fa2d76a96,München,80538,DE212,DEU,,,reviewer,,,,,,
0ae13d17-8a39-4471-8be3-4cd0f7b60d7f,01,Landkreis Vechta,03460-0-88,Vechta,49377,DE94F,DEU,https://www.landkreis-vechta.de,,buyer,https://www.deutsches-ausschreibungsblatt.de,kommun-beh,,,,
0ae13d17-8a39-4471-8be3-4cd0f7b60d7f,01,"Vergabekammer Niedersachsen beim Nds. Ministerium für Wirtschaft, Verkehr und Bauen",t:04131153308,Lüneburg,21339,DE935,DEU,https://www.mw.niedersachsen.de,,reviewer,,,,,,
47e9847c-09f7-46c9-8624-15b5de8a8f62,01,DB InfraGO AG – Geschäftsbereich Personenbahnhöfe (Bukr 11),a6ceb1fb-e3c6-459d-a608-8a792d7bf449,Berlin,10557,DE300,DEU,http://www.deutschebahn.com/bieterportal/,,buyer,,,,,,
47e9847c-09f7-46c9-8624-15b5de8a8f62,01,Vergabekammer des Bundes,0a9ea480-08e4-4ab6-bf12-d722d0ad54b6,Bonn,53113,DEA22,DEU,,,reviewer,,,,,,
47e9847c-09f7-46c9-8624-15b5de8a8f62,01,ZETCON Ingenieure GmbH,0fa13085-4ade-4464-9891-bd247ec8833a,Bochum,44803,DEA51,DEU,,,tenderer,,,,large,,
47e9847c-09f7-46c9-8624-15b5de8a8f62,01,IBL Ingenieurgesellschaft Behnen mb,02b1b2ff-3085-4a7f-bfb8-442a19c794bd,Klein Berßen,49777,DE949,DEU,,,tenderer,,,,large,,
e6363aeb-0f90-4733-b245-4001b55ec7e6,01,DB Netz AG (Bukr 16),f45ee0d3-f9b6-44f0-846d-0c10b6f61a37,Frankfurt Main,60327,DE712,DEU,https://www.deutschebahn.com/bieterportal,,buyer,,,,,,
e6363aeb-0f90-4733-b245-4001b55ec7e6,01,Vergabekammer des Bundes,0a9ea480-08e4-4ab6-bf12-d722d0ad54b6,Bonn,53113,DEA22,DEU,,,reviewer,,,,,,
e6363aeb-0f90-4733-b245-4001b55ec7e6,01,H.F. Wiebe GmbH & Co. KG,232dddf8-2e8a-43f1-acf4-9ae502707c08,Dörverden,27313,DE93B,DEU,,,tenderer,,,,,,
8ddab506-cf1b-4137-8c4e-d9def6330a29,01,Universitätsmedizin Frankfurt am Main,DE212137461,Frankfurt am Main,60590,DE712,DEU,www.unimedizin-ffm.de,,buyer,,,,,,
8ddab506-cf1b-4137-8c4e-d9def6330a29,01,Vergabekammer des Landes Hessen,DE812056745,Darmstadt,64283,DE711,DEU,https://rp-darmstadt.hessen.de/infrastruktur-und-wirtschaft/oeffentliches-auftragswesen/vergabekammer,,reviewer,,,,,,
8ddab506-cf1b-4137-8c4e-d9def6330a29,01,Brainlab Sales GmbH,HRB 123130 (AG München),München,81829,DE212,DEU,,,tenderer,,,,large,,
e2adf39c-21d6-4694-b513-9f76df32f968,01,"Bundesrepublik Deutschland, vertreten durch das Bundesministerium des Innern, vertreten durch das Beschaffungsamt des BMI",t:0049228996100,Bonn,53119,DEA22,DEU,http://www.bescha.bund.de,,buyer,,omu-bbeh-niedrig,,,,
e2adf39c-21d6-4694-b513-9f76df32f968,01,Vergabekammer des Bundes,t:022894990,Bonn,53113,DEA22,DEU,http://www.bundeskartellamt.de,,reviewer,,,,,,
e2adf39c-21d6-4694-b513-9f76df32f968,01,H.P. Marketing & Consulting Wüst GmbH,DE135103106,Reinfeld,23858,DEF0F,DEU,,,tenderer,,,,small,,False
dbcf653b-8029-4098-a109-9b62fa738deb,01,Landratsamt Eichstätt,09176000 -SG17XXHochbau -15,Eichstätt,85072,DE219,DEU,https://www.landkreis-eichstaett.de,,buyer,https://www.vergabe.bayern.de,koerp-oer-kommun,,,,
dbcf653b-8029-4098-a109-9b62fa738deb,01,Vergabekammer Südbayern,09-0318006-60,München,80538,DE212,DEU,https://www.regierung.oberbayern.bayern.de,,reviewer,,,,,,
dbcf653b-8029-4098-a109-9b62fa738deb,01,FBS GmbH,DE321339589,Merzig,66663,DEC02,DEU,,,winner,,,,small,DEU,
d18415b2-37c4-4bb8-bca6-73e36fa44adf,01,SBH | Schulbau Hamburg,62f0f0af-9431-411a-8f96-be7b21daafb8,Hamburg,20355,DE600,DEU,https://schulbau.hamburg,,buyer,https://schulbau.hamburg,omu-lbeh,,,,
d18415b2-37c4-4bb8-bca6-73e36fa44adf,01,Vergabekammer bei der Behörde für Stadtentwicklung und Wohnen,19a7d79f-4d82-4e82-ae5c-6ee7ea5df0b5,Hamburg,21109,DE600,DEU,https://www.hamburg.de/behoerdenfinder/info/11725154/,,reviewer,,,,,,
d18415b2-37c4-4bb8-bca6-73e36fa44adf,01,SBH | Schulbau Hamburg,85b322a2-fc67-45d7-b38d-202dd3dddec4,Hamburg,20355,DE600,DEU,https://schulbau.hamburg,,,,,,,,
d18415b2-37c4-4bb8-bca6-73e36fa44adf,01,Fliesenservice Spaans & Henke GmbH,6a1201e3-1902-48ec-92a7-25c411c42022,Rostock,18069,DE803,DEU,,,tenderer,,,,small,,
de39d29e-8132-47bb-a227-fe06507d0371,01,Vergabe und Beschaffungszentrum Dortmund,05913-31001-34,Dortmund,44135,DEA52,DEU,,,buyer,,kommun-beh,,,,
de39d29e-8132-47bb-a227-fe06507d0371,01,Vergabekammer bei der Bezirksregierung,DE164242157,Münster,48147,DEA33,DEU,,,,,,,,,
de39d29e-8132-47bb-a227-fe06507d0371,01,Vergabekammer der Bezirksregierung,DE 164 242 157,Münster,48147,DEA33,DEU,,,reviewer,,,,,,
763c3a53-9692-49bb-add0-43db1fd0f91d,01,MRG Münchner Raumentwicklungsgesellschaft mbH,USt-IdNr. DE161239486,München,81829,DE212,DEU,https://www.mrg-gmbh.de,,buyer,https://www.staatsanzeiger-eservices.de,pub-undert-ra,,,,
763c3a53-9692-49bb-add0-43db1fd0f91d,01,Regierung von Oberbayern - Vergabekammer Südbayern,09-0318006-60,München,80534,DE212,DEU,https://www.regierung.oberbayern.bayern.de,,reviewer,,,,,,
763c3a53-9692-49bb-add0-43db1fd0f91d,01,Johannes Klais Orgelbau GmbH & Co. KG,USt-IdNr. DE122121943,Bonn,53111,DEA22,DEU,https://www.klais.de,,tenderer,,,,medium,,
810e6512-9092-4f9a-a6ab-93befebd7864,01,FAIR - Facility for Antiproton and Ion Research in Europe GmbH,Planc,Darmstadt,64291,DE711,DEU,http://www.fair-center.de,,buyer,,pub-undert-cga,,,,
810e6512-9092-4f9a-a6ab-93befebd7864,01,Vergabekammer des Bundes,022894990,Bonn,53123,DEA22,DEU,https://www.bundeskartellamt.de,,reviewer,,,,,,
d29a2896-ac0d-4e81-87ca-6bca68477b0e,01,Universitätsmedizin Greifswald KöR,13-X19111018-22,Greifswald,17489,DE80N,DEU,https://www.medizin.uni-greifswald.de,,buyer,,koerp-oer-land,,,,
d29a2896-ac0d-4e81-87ca-6bca68477b0e,01,Universitätsmedizin Rostock,13-X73130001000-61,Rostock,18057,DE803,DEU,https://www.med.uni-rostock.de/,,buyer,,koerp-oer-land,,,,
d29a2896-ac0d-4e81-87ca-6bca68477b0e,01,"Geschäftsstelle der Vergabekammern beim Ministerium für Wirtschaft, Infrastruktur, Tourismus und Arbeit Mecklenburg-Vorpommern",VKMV-13-L50010000000-78,Schwerin,19053,DE804,DEU,http://www.regierung-mv.de,,reviewer,,,,,,
69f42806-87d3-4f16-88fb-96f6bdee1dc0,01,Deutsche Gesellschaft für Internationale Zusammenarbeit (GIZ) GmbH,993-80072-52,Eschborn,65760,DE71A,DEU,https://www.giz.de,,buyer,,pub-undert-cga,,,,
69f42806-87d3-4f16-88fb-96f6bdee1dc0,01,Vergabekammern des Bundes,022894990,Bonn,53113,DEA22,DEU,https://www.bundeskartellamt.de,,reviewer,,,,,,
6b0f4674-e061-4675-a513-14d54862e182,01,"Stadt Forst (Lausitz), Die Bürgermeisterin, Fachbereich Bauverwaltung",12-12992262173111-89,Forst (Lausitz),03149,DE40G,DEU,http://www.forst-lausitz.de,,buyer,,kommun-beh,,,,
6b0f4674-e061-4675-a513-14d54862e182,01,"Vergabekammer des Landes Brandenburg beim Ministerium für Wirtschaft, Arbeit und Energie",t:03318661719,Potsdam,14473,DE404,DEU,https://mwaek.brandenburg.de/,,reviewer,,,,,,
6b0f4674-e061-4675-a513-14d54862e182,01,ö_konzept Agentur für Werbung und Kommunikation GmbH & Co. KG,HRB 12402 Amtsgericht Chemnitz,Zwickau,08058,DED45,DEU,http://www.oe-konzept.de,,tenderer,,,,small,DEU,False
95906661-a883-4219-9c5f-e89d254ce70b,01,DB InfraGO AG – Geschäftsbereich Fahrweg (Bukr 16),fb197f94-7578-4673-8a57-4642ae120532,Frankfurt Main,60327,DE712,DEU,http://www.deutschebahn.com/bieterportal/,,buyer,,,,,,
95906661-a883-4219-9c5f-e89d254ce70b,01,Vergabekammer des Bundes,0a9ea480-08e4-4ab6-bf12-d722d0ad54b6,Bonn,53113,DEA22,DEU,,,reviewer,,,,,,
95906661-a883-4219-9c5f-e89d254ce70b,01,BIEGE Sangerhausen - Eisleben c/o Jaeger Umwelt + Verkehr GmbH + Co KG,07b97a48-1670-4d3c-9e09-fdfbaaecef4a,Bernburg,06406,DEE0C,DEU,,,tenderer,,,,,,
f9402825-f213-40c8-8453-1ad29277d8f7,01,Gemeindevorstand der Gemeinde Heuchelheim a. d. Lahn,'-,Heuchelheim,35452,DE721,DEU,,,buyer,,kommun-beh,,,,
f9402825-f213-40c8-8453-1ad29277d8f7,01,Vergabekammer des Landes Hessen beim Regierungspräsidium Darmstadt,t:06151126603,Darmstadt,64283,DE711,DEU,,,reviewer,,,,,,
f9402825-f213-40c8-8453-1ad29277d8f7,01,Bothe-Hild GmbH,DE 238 528 289,Herborn,35745,DE722,DEU,,,tenderer,,,,medium,,False
8af347ed-e0b4-414f-8662-44a1be1556e0,01,Stadt Rheine,055660076076-31001-06,Rheine,48431,DEA37,DEU,,,buyer,,kommun-beh,,,,
8af347ed-e0b4-414f-8662-44a1be1556e0,01,Vergabekammer Westfalen bei der Bezirksregierung Münster,05515-03004-07,Münster,48147,DEA33,DEU,https://www.bezreg-muenster.de,,reviewer,,,,,,
8af347ed-e0b4-414f-8662-44a1be1556e0,01,LEMMING Rammtechnik GmbH,HRB 81184,Monheim am Rhein,40789,DEA1C,DEU,,,tenderer,,,,small,DEU,False
06d24af2-412b-48d0-b33c-74005b9380fe,01,KZV Nordrhein,t:021196840,Düsseldorf,40237,DEA11,DEU,,,buyer,,koerp-oer-land,,,,
06d24af2-412b-48d0-b33c-74005b9380fe,01,Vergabekammer Rheinland,05315-03002-81,Köln,50667,DEA23,DEU,,,reviewer,,,,,,
9506b95b-d588-4533-82ec-3e555f728b64,01,Stadt Weißenhorn,DE201905729,Weißenhorn,89264,DE279,DEU,https://www.weissenhorn.de,,buyer,,kommun-beh,,,,
9506b95b-d588-4533-82ec-3e555f728b64,01,Vergabekammer Südbayern,09-0318006-60,München,80534,DE212,DEU,https://www.regierung.oberbayern.bayern.de,,reviewer,,,,,,
20133507-4613-4ebd-95da-8a2f57f0d895,01,Kliniken der Stadt und des Landkreises Rosenheim GmbH,5e592377-5213-4a7d-b12e-ae70e1fb0c03,Rosenheim,83022,DE21K,DEU,https://www.romed-kliniken.de/,,buyer,,pub-undert-ra,,,,
20133507-4613-4ebd-95da-8a2f57f0d895,01,Regierung von Oberbayern,4bd4c232-d478-4498-83ba-9e4da6e06f97,München,80538,DE212,DEU,,,reviewer,,,,,,
20133507-4613-4ebd-95da-8a2f57f0d895,01,EKK plus GmbH,c2d602bb-54c2-4896-8695-5715e0192e6f,Köln,51149,DEA23,DEU,https://www.gdekk.de,,serv-prov,,,,,,
6022c182-3498-4ed0-9f3e-56e8ed37b231,01,"Land Hessen, vertreten durch das Hessische Competence Center -Beschaffungen-",DE 212 133 546,Wiesbaden,65189,DE714,DEU,https://vergabe.hessen.de,,buyer,,omu-lbeh,,,,
6022c182-3498-4ed0-9f3e-56e8ed37b231,01,Vergabekammer des Landes Hessen beim Regierungspräsidium Darmstadt,DE 812 056 745,Darmstadt,64283,DE714,DEU,,,reviewer,,,,,,
de65c969-dd52-4814-9c62-5b1b54856a7a,01,St. Vinzenz gGmbH,DE213070391,Fulda,36037,DE732,DEU,,,buyer,,pub-undert,,,,
de65c969-dd52-4814-9c62-5b1b54856a7a,01,Vergabekammer des Landes Hessen,06151126603,Darmstadt,64283,DE711,DEU,,,reviewer,,,,,,
de65c969-dd52-4814-9c62-5b1b54856a7a,01,Vergabekammer des Landes Hessen,06151126603,Darmstadt,64283,DE711,DEU,,,,,,,,,
de65c969-dd52-4814-9c62-5b1b54856a7a,01,Vergabekammer des Landes Hessen,06151126603,Darmstadt,64283,DE711,DEU,,,mediator,,,,,,
b8978155-5df0-4743-a47b-17b326208f78,01,"DB Systel GmbH (Bukr 2B, 44)",b0dddab8-f7a2-47ea-a329-01fb74f2575d,Frankfurt am Main,60329,DE712,DEU,http://www.deutschebahn.com/bieterportal,,buyer,,,,,,
b8978155-5df0-4743-a47b-17b326208f78,01,Vergabekammer des Bundes,0a9ea480-08e4-4ab6-bf12-d722d0ad54b6,Bonn,53113,DEA22,DEU,,,reviewer,,,,,,
0cd5762f-6d15-42d5-bb02-89240c990c72,01,"Fraunhofer-Gesellschaft, Einkauf B12",DE 129515865,München,80686,DE212,DEU,https://vergabe.fraunhofer.de/,,buyer,https://vergabe.fraunhofer.de/NetServer/,pub-undert,,,,
0cd5762f-6d15-42d5-bb02-89240c990c72,01,Vergabekammern des Bundes,t:022894990,Bonn,53113,DEA22,DEU,,,reviewer,,,,,,
0cd5762f-6d15-42d5-bb02-89240c990c72,01,Fraunhofer-Gesellschaft zur Förderung der angewandten Forschung e.V.,DE-129515865,München,80686,DE212,DEU,https://www.fraunhofer.de,,,,,,,,
638de82a-f853-4b99-b7f6-276f72d8f122,01,Kreisstadt Bergheim Der Bürgermeister,053620008008-31001-15',Bergheim,50126,DEA27,DEU,https://www.bergheim.de,,buyer,,kommun-beh,,,,
638de82a-f853-4b99-b7f6-276f72d8f122,01,Vergabekammer Westfalen,05515-03004-07,Münster,48147,DEA33,DEU,,,reviewer,,,,,,
638de82a-f853-4b99-b7f6-276f72d8f122,01,CANCOM GmbH,DE128791177,Jettingen-Scheppach,89343,DE278,DEU,http://www.cancom.de,,tenderer,,,,large,DEU,False
8850e2ed-8211-4877-8ce3-ab6cabf3515f,01,Stadt Leverkusen - Fachbereich Recht und Vergabe,05316-31001-10,Leverkusen,51373,DEA24,DEU,http://www.leverkusen.de,,buyer,,kommun-beh,,,,
8850e2ed-8211-4877-8ce3-ab6cabf3515f,01,Oberlandesgericht Düsseldorf,05111-04009-51,Düsseldorf,40474,DEA11,DEU,,,,,,,,,
8850e2ed-8211-4877-8ce3-ab6cabf3515f,01,Vergabekammer Westfalen,05515-03004-07,Münster,48147,DEA33,DEU,https://www.bezreg-muenster.de/themen/wirtschaft-kultur-und-kommunales/vergabekammer-westfalen,,reviewer,,,,,,
625720a2-3dcb-4a88-b391-48aa63d0a10f,01,"Stadt Bochum, Referat Zentrale Vergabestelle",05911-31001-89,Bochum,44787,DEA51,DEU,,,buyer,,kommun-beh,,,,
625720a2-3dcb-4a88-b391-48aa63d0a10f,01,Vergabekammer Westfalen bei der Bezirksregierung Münster,05515-03004-07,Münster,48147,DEA33,DEU,,,reviewer,,,,,,
dd8c3ec5-5ab2-46cc-b703-5ad9f5ae6000,01,Stadt Gelnhausen,DE719,Gelnhausen,63571,DE719,DEU,https://www.gelnhausen.de/,,buyer,,koerp-oer-kommun,,,,
dd8c3ec5-5ab2-46cc-b703-5ad9f5ae6000,01,"Regierungspräsidium Darmstadt, Vergabekammer des Landes Hessen",'+49 6151126603,Darmstadt,64283,DE711,DEU,https://rp-darmstadt.hessen.de/infrastruktur-und-wirtschaft/oeffentliches-auftragswesen/vergabekammer,,reviewer,,,,,,
dd8c3ec5-5ab2-46cc-b703-5ad9f5ae6000,01,Janzen Lifttechnik GmbH,DE293470075,Niederlangen,49779,DE949,DEU,https://www.j-lifte.com/de/,,tenderer,,,,small,DEU,False
d86840df-3303-4c19-a3d3-777ee6813b73,01,Staatliches Bauamt Nürnberg,009-0995308-13,Nürnberg,90443,DE254,DEU,,,serv-prov,,omu-lbeh,,,,
d86840df-3303-4c19-a3d3-777ee6813b73,01,Vergabekammer Nordbayern,09-0358002-61,Ansbach,91522,DE251,DEU,,,reviewer,,,,,,
d86840df-3303-4c19-a3d3-777ee6813b73,01,Staatliches Bauamt Nürnberg - Vergabestelle,09-0995308-13,Nürnberg,90443,DE254,DEU,,,,,,,,,
a72e859e-1800-4833-813a-9247ffdf31e7,01,Flughafen Stuttgart Energie GmbH,DE 263400539,Stuttgart,70629,DE113,DEU,,,buyer,,,,,,
a72e859e-1800-4833-813a-9247ffdf31e7,01,Baden Airpark GmbH,DE 213372717,Rheinmünster,77836,DE124,DEU,,,buyer,,,,,,
a72e859e-1800-4833-813a-9247ffdf31e7,01,Vergabekammer Baden-Württemberg beim Reg,08-A9866-40,Karlsruhe,76137,DE122,DEU,,,reviewer,,,,,,
a72e859e-1800-4833-813a-9247ffdf31e7,01,enercity AG,DE811116141,Hannover,30169,DE929,DEU,http://www.enercity.de,,tenderer,,,,large,DEU,False
49715446-c1da-4691-9ef4-4f898af7c008,01,"Landeshauptstadt Saarbrücken, , Amt für Brand- und Bevölkerungsschutz",10041100-5360000001-35,Saarbrücken,66111,DEC01,DEU,,,buyer,https://saarvpsl.vmstart.de/,kommun-beh,,,,
49715446-c1da-4691-9ef4-4f898af7c008,01,"Landeshauptstadt Saarbrücken, , Hauptamt -Zentraler Vergabeservice-",1004 1100-5360000001-35,Saarbrücken,66111,DEC01,DEU,https://saarvpsl.vmstart.de,,,,,,,,
49715446-c1da-4691-9ef4-4f898af7c008,01,"Vergabekammern des Saarlandes beim Ministerium für Wirtschaft, Arbeit, Energie und Verkehr des Saarlandes",10000000-00108010000001-47,Saarbrücken,66119,DEC01,DEU,https://www.saarland.de/mwide/DE/themen-aufgaben/weitere_aufgaben/vergabekammern/vergabekammern,,reviewer,,,,,,
49715446-c1da-4691-9ef4-4f898af7c008,01,"Vergabekammern des Saarlandes beim Ministerium für Wirtschaft, Arbeit, Energie und Verkehr des Saarlandes",10000000- 00108010000001-47,Saarbrücken,66119,DEC01,DEU,https://www.saarland.de/mwide/DE/themen-aufgaben/weitere_aufgaben/vergabekammern/vergabekammern,,,,,,,,
49715446-c1da-4691-9ef4-4f898af7c008,01,Merbag Mitte-West GmbH,DE 149 247 682,Andernach,56626,DEB17,DEU,,,tenderer,,,,large,,False
4c8b8d25-5ca8-4a24-af95-19a6f5a0b651,01,"Deutsche Rentenversicherung Bayern Süd, Abteilung Verwaltung",DE128 969 128,Landshut,84028,DE221,DEU,https://www.drv-bayernsued.de,,buyer,https://www.deutsche-rentenversicherung-bund.de/einkaufskoordination/NetServer/,koerp-oer-land,,,,
4c8b8d25-5ca8-4a24-af95-19a6f5a0b651,01,Vergabekammer Südbayern - Regierung von Oberbayern,DE811 335 517,München,80538,DE212,DEU,https://www.regierung.oberbayern.bayern.de/behoerde/mittelinstanz/vergabekammer/,,reviewer,,,,,,
4c8b8d25-5ca8-4a24-af95-19a6f5a0b651,01,MTM-Plan GmbH,DE 323917727,Eschlkam,93458,DE235,DEU,,,tenderer,,,,small,DEU,False
d617515d-c861-42af-a1db-efb077422ddd,01,Brandenburgischer IT-Dienstleister,12-121092720202821-39,Potsdam,14480,DE404,DEU,https://zit-bb.brandenburg.de,,buyer,,omu-lbeh,,,,
d617515d-c861-42af-a1db-efb077422ddd,01,"Vergabekammer des Landes Brandenburg  beim Ministerium für Wirtschaft, Energie, Klimaschutz und Europa",t:03318661719,Potsdam,14473,DE404,DEU,,,reviewer,,,,,,
48ad93c1-a5ef-48ec-b699-689d0bc29a11,01,"Stadt Bochum, Referat Zentrale Vergabestelle",05911-31001-89,Bochum,44777,DEA51,DEU,https://www.bochum.de,,buyer,,kommun-beh,,,,
48ad93c1-a5ef-48ec-b699-689d0bc29a11,01,Vergabekammer Westfalen bei der Bezirksregierung Münster,05515-03004-07,Münster,48147,DEA33,DEU,https://bezreg-muenster.de,,reviewer,,,,,,
48ad93c1-a5ef-48ec-b699-689d0bc29a11,01,Sozialdienst kath. Frauen e.V.,306/5801/0320,Bochum,44807,DEA51,DEU,http://skf-bochum.de,,tenderer,,,,small,DEU,False
8eece87c-c8ed-4c58-8424-4bfc2e480153,01,Hamburger Hochbahn AG,DE811239681,Hamburg,20095,DE600,DEU,http://hochbahn.de,,buyer,,pub-undert,,,,
8eece87c-c8ed-4c58-8424-4bfc2e480153,01,Vergabekammer bei der Finanzbehörde Hamburg,02000000-KFB0000001-20,Hamburg,20354,DE600,DEU,,,reviewer,,,,,,
8eece87c-c8ed-4c58-8424-4bfc2e480153,01,iwb Ingenieure Infrastruktur GmbH & Co. KG,DE 114887554,Hamburg,20459,DE600,DEU,,,tenderer,,,,large,DEU,False
a01b6767-8cce-49dc-b347-29b2254182ba,01,Vivantes - Netzwerk für Gesundheit GmbH,11-2100031000-94,Berlin,13407,DE300,DEU,https://www.vivantes.de,,buyer,,pub-undert,,,,
a01b6767-8cce-49dc-b347-29b2254182ba,01,Vergabekammer des Landes Berlin,11-1300000V00-74,Berlin,10825,DE300,DEU,,,reviewer,,,,,,
a01b6767-8cce-49dc-b347-29b2254182ba,01,ALTE LEIPZIGER Lebensversicherung auf Gegenseitikeit,DE 114106814,Oberursel,61440,DE718,DEU,,,tenderer,,,,large,DEU,False
a01b6767-8cce-49dc-b347-29b2254182ba,01,Allianz Lebensversicherungs-AG,DE 811 150 678,Stuttgart,70565,DE111,DEU,,,tenderer,,,,large,,True
ea0e049a-a32c-4310-aeb3-6f1f61ea8b6c,01,DB Station&Service AG (Bukr 11),1691faa3-330c-4d76-a952-fba98f1e87c3,Berlin,10557,DE300,DEU,http://www.deutschebahn.com/bieterportal,,buyer,,,,,,
ea0e049a-a32c-4310-aeb3-6f1f61ea8b6c,01,Vergabekammer des Bundes,0a9ea480-08e4-4ab6-bf12-d722d0ad54b6,Bonn,53113,DEA22,DEU,,,reviewer,,,,,,
ea0e049a-a32c-4310-aeb3-6f1f61ea8b6c,01,IMM Maidl & Maidl Beratende - Ingenieure GmbH & Co. KG,d4cc4340-dd2c-44c0-b4a3-0518eabe90c7,Bochum,44801,DEA51,DEU,,,tenderer,,,,,,
2f3259ec-494a-445b-8973-8e88ea4d982b,01,Landratsamt Main-Tauber-Kreis,00,Tauberbischofsheim,97941,DE11B,DEU,https://www.main-tauber-kreis.de,,buyer,https://www.vergabe24.de,kommun-beh,,,,
2f3259ec-494a-445b-8973-8e88ea4d982b,01,Vergabekammer Baden-Württemberg Regierungspräsidium Karlsruhe,0725642,Karlsruhe,76137,DE122,DEU,,,reviewer,,,,,,
5d629036-f05a-4442-bf94-3393a3cbddba,01,HEnW KommunalEnergie GmbH,116349,Hamburg,20539,DE600,DEU,https://www.hamburger-energiewerke.de,,buyer,,,,,,
5d629036-f05a-4442-bf94-3393a3cbddba,01,Vergabekammer bei der Finanzbehörde,HRB110712,Hamburg,20354,DE600,DEU,,,reviewer,,,,,,
8d4a29da-6d95-436d-a0f7-26429bbf0f10,01,DB InfraGO AG – Geschäftsbereich Fahrweg (Bukr 16),fb197f94-7578-4673-8a57-4642ae120532,Frankfurt Main,60327,DE712,DEU,http://www.deutschebahn.com/bieterportal/,,buyer,,,,,,
8d4a29da-6d95-436d-a0f7-26429bbf0f10,01,Vergabekammer des Bundes,0a9ea480-08e4-4ab6-bf12-d722d0ad54b6,Bonn,53113,DEA22,DEU,,,reviewer,,,,,,
ec8e8be2-d6eb-4729-8d2d-09bbef6c68a8,01,Kreis Borken - Fachbereich 32,055540012012-31002-06,Borken,46325,DEA34,DEU,,,buyer,,kommun-beh,,,,
ec8e8be2-d6eb-4729-8d2d-09bbef6c68a8,01,Vergabekammer bei der Bezirksregierung Münster,05515-03004-07,Münster,48143,DEA33,DEU,,,reviewer,,,,,,
bcc8ba50-6f9a-4203-b1b0-8e47f17b1d21,01,Stadt Oelde,055700028028-31001-71,Oelde,59302,DEA38,DEU,https://www.oelde.de,,buyer,,kommun-beh,,,,
bcc8ba50-6f9a-4203-b1b0-8e47f17b1d21,01,Vergabekammer Westfalen,05515-03004-07,Münster,48231,DEA33,DEU,http://www.brms.nrw.de,,reviewer,,,,,,
443b1f65-33e9-470e-a0d4-bdfbe75a3894,01,Bundeswehr-Dienstleistungszentrum Idar-Oberstein,de280373910,Idar-Oberstein,55743,DEB15,DEU,http://www.evergabe-online.de/,,buyer,,omu-bbeh,,,,
443b1f65-33e9-470e-a0d4-bdfbe75a3894,01,Bundeskartellamt,991-02380-92,Bonn,53113,DEA22,DEU,,,reviewer,,,,,,
58eb916b-42e7-4bae-a968-f2441fbbdf8e,01,"Stadt Heidelberg, Stadtplanungsamt",DE 143296597,Heidelberg,69117,DE125,DEU,,,buyer,,kommun-beh,,,,
58eb916b-42e7-4bae-a968-f2441fbbdf8e,01,THIELE³ ARCHITEKTEN UND INGENIEURE,DE0625242644,Darmstadt,64285,DE711,DEU,https://www.thielehoch3.de/,,,,,,,,
58eb916b-42e7-4bae-a968-f2441fbbdf8e,01,Vergabekammer Baden-Württemberg,08-A9866-40,Karlsruhe,76131,DE122,DEU,https://rp.baden-wuerttemberg.de,,reviewer,,,,,,
58eb916b-42e7-4bae-a968-f2441fbbdf8e,01,Planergruppe GmbH,UST.ID DE120646075,Essen,45128,DEA13,DEU,http://die-planerrguppe.de,,tenderer,,,,small,DEU,False
58eb916b-42e7-4bae-a968-f2441fbbdf8e,01,Müller Ingenieurplan GmbH,DE238967401,Ettlingen,76275,DE123,DEU,,,tenderer,,,,small,DEU,False
5b4b6b5d-0392-497a-9434-6a4c80f1c9ed,01,Landkreis Sächsische Schweiz-Osterzgebirge,14628-LK01-14,Pirna,01796,DED2F,DEU,https://www.landratsamt-pirna.de,,buyer,https://www.vergabe.rib.de,koerp-oer-kommun,,,,
5b4b6b5d-0392-497a-9434-6a4c80f1c9ed,01,1. Vergabekammer des Freistaates Sachsen bei der Landesdirektion Sachsen,000,Leipzig,04107,DED51,DEU,https://www.lds.sachsen.de/?ID=4421&art_param=363,,reviewer,,,,,,
5b4b6b5d-0392-497a-9434-6a4c80f1c9ed,01,MEGWARE Computer Vertrieb und Service GmbH,DE 140853167,Chemnitz,09247,DED41,DEU,,,winner,,,,medium,DEU,
6567e7d7-a73f-4743-95cc-1d79924e3da6,01,DB InfraGO AG – Geschäftsbereich Fahrweg (Bukr 16),fb197f94-7578-4673-8a57-4642ae120532,Frankfurt Main,60327,DE712,DEU,http://www.deutschebahn.com/bieterportal/,,buyer,,,,,,
6567e7d7-a73f-4743-95cc-1d79924e3da6,01,Vergabekammer des Bundes,0a9ea480-08e4-4ab6-bf12-d722d0ad54b6,Bonn,53113,DEA22,DEU,,,reviewer,,,,,,
6567e7d7-a73f-4743-95cc-1d79924e3da6,01,Sächsische Bau GmbH,3dea8bd6-fd6d-4cbc-9de3-450cb3474547,Dresden,01099,DED21,DEU,,,tenderer,,,,,,
fd32bf75-380b-4526-8219-1452e28c6aab,01,Leipziger Wohnungs-und Baugesellschaft mbH,USt-ID. DE141498380,Leipzig,04103,DED51,DEU,,,buyer,,pub-undert,,,,
fd32bf75-380b-4526-8219-1452e28c6aab,01,"1. Vergabekammer des Freistaates Sachsen bei der Landesdirektion Sachsen, DS Leipzig",keine,Leipzig,04107,DED51,DEU,https://www.lds.sachsen.de/,,reviewer,,,,,,
6f53dfab-2e5b-4d3c-8c90-51b0e179ed28,01,Max Planck Information and Technology (MaxIT),T:089909311-0,München,80687,DE212,DEU,https://www.mpg.de/zentrale-einrichtungen/maxit,,buyer,,grp-p-aut,,,,
6f53dfab-2e5b-4d3c-8c90-51b0e179ed28,01,Vergabekammer Südbayern bei der Regierung von Oberbayern,t:08921760,München,80534,DE212,DEU,,,reviewer,,,,,,
455f167a-a4f5-4731-9358-f35e7a72bbd8,01,Universitätsklinikum Halle (Saale) A.ö.R.,0345557-1060,Halle (Saale),06120,DEE02,DEU,,,buyer,,anst-oer-kommun,,,,
455f167a-a4f5-4731-9358-f35e7a72bbd8,01,"Landesverwaltungsamt Sachsen-Anhalt, 1., 2. und 3. Vergabekammer",t:03455141536,Halle (Saale),06112,DEE02,DEU,,,reviewer,,,,,,
455f167a-a4f5-4731-9358-f35e7a72bbd8,01,enPORTAL GmbH,Umsatzsteuer-Identifikationsnr.: DE260447746,Pronstorf,D-23820,DEF0D,DEU,,,,,,,,,
455f167a-a4f5-4731-9358-f35e7a72bbd8,01,EVH GmbH,DE 156 397 612,Halle / Saale,6108,DEE02,DEU,,,tenderer,,,,medium,,
c1420ad3-d5ad-45b3-aebd-ed9669ffe8fa,01,Stadt Püttlingen,DE68986910,Püttlingen,66346,DEC01,DEU,https://www.puettlingen.de/,,buyer,,kommun-beh,,,,
c1420ad3-d5ad-45b3-aebd-ed9669ffe8fa,01,Vergabemanufaktur Rechtsanwaltsgesellschaft mbH,HRB 111108,Riegelsberg,66292,DEC01,DEU,https://www.vergabemanufaktur.de/,,serv-prov,,,,,,
c1420ad3-d5ad-45b3-aebd-ed9669ffe8fa,01,Vergabekammern des Saarlandes,10000000-00108010000001-47,Saarbrücken,66619,DEC01,DEU,,,reviewer,,,,,,
d2d48dc2-f531-4bcd-999c-62b90579b79f,01,GELSENDIENSTE,DE125018225,Gelsenkirchen,45879,DEA32,DEU,https://www.gelsendienste.de/START/default.asp,,buyer,,pub-undert-ra,,,,
d2d48dc2-f531-4bcd-999c-62b90579b79f,01,Vergabekammer Westfalen,DE164242157,Münster,48147,DEA33,DEU,http://www.bezreg-muenster.nrw.de/de/wirtschaft_finanzen_kommunalaufsicht/vergabekammer_westfalen/index.html,,reviewer,,,,,,
d2d48dc2-f531-4bcd-999c-62b90579b79f,01,FAUN Umwelttechnik GmbH & Co. KG,DE177881176,Osterholz-Scharmbeck,27711,DE936,DEU,,,tenderer,,,,large,DEU,False
915313db-1a99-4a68-802f-f0707033240b,01,"Stadt Halle (Saale), Fachbereich Recht, Team Vergabe Bauleistungen/Bauplanungen",Leitweg-ID: DE 110/144/40390,Halle (Saale),06108,DEE02,DEU,https://halle.de,,buyer,,kommun-beh,,,,
915313db-1a99-4a68-802f-f0707033240b,01,1. Vergabekammer beim Landesverwaltungsamt Sachsen-Anhalt,keine Angaben,Halle (Saale),06112,DEE02,DEU,https://www.lvwa.sachsen-anhalt.de,,reviewer,,,,,,
915313db-1a99-4a68-802f-f0707033240b,01,"Stadt Halle (Saale), Fachbereich Recht, Abteilung Vergabe, z.H. Herr Kemnitzer",Leitweg-ID: DE 110/144/40390,Halle (Saale),06108,DEE02,DEU,https://halle.de,,,,,,,,
ed6675ff-7b24-4be8-8fe8-77d6714633f2,01,Landkreis Rottal-Inn,09277000-RSEGG1566-62,Pfarrkirchen,84347,DE22A,DEU,http://www.rottal-inn.de,,buyer,https://www.rottal-inn.de/landkreis-region/aktuelle-ausschreibungen/,kommun-beh,,,,
ed6675ff-7b24-4be8-8fe8-77d6714633f2,01,"Regierung von Oberbayern, Vergabekammer Südbayern",09-0318006-60,München,80538,DE212,DEU,,,reviewer,,,,,,
326d396e-a357-4ff6-8360-829eeff56814,01,ekom21 - Kommunales Gebietsrechenzentrum Hessen,06-EKOM21KGRZ0001-43,Gießen,35398,DE731,DEU,https://www.ekom21.de,,buyer,https://www.ekom21.de,koerp-oer-kommun,,,,
326d396e-a357-4ff6-8360-829eeff56814,01,Vergabekammer des Landes Hessen beim Regierungspräsidium Darmstadt,t:06151126603,Darmstadt,64295,DE711,DEU,,,reviewer,,,,,,
4214b1f1-d072-4fe2-86a9-354f62166769,01,Landesgartenschau Oberhessen 2027 gGmbH,DE350560988,Nidda,63667,DE71E,DEU,https://landesgartenschau-oberhessen.de/,,buyer,,grp-p-aut,,,,
4214b1f1-d072-4fe2-86a9-354f62166769,01,Vergabekammer des Landes Hessen beim RP Darmstadt,DE 812 056 745,Darmstadt,64283,DE711,DEU,https://www.rp-darmstadt.de,,reviewer,,,,,,
5bb66845-fee5-49e6-b2c8-f3077fa3ed32,01,Flughafen Stuttgart Energie GmbH,DE 263400539,Stuttgart,70629,DE113,DEU,,,buyer,,,,,,
5bb66845-fee5-49e6-b2c8-f3077fa3ed32,01,Baden Airpark GmbH,DE 213372717,Rheinmünster,77836,DE124,DEU,,,buyer,,,,,,
5bb66845-fee5-49e6-b2c8-f3077fa3ed32,01,Vergabekammer Baden-Württemberg beim Reg,08-A9866-40,Karlsruhe,76137,DE122,DEU,,,reviewer,,,,,,
5bb66845-fee5-49e6-b2c8-f3077fa3ed32,01,enercity AG,DE811116141,Hannover,30169,DE929,DEU,http://www.enercity.de,,tenderer,,,,large,DEU,False
5efadda4-49d5-4acd-b026-868aa4239f3f,01,Technische Betriebe Rheine,055660076076-33006-05,Rheine,48431,DEA37,DEU,,,buyer,,kommun-beh,,,,
5efadda4-49d5-4acd-b026-868aa4239f3f,01,Vergabekammer Westfalen bei der Bezirksregierung Münster,05515-03004-07,Münster,48147,DEA33,DEU,https://www.bezreg-muenster.de,,reviewer,,,,,,
5efadda4-49d5-4acd-b026-868aa4239f3f,01,Iveco Deutschland AG,HRB 1432 Ulm,Ulm,89079,DE144,DEU,https://www.iveco.com/germany,,tenderer,,,,medium,DEU,False
2ab32f0d-71a0-48ea-b7ce-574864ea9f96,01,Stadt Bad Neuenahr-Ahrweiler,071310007007-001-84,Bad Neuenahr-Ahrweiler,53474,DEB12,DEU,http://www.bad-neuenahr-ahrweiler.de,,buyer,,kommun-beh,,,,
2ab32f0d-71a0-48ea-b7ce-574864ea9f96,01,Webeler Rechtsanwälte,DE203132968,Koblenz,56068,DEB11,DEU,http://www.webeler-rechtsanwaelte.de,,serv-prov,,,,,,
2ab32f0d-71a0-48ea-b7ce-574864ea9f96,01,"Vergabekammer Rheinland-Pfalz Ministerium für Wirtschaft, Verkehr, Landwirtschaft und Weinbau",DE355604198,Mainz,55116,DEB35,DEU,,,reviewer,,,,,,
2ab32f0d-71a0-48ea-b7ce-574864ea9f96,01,Bodenmechanisches Labor Gumm,DE185942498,Laufersweiler,55487,DEB1D,DEU,http://labor-gumm.de,,tenderer,,,,small,DEU,False
19567368-13c7-4717-8adf-135ddae9aea6,01,Vergabekammer des Bundes,0a9ea480-08e4-4ab6-bf12-d722d0ad54b6,Bonn,53113,DEA22,DEU,,,reviewer,,,,,,
19567368-13c7-4717-8adf-135ddae9aea6,01,DB InfraGO AG – Geschäftsbereich Fahrweg (Bukr 16),fb197f94-7578-4673-8a57-4642ae120532,Frankfurt Main,60327,DE712,DEU,http://www.deutschebahn.com/bieterportal/,,buyer,,,,,,
19567368-13c7-4717-8adf-135ddae9aea6,01,SPITZKE SE,4df70146-74f6-4ad3-8df8-a09e842480a7,Großbeeren,14979,DE40H,DEU,,,winner,,,,,,
a6cbee04-9b79-44b1-bc02-954157bf1acc,01,Ministerium der Justiz und für Digitalisierung,03318660,Potsdam,14473,DE404,DEU,,,buyer,,omu-lbeh,,,,
a6cbee04-9b79-44b1-bc02-954157bf1acc,01,Zentraldienst der Polizei des Landes Brandenburg,12-121096894459918-43,Zossen,15806,DE40H,DEU,https://www.polizei.brandenburg.de,,serv-prov,,,,,,
a6cbee04-9b79-44b1-bc02-954157bf1acc,01,Zentraldienst der Polizei des Landes Brandenburg,12-121096894459918-43,Zossen,15806,DE40H,DEU,https://www.polizei.brandenburg.de,,,,,,,,
a6cbee04-9b79-44b1-bc02-954157bf1acc,01,Vergabekammer des Landes Brandenburg,t:03318661719,Potsdam,14473,DE405,DEU,https://mwae.brandenburg.de/de/vergabekammer-nachpr%C3%BCfungsverfahren/bb1.c.478846.de,,reviewer,,,,,,
a6cbee04-9b79-44b1-bc02-954157bf1acc,01,T. & M. Heemann OHG,Podsdam 1641,Falkensee,14612,DE40H,DEU,,,tenderer,,,,small,DEU,False
5262ea32-c945-4313-b24a-e1dc8ce0c833,01,Kreispolizeibehörde Mettmann,DE119355962,Mettmann,40822,DEA1C,DEU,,,buyer,,omu-lbeh,,,,
5262ea32-c945-4313-b24a-e1dc8ce0c833,01,Vergabekammer Rheinland,05315-03002-81,Köln,50667,DEA23,DEU,,,reviewer,,,,,,
c02d75ff-4f73-41c3-8746-ab67f279f46b,01,HIL Heeresinstandsetzungslogistik GmbH,992-80013-14,Bonn,53123,DEA22,DEU,,,buyer,,pub-undert-cga,,,,
c02d75ff-4f73-41c3-8746-ab67f279f46b,01,Bundeskartellamt Vergabekammer des Bundes,t:022894990,Bonn,53113,DEA22,DEU,https://www.bundeskartellamt.de/,,reviewer,,,,,,
9c21c7b4-fd30-4a13-b41c-fd92aa83e5f8,01,Bundesanstalt für Immobilienaufgaben,991-80032-33,Bonn,53119,DEA22,DEU,https://www.bundesimmobilien.de,,buyer,,anst-oer-bund,,,,
9c21c7b4-fd30-4a13-b41c-fd92aa83e5f8,01,"Bundeskartellamt, Vergabekammern des Bundes",022894990,Bonn,53113,DEA22,DEU,,,reviewer,,,,,,
325cac3c-ba5f-4058-8524-ec5a6b5562c7,01,DB Netz AG (Bukr 16),f45ee0d3-f9b6-44f0-846d-0c10b6f61a37,Frankfurt Main,60327,DE712,DEU,https://www.deutschebahn.com/bieterportal,,buyer,,,,,,
325cac3c-ba5f-4058-8524-ec5a6b5562c7,01,Vergabekammer des Bundes,0a9ea480-08e4-4ab6-bf12-d722d0ad54b6,Bonn,53113,DEA22,DEU,,,reviewer,,,,,,
325cac3c-ba5f-4058-8524-ec5a6b5562c7,01,DB Bahnbau Gruppe GmbH,7556ea6e-881d-4711-bbf4-31319620cd31,Berlin,12489,DE300,DEU,,,tenderer,,,,,,
4466d3d1-354c-4dfd-80f1-470c81110cc7,01,Technische Betriebe Rheine,055660076076-33006-05,Rheine,48431,DEA37,DEU,,,buyer,,kommun-beh,,,,
4466d3d1-354c-4dfd-80f1-470c81110cc7,01,Vergabekammer Westfalen bei der Bezirksregierung Münster,05515-03004-07,Münster,48147,DEA33,DEU,https://www.bezreg-muenster.de,,reviewer,,,,,,
4466d3d1-354c-4dfd-80f1-470c81110cc7,01,HINZ Ingenieure GmbH,HRB 4214 Münster,Münster,48159,DEA33,DEU,,,tenderer,,,,small,DEU,False
a450274a-fe7c-4dc9-99e0-a78b2904e3dd,01,"Bundesstadt Bonn, Referat Vergabedienste",05314-31001-65,Bonn,53111,DEA22,DEU,http://www.bonn.de,,buyer,,kommun-beh,,,,
a450274a-fe7c-4dc9-99e0-a78b2904e3dd,01,Vergabekammer Westfalen,05515-03004-07,Münster,48147,DEA33,DEU,https://www.bezreg-muenster.de/themen/wirtschaft-kultur-und-kommunales/vergabekammer-westfalen,,reviewer,,,,,,
a450274a-fe7c-4dc9-99e0-a78b2904e3dd,01,Töpfer Wahlen Architekten GmbH,DE 814 393 523,Köln,50859,DEA23,DEU,,,tenderer,,,,medium,DEU,False
d9ab1893-476e-41db-ad82-62adfc75f439,01,Landeshauptstadt Wiesbaden - Der Magistrat,06 4 14 000 - PG0100210000 - 63,Wiesbaden,65183,DE714,DEU,https://www.wiesbaden.de,,buyer,https://www.wiesbaden.de,kommun-beh,,,,
d9ab1893-476e-41db-ad82-62adfc75f439,01,Vergabekammer des Landes Hessen beim Regierungspräsidium Darmstadt,06-2261630029-17,Darmstadt,64283,DE711,DEU,http://www.rp-darmstadt.hessen.de/,,reviewer,,,,,,
d9ab1893-476e-41db-ad82-62adfc75f439,01,Vergabekammer des Landes Hessen beim Regierungspräsidium Darmstadt,06-2261630029-17,Darmstadt,64283,DE711,DEU,http://www.rp-darmstadt.hessen.de/,,,,,,,,
d9ab1893-476e-41db-ad82-62adfc75f439,01,Ed. Züblin AG,DE147843723,Frankfurt am Main,60327,DE712,DEU,,,tenderer,,,,large,,False
1cbc2be9-77e9-4ffa-9a20-800fad6e93c3,01,"Stadt Halle (Saale), Fachbereich Recht, Team Vergabe Bauleistungen/Bauplanungen",Leitweg-ID: DE 110/144/40390,Halle (Saale),06108,DEE02,DEU,https://halle.de,,buyer,,kommun-beh,,,,
1cbc2be9-77e9-4ffa-9a20-800fad6e93c3,01,1. Vergabekammer beim Landesverwaltungsamt Sachsen-Anhalt,keine Angaben,Halle (Saale),06112,DEE02,DEU,https://www.lvwa.sachsen-anhalt.de,,reviewer,,,,,,
1cbc2be9-77e9-4ffa-9a20-800fad6e93c3,01,"Stadt Halle (Saale), Fachbereich Recht, Abteilung Vergabe, z.H. Herr Kemnitzer",Leitweg-ID: DE 110/144/40390,Halle (Saale),06108,DEE02,DEU,https://halle.de,,,,,,,,
1cbc2be9-77e9-4ffa-9a20-800fad6e93c3,01,Komplett Bau Ringleben GmbH,DE 257612185,Bad Frankenhausen OT Ringleben,06567,DEG0A,DEU,,,tenderer,,,,small,DEU,False
a5a8d359-ffca-4d30-8c7f-1be5e578381a,01,BWI GmbH,992-80159-61,München,80637,DE300,DEU,,,buyer,,pub-undert,,,,
a5a8d359-ffca-4d30-8c7f-1be5e578381a,01,Vergabekammer des Bundes beim Bundeskartellamt,Vergabekammer des Bundes,Bonn,53113,DEA22,DEU,https://www.bundeskartellamt.de,,reviewer,,,,,,
a5a8d359-ffca-4d30-8c7f-1be5e578381a,01,Deloitte Consulting GmbH,DE180108746,Düsseldorf,40476,DEA11,DEU,,,tenderer,,,,large,,True
cbc38ace-ae5a-48fb-826f-0e56e65dcf44,01,ZRE Zentrum für Ressourcen und Energie GmbH,0000,Hamburg,22113,DE600,DEU,,,buyer,,koerp-oer-kommun,,,,
cbc38ace-ae5a-48fb-826f-0e56e65dcf44,01,MVR Müllverwertung Rugenberger Damm GmbH,0000,Hamburg,21129,DE600,DEU,,,buyer,,koerp-oer-bund,,,,
cbc38ace-ae5a-48fb-826f-0e56e65dcf44,01,Vergabekammer Hamburg bei der Finanzbehörde,000,Hamburg,20354,DE600,DEU,,,reviewer,,,,,,
cbc38ace-ae5a-48fb-826f-0e56e65dcf44,01,AWARE7 GmbH,OF-01,Gelsenkirchen,45886,DEA32,DEU,,,winner,,,,small,DEU,
cc2d829a-34b8-48aa-a872-94a33787ac01,01,SBH | Schulbau Hamburg,62f0f0af-9431-411a-8f96-be7b21daafb8,Hamburg,20355,DE600,DEU,https://schulbau.hamburg,,buyer,https://schulbau.hamburg,omu-lbeh,,,,
cc2d829a-34b8-48aa-a872-94a33787ac01,01,Vergabekammer bei der Behörde für Stadtentwicklung und Wohnen,19a7d79f-4d82-4e82-ae5c-6ee7ea5df0b5,Hamburg,21109,DE600,DEU,https://www.hamburg.de/behoerdenfinder/info/11725154/,,reviewer,,,,,,
cc2d829a-34b8-48aa-a872-94a33787ac01,01,SBH | Schulbau Hamburg,85b322a2-fc67-45d7-b38d-202dd3dddec4,Hamburg,20355,DE600,DEU,https://schulbau.hamburg,,,,,,,,
722a34d1-9a70-44a5-b131-3aa7cecb3bf0,01,Gebäudemanagementbetrieb der Landeshauptstadt Saarbrücken - GMS,10041100-6030000001-85,Saarbrücken,66111,DEC01,DEU,https://www.gms.saarbruecken.de,,buyer,https://www.gms.saarbruecken.de,kommun-beh,,,,
722a34d1-9a70-44a5-b131-3aa7cecb3bf0,01,Vergabekammern des Saarlandes,10000000-00108010000001-47,Saarbrücken,66119,DEC01,DEU,https://www.saarland.de/mwide/DE/themen-aufgaben/weitere_aufgaben/vergabekammern/vergabekammern,,reviewer,,,,,,
722a34d1-9a70-44a5-b131-3aa7cecb3bf0,01,Vergabekammern des Saarlandes,10000000-00108010000001-47,Saarbrücken,66119,DEC01,DEU,https://www.saarland.de/mwide/DE/themen-aufgaben/weitere_aufgaben/vergabekammern/vergabekammern,,,,,,,,
9826794f-f8d4-41f5-94ae-1471d8dd3eaf,01,Dataport AöR,dba341b0-c408-43df-936c-e8a53c650e2e,Altenholz,24161,DEF0B,DEU,https://www.dataport.de,,buyer,https://vergabeverfahren.dataport.de,anst-oer-land,,,,
9826794f-f8d4-41f5-94ae-1471d8dd3eaf,01,Vergabekammer Schleswig-Holstein,6a40e611-eaa5-4a21-b775-c4ff3cfa8425,Kiel,24105,DEF02,DEU,http://www.schleswig-holstein.de/DE/Themen/V/vergabekammer.html,,reviewer,,,,,,
2cd44b0b-edc9-4120-b18a-2d8c35a43d9a,01,Technische Universität Dortmund,DE 811 258 273,Dortmund,44227,DEA52,DEU,http://www.tu-dortmund.de,,buyer,,koerp-oer-land,,,,
2cd44b0b-edc9-4120-b18a-2d8c35a43d9a,01,Vergabekammer Westfalen,05515-03004-07,Münster,48147,DEA33,DEU,http://www.bezreg-muenster.nrw.de/de/wirtschaft_finanzen_kommunalaufsicht/vergabekammer_westfalen/index.html,,reviewer,,,,,,
af662d6d-6dd9-47a9-b947-69930e5be98a,01,Landesbetrieb Straßenbau NRW - Regionalniederlassung Sauerland-Hochstift,05515-09001-58,Meschede,59872,DEA57,DEU,,,buyer,,omu-lbeh,,,,
af662d6d-6dd9-47a9-b947-69930e5be98a,01,Landesbetrieb Straßenbau NRW - Regionalniederlassung Sauerland-Hochstift,05515-09001-58,Meschede,59872,DEA57,DEU,,,,,,,,,
af662d6d-6dd9-47a9-b947-69930e5be98a,01,Vergabekammer Westfalen,05515-03004-07,Münster,48147,DEA33,DEU,,,reviewer,,,,,,
af662d6d-6dd9-47a9-b947-69930e5be98a,01,Betriebssitz Gelsenkirchen,05515-09001-58_,Gelsenkirchen,45888,DEA32,DEU,,,mediator,,,,,,
af662d6d-6dd9-47a9-b947-69930e5be98a,01,Konstruktionsgruppe Bauen AG,deutsch,Kempten,87435,DE273,DEU,,,tenderer,,,,medium,DEU,False
76a4abec-70c6-4ed9-84f2-9cc496ac0c8d,01,DB InfraGO AG – Geschäftsbereich Fahrweg (Bukr 16),fb197f94-7578-4673-8a57-4642ae120532,Frankfurt Main,60327,DE712,DEU,http://www.deutschebahn.com/bieterportal/,,buyer,,,,,,
76a4abec-70c6-4ed9-84f2-9cc496ac0c8d,01,Vergabekammer des Bundes,0a9ea480-08e4-4ab6-bf12-d722d0ad54b6,Bonn,53113,DEA22,DEU,,,reviewer,,,,,,
76a4abec-70c6-4ed9-84f2-9cc496ac0c8d,01,RiskConsult GmbH,6dab1d8c-16c4-4e80-ba90-24571153d6d7,Innsbruck,6020,DEF03,AUT,,,tenderer,,,,medium,,
09b85bf3-4637-4ffe-b72a-f4a851f18c50,01,Landratsamt Main-Tauber-Kreis,00,Tauberbischofsheim,97941,DE11B,DEU,https://www.main-tauber-kreis.de,,buyer,https://www.vergabe24.de,kommun-beh,,,,
09b85bf3-4637-4ffe-b72a-f4a851f18c50,01,Vergabekammer Baden-Württemberg Regierungspräsidium Karlsruhe,0725642,Karlsruhe,76137,DE122,DEU,,,reviewer,,,,,,
b8ee89a5-dff2-4f48-8e18-3179c15c7176,01,EnBW Energie Baden-Württemberg AG,DE812334050,Karlsruhe,76131,DE122,DEU,https://www.enbw.com,,buyer,,,,,,
b8ee89a5-dff2-4f48-8e18-3179c15c7176,01,Vergabekammer Baden-Württemberg,t:07219268730,Karlsruhe,76137,DE122,DEU,,,reviewer,,,,,,
b8ee89a5-dff2-4f48-8e18-3179c15c7176,01,Bilfinger Industrial Services GmbH,ATU15600605,Linz,4030,AT312,AUT,,,tenderer,,,,large,,False
f913dfbe-62c2-4805-8fe3-57bcb9b041c4,01,(KIT),DE266749428,Eggenstein-Leopoldshafen,76344,DE123,DEU,http://www.kit.edu,,buyer,,koerp-oer-land,,,,
f913dfbe-62c2-4805-8fe3-57bcb9b041c4,01,Vergabekammer Baden-Württemberg beim Regierungspräsidium Karlsruhe,08-A9866-40,Karlsruhe,76137,DE122,DEU,,,mediator,,,,,,
f913dfbe-62c2-4805-8fe3-57bcb9b041c4,01,(KIT),DE266749428,Eggenstein-Leopoldshafen,76344,DE123,DEU,http://www.kit.edu,,reviewer,,,,,,
508ca28a-585d-4af7-ae3e-01f3b25617b3,01,Gemeinde Zöllnitz (über VG Südliches Saaletal),16074114-0001-06,Kahla,07768,DEG0J,DEU,https://www.vg-suedliches-saaletal.de/verzeichnis/visitenkarte.php?mandat=250519,,buyer,,kommun-beh,,,,
508ca28a-585d-4af7-ae3e-01f3b25617b3,01,BBS Gefahrenabwehrplanung GmbH,DE276233331,Hamburg,22335,DE600,DEU,,,serv-prov,,,,,,
508ca28a-585d-4af7-ae3e-01f3b25617b3,01,Vergabekammer des Freistaats Thüringen beim Thüringer Landesverwaltungsamt,DE.Justiz.dc83eede-fdc9-4967-9466-1dc975e06a65.0c3b,Weimar,99423,DEG05,DEU,https://landesverwaltungsamt.thueringen.de/wirtschaft/vergabekammer,,reviewer,,,,,,
508ca28a-585d-4af7-ae3e-01f3b25617b3,01,Albert Ziegler GmbH,HRB 730059 Ulm,Giengen,89537,DE11C,DEU,http://ziegler.de,,tenderer,,,,large,,True
508ca28a-585d-4af7-ae3e-01f3b25617b3,01,BTL Brandschutz Technik GmbH Leipzig,B 27440 Leipzig,Kabelsketal,06184,DEE0B,DEU,http://btl-brandschutz.de,,tenderer,,,,medium,DEU,False
b96be751-fb7a-4b0e-8c51-95cf2f0b6932,01,Sana-Krankenhaus Hürth GmbH,HRB 43461,Hürth,50357,DEA27,DEU,https://www.sana.de/huerth.de,,buyer,https://www.sana.de/huerth.de,org-sub,,,,
b96be751-fb7a-4b0e-8c51-95cf2f0b6932,01,Karl-Olga Krankenhaus,HRB 11538,Stuttgart,70190,DE111,DEU,https://www.sana.de/kok-stuttgart,,buyer,,org-sub,,,,
b96be751-fb7a-4b0e-8c51-95cf2f0b6932,01,Sana-Krankenhaus Rügen GmbH,HRB 112,Bergen,18528,DE80L,DEU,https://www.sana.de/ruegen,,buyer,,org-sub,,,,
b96be751-fb7a-4b0e-8c51-95cf2f0b6932,01,Sana-Herzzentrum Cottbus GmbH,HR Cottbus 4517,Cottbus,03048,DE402,DEU,https://www.sana.de/herzzentrum-cottbus,,buyer,,org-sub,,,,
b96be751-fb7a-4b0e-8c51-95cf2f0b6932,01,Sana-Klinikum Remscheid GmbH,11671,Remscheid,42859,DEA18,DEU,https://www.sana.de/remscheid,,buyer,,org-sub,,,,
b96be751-fb7a-4b0e-8c51-95cf2f0b6932,01,Herzzentrum Dresden GmbH - Universitätsklinik Dresden,HRB 20324,Dresden,01307,DED21,DEU,https://www.sana.de/herzzentrum-dresden,,buyer,,org-sub,,,,
b96be751-fb7a-4b0e-8c51-95cf2f0b6932,01,Sana Kliniken Lübeck GmbH,HRB 5157,Lübeck,23560,DEF03,DEU,https://www.sana.de/luebeck,,buyer,,org-sub,,,,
b96be751-fb7a-4b0e-8c51-95cf2f0b6932,01,Sana Klinikum Hof GmbH,HRB 38 66,Hof,95032,DE244,DEU,https://www.sana.de/hof,,buyer,,org-sub,,,,
b96be751-fb7a-4b0e-8c51-95cf2f0b6932,01,Sana Klinik Pegnitz GmbH,HRB 4203,Pegnitz,91257,DE246,DEU,https://www.sana.de/pegnitz,,buyer,,org-sub,,,,
b96be751-fb7a-4b0e-8c51-95cf2f0b6932,01,Sana Rehabilitationsklinik Sommerfeld GmbH,HRB 60581,Kremmen,16766,DE40A,DEU,https://www.sana.de/sommerfeld,,buyer,,org-sub,,,,
b96be751-fb7a-4b0e-8c51-95cf2f0b6932,01,Sana Gesundheitszentren Berlin-Brandenburg GmbH,HRB 43259,Berlin,10365,DE300,DEU,https://www.sana.de/gesundheitszentren-berlin/impressum,,buyer,,org-sub,,,,
b96be751-fb7a-4b0e-8c51-95cf2f0b6932,01,Sana Kliniken Düsseldorf GmbH,HRB 37695,Düsseldorf,40625,DEA11,DEU,https://www.sana.de/duesseldorf,,buyer,,org-sub,,,,
b96be751-fb7a-4b0e-8c51-95cf2f0b6932,01,Sana Kliniken Duisburg GmbH,HRB 8394,Duisburg,47055,DEA12,DEU,https://www.sana.de/duisburg,,buyer,,org-sub,,,,
b96be751-fb7a-4b0e-8c51-95cf2f0b6932,01,Gesundheitseinrichtungen Hameln-Pyrmont GmbH,DE248953461,Hameln,31785,DE923,DEU,https://www.sana.de/hameln,,buyer,,org-sub,,,,
b96be751-fb7a-4b0e-8c51-95cf2f0b6932,01,Lausitzer Seenland Klinikum GmbH,16019,Hoyerswerda,02977,DED2C,DEU,https://www.sana.de/seenlandklinikum,,buyer,,org-sub,,,,
b96be751-fb7a-4b0e-8c51-95cf2f0b6932,01,Klinikum Dahme-Spreewald GmbH,HRB 6759CB,Lübben,15907,DE406,DEU,https://www.klinikum-ds.de/,,buyer,,org-sub,,,,
b96be751-fb7a-4b0e-8c51-95cf2f0b6932,01,Krankenhaus Rummelsberg GmbH,HRB 21087,Schwarzenbruck,90592,DE259,DEU,https://www.sana.de/rummelsberg,,buyer,,org-sub,,,,
b96be751-fb7a-4b0e-8c51-95cf2f0b6932,01,Sana Kliniken des Landkreises Cham gGmbH,HRB 10248,Cham,93413,DE235,DEU,https://www.sana.de/cham,,buyer,,org-sub,,,,
b96be751-fb7a-4b0e-8c51-95cf2f0b6932,01,Sana HANSE-Klinikum Wismar GmbH,HRB 8919,Wismar,23966,DE80M,DEU,https://www.sana.de/wismar,,buyer,,org-sub,,,,
b96be751-fb7a-4b0e-8c51-95cf2f0b6932,01,Sana Krankenhaus Radevormwald gGmbH,HRB 52519,Radevormwald,42477,DEA2A,DEU,https://www.sana.de/radevormwald,,buyer,,org-sub,,,,
b96be751-fb7a-4b0e-8c51-95cf2f0b6932,01,Sana Kliniken Landkreis Biberach GmbH,HRB 641642,Biberach,88400,DE146,DEU,https://www.sana.de/biberach,,buyer,,org-sub,,,,
b96be751-fb7a-4b0e-8c51-95cf2f0b6932,01,Sana Klinikum Offenbach GmbH,HRB 41012,Offenbach,63069,DE713,DEU,https://www.sana.de/offenbach.de,,buyer,,org-sub,,,,
b96be751-fb7a-4b0e-8c51-95cf2f0b6932,01,Sana Kliniken Leipziger Land GmbH,HRB 14980,Borna,04552,DED52,DEU,https://www.sana.de/leipzigerland,,buyer,,org-sub,,,,
b96be751-fb7a-4b0e-8c51-95cf2f0b6932,01,Sana Dreifaltigkeits-Krankenhaus-Köln GmbH,HRB 7404,Köln,50933,DEA23,DEU,https://www.sana.de/koeln,,buyer,,org-sub,,,,
b96be751-fb7a-4b0e-8c51-95cf2f0b6932,01,Sana Klinik München GmbH (ehem. Sana Kliniken Solln Sendling GmbH),HRB 85580,München,81369,DEA18,DEU,https://www.sana.de/muenchen,,buyer,,org-sub,,,,
b96be751-fb7a-4b0e-8c51-95cf2f0b6932,01,Sana Fabricius-Klinik Remscheid GmbH,HRB 11073,Remscheid,42853,DEA18,DEU,https://www.sana.de/fabricius-remscheid,,buyer,,org-sub,,,,
b96be751-fb7a-4b0e-8c51-95cf2f0b6932,01,Sana Krankenhaus Bad Doberan GmbH,HRB 7519,Hohenfelde,18209,DE80K,DEU,https://www.sana.de/bad-doberan,,buyer,,org-sub,,,,
b96be751-fb7a-4b0e-8c51-95cf2f0b6932,01,"Evangelisches Krankenhaus ""Gottesfriede"" in Woltersdorf GmbH",HRB 170700,Woltersdorf,15569,DE40C,DEU,https://www.sana.de/woltersdorf,,buyer,,org-sub,,,,
b96be751-fb7a-4b0e-8c51-95cf2f0b6932,01,Regio Kliniken GmbH,HRB 6004 PI,Elmshorn,25337,DEF09,DEU,https://www.sana.de/regiokliniken,,buyer,,org-sub,,,,
b96be751-fb7a-4b0e-8c51-95cf2f0b6932,01,Sana Kliniken Niederlausitz gGmbH,HRB 2774,Senftenberg,01968,DE40B,DEU,https://www.sana.de/niederlausitz,,buyer,,org-sub,,,,
b96be751-fb7a-4b0e-8c51-95cf2f0b6932,01,Sana Kliniken AG,HRB 170700,Ismaning,85737,DE21H,DEU,https://www.sana.de/,,buyer,,org-sub,,,,
b96be751-fb7a-4b0e-8c51-95cf2f0b6932,01,Sana Einkauf & Logistik GmbH,HRB 170700,Ismaning,85737,DE21H,DEU,https://www.sana.de/einkauf-logistik,,buyer,,org-sub,,,,
b96be751-fb7a-4b0e-8c51-95cf2f0b6932,01,Sana Kliniken Berlin-Brandenburg GmbH,HRB 43259,Berlin,10365,DE300,DEU,,,buyer,,org-sub,,,,
b96be751-fb7a-4b0e-8c51-95cf2f0b6932,01,Sana Krankenhaus Templin GmbH,DE174470447,Templin,17268,DE40I,DEU,https://www.sana.de/templin,,buyer,,org-sub,,,,
b96be751-fb7a-4b0e-8c51-95cf2f0b6932,01,Sana Kliniken Sommerfeld GmbH,HRB 60581,Kremmen,16766,DE40A,DEU,https://www.sana.de/sommerfeld,,buyer,,org-sub,,,,
b96be751-fb7a-4b0e-8c51-95cf2f0b6932,01,Sana Paulinenkrankenhaus gGmbH,HRB 212848 B,Berlin,14055,DE300,DEU,https://www.sana.de/paulinenkrankenhaus,,buyer,,org-sub,,,,
b96be751-fb7a-4b0e-8c51-95cf2f0b6932,01,Sana Kliniken Oberfranken Coburg GmbH,HRB 3040,Coburg,96450,DE243,DEU,,,buyer,,org-sub,,,,
b96be751-fb7a-4b0e-8c51-95cf2f0b6932,01,Sana Helmut-G.-Walther-Klinikum Lichtenfels GmbH,HRB 3914,Lichtenfels,96215,DE24C,DEU,https://www.sana.de/lichtenfels,,buyer,,org-sub,,,,
b96be751-fb7a-4b0e-8c51-95cf2f0b6932,01,Sana Kliniken Muldental GmbH,HRB 20554,Wurzen,04808,DED52,DEU,,,buyer,,org-sub,,,,
b96be751-fb7a-4b0e-8c51-95cf2f0b6932,01,Sana IT Services GmbH,HRB 116522,Ismaning,85737,DE21H,DEU,https://www.sana.de/,,buyer,,org-sub,,,,
b96be751-fb7a-4b0e-8c51-95cf2f0b6932,01,Sana Klinikum Lichtenberg (Träger Sana Kliniken Berlin-Brandenburg GmbH),HRB 43259,Berlin,10365,DE300,DEU,https://www.sana.de/berlin,,buyer,,org-sub,,,,
b96be751-fb7a-4b0e-8c51-95cf2f0b6932,01,Evangelisches Krankenhaus BETHESDA zu Duisburg GmbH,HRB 727,Duisburg,47053,DEA12,DEU,,,buyer,,org-sub,,,,
b96be751-fb7a-4b0e-8c51-95cf2f0b6932,01,Sana Park-Klinik Weißensee GmbH,HRB 283329,Berlin,13086,DE300,DEU,https://www.parkkliniken-weissensee.de/,,buyer,,org-sub,,,,
b96be751-fb7a-4b0e-8c51-95cf2f0b6932,01,Sana Kliniken Oberfranken Neustadt GmbH,HRB 5181,Neustadt bei Coburg,96465,DE247,DEU,https://www.sana.de/neustadt,,buyer,,org-sub,,,,
b96be751-fb7a-4b0e-8c51-95cf2f0b6932,01,Vergabekammer Südbayern Regierung von Oberbayern,09-0318006-60,München,80534,DE212,DEU,,,reviewer,,,,,,
f9dc1e05-3689-41bc-b82b-4ebe5fc1ffb5,01,Schulverband Adelsried-Bonstetten,DE 127508341,Adelsried,86477,DE276,DEU,https://www.gemeinde-adelsried.de,,buyer,https://www.staatsanzeiger-eservices.de,kommun-beh,,,,
f9dc1e05-3689-41bc-b82b-4ebe5fc1ffb5,01,"Regierung von Oberbayern, Vergabekammer Südbayern",DE 811335517,München,80534,DE212,DEU,,,reviewer,,,,,,
2cffc857-8981-4b4c-b243-57cfade63ceb,01,Grün Berlin GmbH,HRB: 15772 Amtsgericht Charlottenburg,Berlin,12099,DE300,DEU,https://gruen-berlin.de,,buyer,,pub-undert-la,,,,
2cffc857-8981-4b4c-b243-57cfade63ceb,01,Vergabekammer des Landes Berlin,11-1300000V00-74,Berlin,10825,DE300,DEU,http://www.berlin.de/sen/wirtschaft/wirtschaft/wirtschaftsrecht/vergabekammer/,,reviewer,,,,,,
2cffc857-8981-4b4c-b243-57cfade63ceb,01,STELU Metallbau-Haustechnik GmbH,DE 253394483,Luplow,17091,DE80J,DEU,,,winner,,,,medium,DEU,
1287fcbe-fcb9-41ca-bf3c-a0de9daf4b9e,01,Zweckverband Klärwerk Steinhäule,'-,Neu-Ulm,89233,DE279,DEU,https://www.zvk-s.de,,buyer,,kommun-beh,,,,
1287fcbe-fcb9-41ca-bf3c-a0de9daf4b9e,01,Vergabekammer Baden-Württenberg bei RP Karlsruhe,0,Karlsruhe,76131,DE122,DEU,,,reviewer,,,,,,
f439fc31-d3e0-4ed6-b2be-171c7602f2de,01,Stadt Rheine,055660076076-31001-06,Rheine,48431,DEA37,DEU,,,buyer,,kommun-beh,,,,
f439fc31-d3e0-4ed6-b2be-171c7602f2de,01,Vergabekammer Westfalen bei der Bezirksregierung Münster,05515-03004-07,Münster,48147,DEA33,DEU,https://www.bezreg-muenster.de,,reviewer,,,,,,
f439fc31-d3e0-4ed6-b2be-171c7602f2de,01,Bolte KG,HRA 3556 Steinfurt,Rheine,48431,DEA37,DEU,http://www.bolte-kg.de,,tenderer,,,,small,DEU,False
1ab5d1a7-fe8d-419a-9db7-79d39fe0c7e2,01,Landkreis Traunstein,0918900000 0051 75,Traunstein,83278,DE21M,DEU,https://traunstein.bayern,,buyer,https://www.traunstein.bayern,kommun-beh,,,,
1ab5d1a7-fe8d-419a-9db7-79d39fe0c7e2,01,Regierung von Oberbayern - Vergabekammer Südbayern,t:08921762411,München,80538,DE212,DEU,,,reviewer,,,,,,
1ab5d1a7-fe8d-419a-9db7-79d39fe0c7e2,01,SG 1.51 Hochbau und Bildung,t:086158440,Traunstein,83278,DE21M,DEU,https://traunstein.bayern,,serv-prov,,,,,,
1ab5d1a7-fe8d-419a-9db7-79d39fe0c7e2,01,ASS-Einrichtungssysteme GmbH,DE218715721,Stockheim,96342,DE24A,DEU,,,winner,,,,large,DEU,
5cff7c10-1e0e-4abe-8f0b-b6345a1362a0,01,Staatliches Bauamt Schweinfurt,t:09721203305,Schweinfurt,97422,DE262,DEU,https://www.stbasw.bayern.de,,buyer,https://www.vergabe.bayern.de,omu-lbeh,,,,
5cff7c10-1e0e-4abe-8f0b-b6345a1362a0,01,Regierung Mittelfranken - Vergabekammer Nordbayern,09-0358002-61,Ansbach,91544,DE251,DEU,https://www.regierung.mittelfranken.bayern.de,,reviewer,,,,,,
5cff7c10-1e0e-4abe-8f0b-b6345a1362a0,01,Staatliches Bauamt Schweinfurt - Vergabestelle,09-0996207-32,Schweinfurt,97422,DE262,DEU,https://www.stbasw.bayern.de,,serv-prov,,,,,,
ff2104f9-1865-47f2-9eb6-492ec5350a0f,01,Bundeswehr-Dienstleistungszentrum Oldenburg,DE288194183,Oldenburg,26135,DE943,DEU,http://www.evergabe-online.de/,,buyer,,omu-bbeh,,,,
ff2104f9-1865-47f2-9eb6-492ec5350a0f,01,Bundeskartellamt,t: 022894990,Bonn,53113,DEA22,DEU,,,reviewer,,,,,,
ff2104f9-1865-47f2-9eb6-492ec5350a0f,01,Bartels Kraftfahrzeugges. mbH,DE115693915,Hannover,30165,DE929,DEU,,,tenderer,,,,small,,False
01a0a407-b934-4e84-9bc5-759b0283b54d,01,Studierendenwerk Siegen,05770004004-32003-78,Siegen,57076,DEA5A,DEU,https://www.studierendenwerk-siegen.de/,,buyer,,anst-oer-land,,,,
01a0a407-b934-4e84-9bc5-759b0283b54d,01,first energy GmbH,DE296845901,Kaufungen,34260,DE734,DEU,,,,,,,,,
01a0a407-b934-4e84-9bc5-759b0283b54d,01,Vergabekammer Westfalen,05515-03004-07,Münster,48147,DEA33,DEU,,,reviewer,,,,,,
c9741f16-aea4-4b1f-905d-999a6eff6661,01,"Landesamt für Natur, Umwelt und Klima NRW",05113-10001-62,Recklinghausen,45659,DEA36,DEU,https://www.lanuk.nrw.de,,buyer,,omu-lbeh,,,,
c9741f16-aea4-4b1f-905d-999a6eff6661,01,Vergabekammer Westfalen,'+49 251-411-0,Münster,48147,DEA33,DEU,https://www.bezreg-muenster.de/de/wirtschaft_finanzen_kommunalaufsicht/vergabekammer_westfalen/index.html,,reviewer,,,,,,
c9741f16-aea4-4b1f-905d-999a6eff6661,01,MOHAG Motorwagen-Handelsgesellschaft mbH,DE 230 825 446,Gelsenkirchen,45891,DEA32,DEU,,,tenderer,,,,large,DEU,False
7cf2f3fd-2cfd-4bdc-a91f-0617a3c607bb,01,Landkreis Vechta,03460-0-88,Vechta,49377,DE94F,DEU,https://www.landkreis-vechta.de,,buyer,https://www.deutsches-ausschreibungsblatt.de,kommun-beh,,,,
7cf2f3fd-2cfd-4bdc-a91f-0617a3c607bb,01,"Vergabekammer Niedersachsen beim Nds. Ministerium für Wirtschaft, Verkehr und Bauen",t:04131153308,Lüneburg,21339,DE935,DEU,https://www.mw.niedersachsen.de,,reviewer,,,,,,
dd867525-7c3b-4ca7-be75-717b59eb4294,01,Stadt Spaichingen,DE142927837,Spaichingen,78549,DE137,DEU,,,buyer,,koerp-oer-kommun,,,,
dd867525-7c3b-4ca7-be75-717b59eb4294,01,Menold Bezler Rechtsanwälte Steuerberater Wirtschaftsprüfer Partnerschaft mbB,PR 155 (Registergericht Stuttgart),Stuttgart,70191,DE111,DEU,http://www.menoldbezler.de,,serv-prov,,,,,,
dd867525-7c3b-4ca7-be75-717b59eb4294,01,Vergabekammer Baden-Württemberg beim Regierungspräsidium Karlsruhe,08-A9866-40,Karlsruhe,76131,DE122,DEU,,,reviewer,,,,,,
4c0e180b-bc9a-43e6-bac7-35fc4082df54,01,NRW.URBAN Kommunale Entwicklung GmbH,HRB 79640 Amtsgericht Düsseldorf,Düsseldorf,40547,DEA11,DEU,,,buyer,,,,,,
4c0e180b-bc9a-43e6-bac7-35fc4082df54,01,Bezirksregierung Münster,DE 164 242 157,Münster,48143,DEA33,DEU,https://www.bezreg-muenster.de,,reviewer,,,,,,
4c0e180b-bc9a-43e6-bac7-35fc4082df54,01,Knoll GmbH & Co. KG,HRA 120313 Osnabrück,Haren-Erika,49733,DE949,DEU,http://www.knoll-haren.de,,tenderer,,,,,,
50d1e5cc-c1ae-45b5-a685-505c1595d0c8,01,Landratsamt Main-Tauber-Kreis,00,Tauberbischofsheim,97941,DE11B,DEU,https://www.main-tauber-kreis.de,,buyer,https://www.vergabe24.de,kommun-beh,,,,
50d1e5cc-c1ae-45b5-a685-505c1595d0c8,01,Vergabekammer Baden-Württemberg Regierungspräsidium Karlsruhe,0725642,Karlsruhe,76137,DE122,DEU,,,reviewer,,,,,,
a9cb14a8-596e-478a-a3e9-d94670549370,01,Landratsamt Main-Tauber-Kreis,00,Tauberbischofsheim,97941,DE11B,DEU,https://www.main-tauber-kreis.de,,buyer,https://www.vergabe24.de,kommun-beh,,,,
a9cb14a8-596e-478a-a3e9-d94670549370,01,Vergabekammer Baden-Württemberg Regierungspräsidium Karlsruhe,0725642,Karlsruhe,76137,DE122,DEU,,,reviewer,,,,,,
ce81ab80-ec22-4e38-96c7-a762aaf4761a,01,Gebäudemanagement Schleswig-Holstein AöR,01-2002-79,Lübeck,23566,DEF03,DEU,https://www.gmsh.de,,,,,,,,
ce81ab80-ec22-4e38-96c7-a762aaf4761a,01,"Vergabekammer Schleswig-Holstein im Ministerium für Wirtschaft, Verkehr, Arbeit, Technologie und Tourismus",t:04319884640,Kiel,24105,DEF02,DEU,https://www.schleswig-holstein.de,,reviewer,,,,,,
ce81ab80-ec22-4e38-96c7-a762aaf4761a,01,Stadt Heide,t: 048168500,Heide,25746,DEF05,DEU,https://www.heide.de/,,buyer,https://www.e-vergabe-sh.de,kommun-beh,,,,
ce81ab80-ec22-4e38-96c7-a762aaf4761a,01,VS Vereinigte Spezialmöbelfabriken GmbH & Co. KG,DE 146587381,Dortmund,44141,DEA52,DEU,,,winner,,,,large,DEU,
154276a1-4b77-4421-affc-870c5617d15b,01,DEGES Deutsche Einheit Fernstraßenplanungs- und -bau GmbH,999999,Berlin,10117,DE300,DEU,https://www.deges.de,,buyer,https://vergabe.deges.de,pub-undert,,,,
154276a1-4b77-4421-affc-870c5617d15b,01,Vergabekammern des Bundes,'---,Bonn,53113,DEA22,DEU,,,reviewer,,,,,,
154276a1-4b77-4421-affc-870c5617d15b,01,DEGES - Abt. R5,999999,Berlin,10117,DE300,DEU,,,,,,,,,
154276a1-4b77-4421-affc-870c5617d15b,01,HNL Ingenieur- und Prüfgesellschaft mbH,DE134793936,Prisdorf,25497,DEF09,DEU,,,tenderer,,,,medium,,False
8bb86434-f323-438c-b410-688eea1e9382,01,Gemeindevorstand der Gemeinde Heuchelheim a. d. Lahn,'-,Heuchelheim,35452,DE721,DEU,,,buyer,,kommun-beh,,,,
8bb86434-f323-438c-b410-688eea1e9382,01,Vergabekammer des Landes Hessen beim Regierungspräsidium Darmstadt,t:06151126603,Darmstadt,64283,DE711,DEU,,,reviewer,,,,,,
8bb86434-f323-438c-b410-688eea1e9382,01,Dachtechnik Weinand und Pauken GmbH,DE191719022,Kaisersesch,56759,DEB1C,DEU,,,tenderer,,,,large,,False
44c726f4-e15d-43d3-84a5-0ceb2ecbff2a,01,Landratsamt Main-Tauber-Kreis,00,Tauberbischofsheim,97941,DE11B,DEU,https://www.main-tauber-kreis.de,,buyer,https://www.vergabe24.de,kommun-beh,,,,
44c726f4-e15d-43d3-84a5-0ceb2ecbff2a,01,Vergabekammer Baden-Württemberg Regierungspräsidium Karlsruhe,0725642,Karlsruhe,76137,DE122,DEU,,,reviewer,,,,,,
b225ac0d-7f96-4f8c-b700-3633e085621c,01,Berliner Wasserbetriebe,DE136630247,Berlin,10179,DE300,DEU,http://www.bwb.de,,buyer,http://www.bwb.de,anst-oer-land,,,,
b225ac0d-7f96-4f8c-b700-3633e085621c,01,Vergabekammer des Landes Berlin,UST-ID DE296830277,Berlin,10825,DE300,DEU,https://www.berlin.de/sen/wirtschaft/wirtschaft-und-technologie/wirtschaftsrecht/vergabekammer/,,reviewer,,,,,,
b225ac0d-7f96-4f8c-b700-3633e085621c,01,Vergabekammer des Landes Berlin,UST-ID DE296830277,Berlin,10825,DE300,DEU,https://www.berlin.de/sen/wirtschaft/wirtschaft-und-technologie/wirtschaftsrecht/vergabekammer/,,,,,,,,
b225ac0d-7f96-4f8c-b700-3633e085621c,01,Vergabekammer des Landes Berlin,UST-ID DE296830277,Berlin,10825,DE300,DEU,https://www.berlin.de/sen/wirtschaft/wirtschaft-und-technologie/wirtschaftsrecht/vergabekammer/,,mediator,,,,,,
b225ac0d-7f96-4f8c-b700-3633e085621c,01,Brenntag GmbH,DE811144348,Essen,46131,DEA13,DEU,,,tenderer,,,,large,,True
bf6239ed-5f02-4dd1-9d8d-7772fcc8eee0,01,Landkreis Vechta,03460-0-88,Vechta,49377,DE94F,DEU,https://www.landkreis-vechta.de,,buyer,https://www.deutsches-ausschreibungsblatt.de,kommun-beh,,,,
bf6239ed-5f02-4dd1-9d8d-7772fcc8eee0,01,"Vergabekammer Niedersachsen beim Nds. Ministerium für Wirtschaft, Verkehr und Bauen",t:04131153308,Lüneburg,21339,DE935,DEU,https://www.mw.niedersachsen.de,,reviewer,,,,,,
01a08a75-f5eb-4e4c-83c5-60b164ebe35b,01,Stadt Heidenau,14628160-SV01-66,Heidenau,01809,DED2F,DEU,https://www.heidenau.de,,buyer,,kommun-beh,,,,
01a08a75-f5eb-4e4c-83c5-60b164ebe35b,01,Vergabekammer des Freistaates Sachsen bei der Landesdirektion Sachsen,keine,Dresden,01099,DED21,DEU,,,reviewer,,,,,,
01a08a75-f5eb-4e4c-83c5-60b164ebe35b,01,PTF-Bau Meißen GmbH,keine,Meißen,01662,DED2E,DEU,,,tenderer,,,,small,,
01a08a75-f5eb-4e4c-83c5-60b164ebe35b,01,Meisterwerk Malermeister Steven Bäckmann,keine,Lichtenberg,01896,DED2F,DEU,,,tenderer,,,,small,,
01a08a75-f5eb-4e4c-83c5-60b164ebe35b,01,TOP Gebäudereinigung Sachsen GmbH & Co. KG,keine,Moritzburg/ OT Boxdorf,01468,DED2E,DEU,,,tenderer,,,,medium,,
01a08a75-f5eb-4e4c-83c5-60b164ebe35b,01,Lippert GmbH,keine,Pirna,01796,DED2F,DEU,,,tenderer,,,,medium,,
01a08a75-f5eb-4e4c-83c5-60b164ebe35b,01,Tischlerei Winkler,keine,Lampertswalde,01561,DED2E,DEU,,,tenderer,,,,small,,
01a08a75-f5eb-4e4c-83c5-60b164ebe35b,01,Trockenbau Großer GmbH & Co.KG,keine,Langenhennersdorf,01819,DED2F,DEU,,,tenderer,,,,medium,,
e79bb7f2-a797-4169-abb8-05686d80f70c,01,"Bundesrepublik Deutschland, vertreten durch das Bundesministerium des Innern, vertreten durch das Beschaffungsamt des BMI",t:0049228996100,Bonn,53119,DEA22,DEU,http://www.bescha.bund.de,,buyer,,omu-bbeh-niedrig,,,,
e79bb7f2-a797-4169-abb8-05686d80f70c,01,Vergabekammer des Bundes,t:022894990,Bonn,53113,DEA22,DEU,http://www.bundeskartellamt.de,,reviewer,,,,,,
e79bb7f2-a797-4169-abb8-05686d80f70c,01,INFODAS,DE122810060,Köln,50765,DEA23,DEU,,,tenderer,,,,medium,,False
9fab6856-357f-44cb-a8f7-1b3a015751da,01,"Land Hessen, vertreten durch das Hessische Competence Center -Beschaffungen-",DE 212 133 546,Wiesbaden,65189,DE714,DEU,https://vergabe.hessen.de,,buyer,,omu-lbeh,,,,
9fab6856-357f-44cb-a8f7-1b3a015751da,01,Vergabekammer des Landes Hessen beim Regierungspräsidium Darmstadt,DE 812 056 745,Darmstadt,64283,DE714,DEU,,,reviewer,,,,,,
9fab6856-357f-44cb-a8f7-1b3a015751da,01,Volkswafen Leasing GmbH,DE8111115317,Braunschweig,38112,DE911,DEU,,,tenderer,,,,large,,False
49e40c9c-e25d-42bb-a417-c5e2c40be8b5,01,Landesdirektion Sachsen,14-0304089LDS02-72,Chemnitz,09105,DED41,DEU,https://www.lds.sachsen.de/,,buyer,,omu-lbeh,,,,
49e40c9c-e25d-42bb-a417-c5e2c40be8b5,01,1. Vergabekammer des Freistaates Sachsen bei der Landesdirektion Sachsen,14-0304089LDS02-72,Leipzig,04107,DED51,DEU,https://www.lds.sachsen.de/index.asp?ID=4421&art_param=363,,reviewer,,,,,,
49e40c9c-e25d-42bb-a417-c5e2c40be8b5,01,1. Vergabekammer des Freistaates Sachsen bei der Landesdirektion Sachsen,14-0304089LDS02-72,Leipzig,04107,DED51,DEU,https://www.lds.sachsen.de/index.asp?ID=4421&art_param=363,,,,,,,,
1bc79d4d-4082-437e-9e3a-1e7a5bfcbe89,01,HTC Uhlenhorst Mülheim e.V.,Vereinsregisternummer (Amtsgericht Duisburg): 50713,Mülheim an der Ruhr,45479,DEA16,DEU,https://www.htc-uhlenhorst.de/,,buyer,,org-sub,,,,
1bc79d4d-4082-437e-9e3a-1e7a5bfcbe89,01,Vergabekammer Nordrhein-Westfalen bei der Bezirksregierung Münster,DE164242157,Münster,48147,DEA33,DEU,https://www.bezreg-muenster.de/de/wirtschaft_finanzen_kommunalaufsicht/vergabekammer_westfalen/index.html,,reviewer,,,,,,
1bc79d4d-4082-437e-9e3a-1e7a5bfcbe89,01,Elektro-Montagen Greb GmbH,DE119818827,Essen,45149,DEA13,DEU,https://www.elektro-greb.de/,,tenderer,,,,medium,DEU,False
24f04cdc-1d87-4457-9ca5-1dfd450fe67b,01,Stadt Nürnberg Hochbauamt SöR,c401a6a2-5015-4229-b0a7-0304ff817955,Nürnberg,90489,DE254,DEU,https://www.nuernberg.de/internet/hochbauamt/,,buyer,,kommun-beh,,,,
24f04cdc-1d87-4457-9ca5-1dfd450fe67b,01,Vergabekammer Nordbayern bei der Regierung von Mittelfranken,855daf8c-fe9f-4b20-b84c-8e495602d628,Ansbach,91522,DE251,DEU,https://www.regierung.mittelfranken.bayern.de/,,reviewer,,,,,,
24f04cdc-1d87-4457-9ca5-1dfd450fe67b,01,"Stadt Nürnberg, Rechtsamt, Abteilung 3-VMN",42c9c6cf-cf68-4f0a-863c-fd6e52b1ce0d,Nürnberg,90402,DE254,DEU,https://www.nuernberg.de/internet/rechtsamt/vergabemanagement.html,,,,,,,,
3c19ff19-7593-4294-ada0-ad71fa55a8f1,01,Landesamt für Steuern und Finanzen (ZeBS),14-0404012LSF01-23,Chemnitz,09111,DED41,DEU,https://www.lsf.sachsen.de/,,buyer,,omu-lbeh,,,,
3c19ff19-7593-4294-ada0-ad71fa55a8f1,01,1. Vergabekammer des Freistaates Sachsen bei der Landesdirektion Sachsen,vergabekammer@lds.sachsen.de,Leipzig,04107,DED51,DEU,https://www.lds.sachsen.de/index.asp?ID=4421&art_param=363,,reviewer,,,,,,
3c19ff19-7593-4294-ada0-ad71fa55a8f1,01,1. Vergabekammer des Freistaates Sachsen bei der Landesdirektion Sachsen,vergabekammer@lds.sachsen.de,Leipzig,04107,DED51,DEU,https://www.lds.sachsen.de/index.asp?ID=4421&art_param=363,,,,,,,,
4a448abd-7f1f-4052-987f-f9aea3df2fb9,01,"Stadt Bochum, Referat Zentrale Vergabestelle",05911-31001-89,Bochum,44787,DEA51,DEU,,,buyer,,kommun-beh,,,,
4a448abd-7f1f-4052-987f-f9aea3df2fb9,01,Vergabekammer Westfalen bei der Bezirksregierung Münster,05515-03004-07,Münster,48147,DEA33,DEU,,,reviewer,,,,,,
6c6fdea1-a35c-496f-ba69-5853b8cf1ed4,01,Deutsche Gesellschaft für Internationale Zusammenarbeit (GIZ) GmbH,993-80072-52,Eschborn,65760,DE71A,DEU,https://www.giz.de,,buyer,,pub-undert-cga,,,,
6c6fdea1-a35c-496f-ba69-5853b8cf1ed4,01,Vergabekammern des Bundes,022894990,Bonn,53113,DEA22,DEU,https://www.bundeskartellamt.de,,reviewer,,,,,,
ea6b8124-9d3e-47b1-8200-425ac8a738d0,01,Tourismusverband Spreewald e. V.,UStID 154439104,Vetschau/Spreewald,03226,DE40B,DEU,http://www.spreewald.de,,buyer,,pub-undert-ra,,,,
ea6b8124-9d3e-47b1-8200-425ac8a738d0,01,Auftragsberatungsstelle Brandenburg e.V.,DE213720220,Potsdam,14480,DE404,DEU,,,serv-prov,,,,,,
ea6b8124-9d3e-47b1-8200-425ac8a738d0,01,"Vergabekammer des Landes Brandenburg beim Ministerium Wirtschaft, Energie, Klimaschutz und Europa",t:03318661719,Potsdam,14473,DE404,DEU,https://mweke.brandenburg.de/de/vergabekammer-nachpr%C3%BCfungsverfahren/bb1.c.478846.de,,reviewer,,,,,,
ea6b8124-9d3e-47b1-8200-425ac8a738d0,01,PROJECT M GmbH,HRB 165964,Hamburg,20459,DE600,DEU,,,tenderer,,,,small,DEU,False
0f82d9af-1042-4efa-bedb-f3d607ed98fe,01,Landkreis Vechta,03460-0-88,Vechta,49377,DE94F,DEU,https://www.landkreis-vechta.de,,buyer,https://www.deutsches-ausschreibungsblatt.de,kommun-beh,,,,
0f82d9af-1042-4efa-bedb-f3d607ed98fe,01,"Vergabekammer Niedersachsen beim Nds. Ministerium für Wirtschaft, Verkehr und Bauen",t:04131153308,Lüneburg,21339,DE935,DEU,https://www.mw.niedersachsen.de,,reviewer,,,,,,
d62756f0-2007-4111-b118-e5f44c943b18,01,Gemeindeverwaltung Möglingen,DE146128227,Möglingen,71696,DE115,DEU,https://www.moeglingen.de/de/impressum,,buyer,https://plattform.aumass.de/Veroeffentlichung/av283292-eu,omu-lbeh,,,,
d62756f0-2007-4111-b118-e5f44c943b18,01,Vergabekammer Baden-Württemberg beim Regierungspräsidium Karlsruhe,'-,Karlsruhe,76137,DE122,DEU,https://rp.baden-wuerttemberg.de,,reviewer,,,,,,
cf7fd649-8c6c-4db7-aeaa-8b6adf173b11,01,"Stadt Frankfurt am Main, Grünflächenamt",DE 114 110 388,Frankfurt am Main,60327,DE712,DEU,https://www.vergabe.stadt-frankfurt.de,,buyer,https://www.vergabe.stadt-frankfurt.de,kommun-beh,,,,
cf7fd649-8c6c-4db7-aeaa-8b6adf173b11,01,Vergabekammern des Landes Hessen bei dem Regierungspräsidium Darmstadt,t:06151126603,Darmstadt,64283,DE711,DEU,,,reviewer,,,,,,
cf7fd649-8c6c-4db7-aeaa-8b6adf173b11,01,"Stadt Frankfurt am Main, Grünflächenamt",DE 114 110388,Frankfurt am Main,60327,DE712,DEU,https://www.vergabe.stadt-frankfurt.de,,,,,,,,
bb722a54-0ab3-4fed-ab47-3f00b6ada783,01,Gemeinde Hüllhorst über Kreis Minden-Lübbecke,6662,Minden,32423,DEA46,DEU,https://www.deutsche-evergabe.de,,buyer,https://www.deutsche-evergabe.de,kommun-beh,,,,
bb722a54-0ab3-4fed-ab47-3f00b6ada783,01,Vergabekammer Westfalen,feb66d38-d16d-4777-a417-140026327acc,Münster,48147,DEA33,DEU,,,reviewer,,,,,,
5f734b5e-89a1-4d03-87e5-eb2f15ad7a35,01,Struktur-Förderung Braunschweig GmbH,13413,Braunschweig,38100,DE911,DEU,https://www.deutsche-evergabe.de,,buyer,https://www.deutsche-evergabe.de,koerp-oer-kommun,,,,
5f734b5e-89a1-4d03-87e5-eb2f15ad7a35,01,"Vergabekammer Niedersachsen beim Nds. Ministerium für Wirtschaft, Arbeit, Verkehr und Digitalisierung",0261c3db-c009-4805-bf98-afff48993024,Lüneburg,21339,DE935,DEU,,,reviewer,,,,,,
069f2e57-7452-4eec-8c81-59e0faf49d5e,01,SBH | Schulbau Hamburg,62f0f0af-9431-411a-8f96-be7b21daafb8,Hamburg,20355,DE600,DEU,https://schulbau.hamburg,,buyer,https://schulbau.hamburg,omu-lbeh,,,,
069f2e57-7452-4eec-8c81-59e0faf49d5e,01,Vergabekammer bei der Behörde für Stadtentwicklung und Wohnen,19a7d79f-4d82-4e82-ae5c-6ee7ea5df0b5,Hamburg,21109,DE600,DEU,https://www.hamburg.de/behoerdenfinder/info/11725154/,,reviewer,,,,,,
069f2e57-7452-4eec-8c81-59e0faf49d5e,01,SBH | Schulbau Hamburg,85b322a2-fc67-45d7-b38d-202dd3dddec4,Hamburg,20355,DE600,DEU,https://schulbau.hamburg,,,,,,,,
c1fccf1b-9a52-4960-a3e3-1066df557382,01,Stadt Rheine,055660076076-31001-06,Rheine,48431,DEA37,DEU,,,buyer,,kommun-beh,,,,
c1fccf1b-9a52-4960-a3e3-1066df557382,01,Vergabekammer Westfalen bei der Bezirksregierung Münster,05515-03004-07,Münster,48147,DEA33,DEU,https://www.bezreg-muenster.de,,reviewer,,,,,,
c1fccf1b-9a52-4960-a3e3-1066df557382,01,Hagemann & Henrichsmann GmbH,DE124376107,Steinfurt,48565,DEA37,DEU,http://www.hagemann-henrichsmann.de,,tenderer,,,,small,DEU,False
7b2a1a74-b527-473f-a088-7888d6e200fb,01,Landesbetrieb Forst Brandenburg - Vergabemanagement Standort Eberswalde,DE 274547624,Eberswalde,16225,DE405,DEU,https://forst.brandenburg.de/lfb/de/,,buyer,,omu-lbeh,,,,
7b2a1a74-b527-473f-a088-7888d6e200fb,01,Vergabekammer des Landes Brandenburg,12-121096894457006-49,Potsdam,14473,DE404,DEU,https://mwae.brandenburg.de,,reviewer,,,,,,
7b2a1a74-b527-473f-a088-7888d6e200fb,01,"Ministerium für Land- und Ernährungswirtschaft, Umwelt und Verbraucherschutz des Landes Brandenburg",DE812803867,Potsdam,14467,DE404,DEU,https://mleuv.brandenburg.de/mleuv/de/,,mediator,,,,,,
26f1848e-d8d5-4ae3-8b0c-6dca3e4bee79,01,DB Netz AG (Bukr 16),f45ee0d3-f9b6-44f0-846d-0c10b6f61a37,Frankfurt Main,60327,DE712,DEU,https://www.deutschebahn.com/bieterportal,,buyer,,,,,,
26f1848e-d8d5-4ae3-8b0c-6dca3e4bee79,01,Vergabekammer des Bundes,0a9ea480-08e4-4ab6-bf12-d722d0ad54b6,Bonn,53113,DEA22,DEU,,,reviewer,,,,,,
26f1848e-d8d5-4ae3-8b0c-6dca3e4bee79,01,H. Klostermann Baugesellschaft mbH,2cd108e9-db2a-41c4-8afe-6c450bcdfc7c,Hamm-Uentrop,59071,DEA54,DEU,,,tenderer,,,,,,
0d06762e-e42a-44c3-96ef-618a5fa055fd,01,Universitätsklinikum Frankfurt,b4de81dd-0ac5-4bd1-9bae-1b5289e7368a,Frankfurt am Main,60590,DE712,DEU,https://www.unimedizin-ffm.de/,,buyer,,anst-oer-land,,,,
0d06762e-e42a-44c3-96ef-618a5fa055fd,01,Vergabekammer des Landes Hessen beim Regierungspräsidium Darmstadt,30fc3f66-38e6-47e7-ad87-98e318738b30,Darmstadt,64283,DE711,DEU,http://www.rp-darmstadt.hessen.de,,reviewer,,,,,,
0d06762e-e42a-44c3-96ef-618a5fa055fd,01,Universitätsklinikum Frankfurt,e9ab2712-2531-4aaf-98c3-aa3720f38a31,Frankfurt am Main,60590,DE712,DEU,https://www.kgu.de,,,,,,,,
0d06762e-e42a-44c3-96ef-618a5fa055fd,01,Axians Networks & Solutions GmbH,a176c61b-fc2c-4b0d-a8a1-e4b27357ffc8,Frankfurt,60528,DE712,DEU,,,tenderer,,,,large,,
56833ea5-58df-41b1-8b93-69c32e3b776d,01,DB Netz AG (Bukr 16),f45ee0d3-f9b6-44f0-846d-0c10b6f61a37,Frankfurt Main,60327,DE712,DEU,https://www.deutschebahn.com/bieterportal,,buyer,,,,,,
56833ea5-58df-41b1-8b93-69c32e3b776d,01,Vergabekammer des Bundes,0a9ea480-08e4-4ab6-bf12-d722d0ad54b6,Bonn,53113,DEA22,DEU,,,reviewer,,,,,,
56833ea5-58df-41b1-8b93-69c32e3b776d,01,Implenia Civil Engineering GmbH,5f0127dc-47d2-4e66-93cd-3a27c6b67caa,Raunheim,65479,DE717,DEU,,,tenderer,,,,,,
ccfe1ec7-0145-4cc5-a866-6058305a1906,01,Stadt Ahaus,055540004004-31001-39,Ahaus,48683,DEA34,DEU,http://www.stadt-ahaus.de,,buyer,http://www.stadt-ahaus.de/vergabestelle,kommun-beh,,,,
ccfe1ec7-0145-4cc5-a866-6058305a1906,01,Vergabekammer Westfalen,05515-03004-07,Münster,48147,DEA33,DEU,https://www.bezreg-muenster.de,,reviewer,,,,,,
719c0678-a8c7-4e34-9073-1ea5837a8f61,01,"ZfP Calw - Klinikum Nordschwarzwald, Abt. Bau & Technik",t:07051586-2604,Calw-Hirsau,75365,DE12A,DEU,https://www.kn-calw.de,,buyer,https://www.kn-calw.de,koerp-oer-land,,,,
719c0678-a8c7-4e34-9073-1ea5837a8f61,01,Vergabekammer Baden-Württemberg (im Regierungspräsidium Karlsruhe),07219268730,Karlsruhe,76131,DE122,DEU,https://www.rp.baden-wuerttemberg.de,,reviewer,,,,,,
719c0678-a8c7-4e34-9073-1ea5837a8f61,01,Vergabekammer Baden-Württemberg (im Regierungspräsidium Karlsruhe),0721-9268730,Karlsruhe,76131,DE122,DEU,https://www.rp.baden-wuerttemberg.de,,,,,,,,
719c0678-a8c7-4e34-9073-1ea5837a8f61,01,Vergabekammer Baden-Württemberg (im Regierungspräsidium Karlsruhe),0721.9268730,Karlsruhe,76131,DE122,DEU,https://www.rp.baden-wuerttemberg.de,,mediator,,,,,,
89f97a08-7e7c-47ff-a36b-8cf22b175cac,01,DB Netz AG (Bukr 16),f45ee0d3-f9b6-44f0-846d-0c10b6f61a37,Frankfurt Main,60327,DE712,DEU,https://www.deutschebahn.com/bieterportal,,buyer,,,,,,
89f97a08-7e7c-47ff-a36b-8cf22b175cac,01,Vergabekammer des Bundes,0a9ea480-08e4-4ab6-bf12-d722d0ad54b6,Bonn,53113,DEA22,DEU,,,reviewer,,,,,,
89f97a08-7e7c-47ff-a36b-8cf22b175cac,01,Emch + Berger Projekt GmbH,b7673f11-e7ba-4201-85ea-61d3636cfddb,Berlin,10963,DE300,DEU,,,tenderer,,,,,,
255a6420-e1db-4b4a-bd00-02847c49b7bd,01,Fraport AG,04523335133,Frankfurt am Main,60547,DE712,DEU,https://www.fraport.com/,,buyer,https://xvergabe.de/,,,,,
255a6420-e1db-4b4a-bd00-02847c49b7bd,01,Vergabekammer des Landes Hessen,062263002917,Darmstadt,64283,DE711,DEU,http://www.rp-darmstadt.hessen.de/,,reviewer,,,,,,
255a6420-e1db-4b4a-bd00-02847c49b7bd,01,Vergabekammer des Landes Hessen,0 62263002917,Darmstadt,64283,DE711,DEU,http://www.rp-darmstadt.hessen.de/,,,,,,,,
255a6420-e1db-4b4a-bd00-02847c49b7bd,01,Vergabekammer des Landes Hessen,06 2263002917,Darmstadt,64283,DE711,DEU,http://www.rp-darmstadt.hessen.de,,mediator,,,,,,
fef55906-ff0b-49ed-baed-06312268141a,01,Bundesrepublik Deutschland vertreten durch das Staatliche Baumanagement Niedersachsen,03-0268000000-65,Bad Iburg,49186,DE94E,DEU,https://www.nlbl.niedersachsen.de,,buyer,https://www.vergabe.niedersachsen.de,omu-bbeh-niedrig,,,,
fef55906-ff0b-49ed-baed-06312268141a,01,Staatliches Baumanagement Region Nord-West,t:054037302500,Bad Iburg,49186,DE94E,DEU,https://www.nlbl.niedersachsen.de,,,,,,,,
fef55906-ff0b-49ed-baed-06312268141a,01,Vergabekammer des Bundes,t:022894990,Bonn,53123,DEA22,DEU,https://www.bundeskartellamt.de,,reviewer,,,,,,
fef55906-ff0b-49ed-baed-06312268141a,01,Raumausstatter Kusch GmbH & Co. KG,HRA 202693,Zetel,26340,DE94A,DEU,,,tenderer,,,,small,DEU,False
6a072c36-ff4e-4e01-9d2f-c3849aff79cd,01,DB InfraGO AG – Geschäftsbereich Fahrweg (Bukr 16),fb197f94-7578-4673-8a57-4642ae120532,Frankfurt Main,60327,DE712,DEU,http://www.deutschebahn.com/bieterportal/,,buyer,,,,,,
6a072c36-ff4e-4e01-9d2f-c3849aff79cd,01,Vergabekammer des Bundes,0a9ea480-08e4-4ab6-bf12-d722d0ad54b6,Bonn,53113,DEA22,DEU,,,reviewer,,,,,,
6a072c36-ff4e-4e01-9d2f-c3849aff79cd,01,Grötz GmbH & Co. KG,919d578c-836f-43c8-8b82-f8a7cfec1623,Gaggenau,76571,DE124,DEU,,,tenderer,,,,,,
8db0b259-4bac-4cdb-914d-e4d1c3fdccb2,01,Staatl. Hochbauamt Schwäbisch Hall,08-A5683-76,Schwäbisch Hall,74523,DE11A,DEU,https://www.bundesbau-bw.de,,buyer,,omu-lbeh,,,,
8db0b259-4bac-4cdb-914d-e4d1c3fdccb2,01,Vergabekammer des Bundes beim Bundeskartellamt,'----,Bonn,53123,DEA22,DEU,,,reviewer,,,,,,
8db0b259-4bac-4cdb-914d-e4d1c3fdccb2,01,Staatliches Hochbauamt Schwäbisch Hall,'---,Schwäbisch Hall,74523,DE111,DEU,https://www.bundesbau-bw.de,,,,,,,,
a9a85eaa-02be-4d44-9519-cd119a5374cc,01,Submission,Landkreis Kassel,Kassel,34117 Kassel,DE734,DEU,https://landkreiskassel.de/,,serv-prov,,,,,,
a9a85eaa-02be-4d44-9519-cd119a5374cc,01,Vergabekammer des Landes Hessen beim Regierungspräsidium Darmstadt,Vergabekammer des Landes Hessen,Darmstadt,64283,DE711,DEU,https://rp-darmstadt.hessen.de/infrastruktur-und-wirtschaft/oeffentliches-auftragswesen/vergabekammer,,reviewer,,,,,,
a9a85eaa-02be-4d44-9519-cd119a5374cc,01,"Stadt Baunatal (Gebietskörperschaft des öffentlichen Rechts), vertreten durch den Magistrat",056149920,Baunatal,34225,DE734,DEU,https://www.baunatal.de,,buyer,https://landkreiskassel.de/,kommun-beh,,,,
ea8f1a43-9513-41a0-8a4d-0cd582862db3,01,Stadt Trier,a3986a1e-f04a-4c29-9722-d22bec09d467,Trier,54290,DEB21,DEU,http://www.trier.de,,buyer,,kommun-beh,,,,
ea8f1a43-9513-41a0-8a4d-0cd582862db3,01,"Ministerium für Wirtschaft, Tourismus, Energie und Klima",2ef520ea-8b6d-41c7-82ab-2d9be8ace693,Mainz,55116,DEB35,DEU,,,reviewer,,,,,,
ea8f1a43-9513-41a0-8a4d-0cd582862db3,01,Stadtverwaltung Trier,36f8d8c8-f31c-4b41-81ef-1fd43d264e68,Trier,54290,DEB21,DEU,http://www.trier.de/,,,,,,,,
ea8f1a43-9513-41a0-8a4d-0cd582862db3,01,SoftwareOne Deutschland GmbH,edcdfddb-d4d8-4c4a-9e2d-6e0ece4f8093,Leipzig,04329,DED51,DEU,,,tenderer,,,,large,,
ea399951-3dbe-4ef5-bed6-49aca30291ac,01,"Kreisausschuss des Rheingau-Taunus-Kreises, Fachdienst IV.5",RTK1,Bad Schwalbach,65307,DE71D,DEU,https://www.rheingau-taunus.de,,buyer,,kommun-beh,,,,
ea399951-3dbe-4ef5-bed6-49aca30291ac,01,Rheingau-Taunus-Kreis - Zentrale Vergabestelle,RTK3,Bad Schwalbach,65307,DE71D,DEU,,,,,,,,,
ea399951-3dbe-4ef5-bed6-49aca30291ac,01,Vergabekammer des Landes Hessen,VK1,Darmstadt,64283,DE711,DEU,,,reviewer,,,,,,
ea399951-3dbe-4ef5-bed6-49aca30291ac,01,Vergabekammer des Landes Hessen,VK2,Darmstadt,64283,DE711,DEU,,,,,,,,,
ea399951-3dbe-4ef5-bed6-49aca30291ac,01,Vergabekammer des Landes Hessen,VK3,Darmstadt,64283,DE711,DEU,,,mediator,,,,,,
d54ec781-962f-409c-a82b-f09e4e169ca3,01,"Kreisausschuss Main-Taunus-Kreis, Hochbau- und Liegenschaftsamt",DE113823995,Hofheim am Taunus,65719,DE71A,DEU,,,buyer,,anst-oer-kommun,,,,
d54ec781-962f-409c-a82b-f09e4e169ca3,01,"Kreisausschuss Main-Taunus-Kreis, Hochbau- und Liegenschaftsamt",DE113823995,Hofheim am Taunus,65719,DE71A,DEU,,,reviewer,,,,,,
d54ec781-962f-409c-a82b-f09e4e169ca3,01,Vergabekammer des Landes Hessen beim Regierungspräsidium Darmstadt,06151 12-6603,Darmstadt,64283,DE711,DEU,,,mediator,,,,,,
d54ec781-962f-409c-a82b-f09e4e169ca3,01,Rosstäuscher GmbH,DE20 666 2936,Diez,65582,DEB1A,DEU,http://rosstaeuscher-diez.de,,tenderer,,,,medium,DEU,False
232a86f2-44bc-4701-b740-2c7275873a1f,01,Bezirksamt Reinickendorf von Berlin,DE813615006,Berlin,13437,DE300,DEU,,,buyer,,kommun-beh,,,,
232a86f2-44bc-4701-b740-2c7275873a1f,01,Vergabekammer des Landes Berlin,11-1300000V00-74,Berlin,10825,DE300,DEU,https://www.berlin.de/sen/wirtschaft/wirtschaftsrecht/vergabekammer/,,reviewer,,,,,,
232a86f2-44bc-4701-b740-2c7275873a1f,01,Grünblick Garten- und Landschaftsbau GmbH,DE326278607,Berlin,12099,DE300,DEU,,,winner,,,,small,DEU,
232a86f2-44bc-4701-b740-2c7275873a1f,01,Weiß-Grün Garten- und Landschaftsbau Inh. Güler Erdogan e.K.,DE218215558,Berlin,10999,DE300,DEU,,,winner,,,,small,DEU,
232a86f2-44bc-4701-b740-2c7275873a1f,01,Schneebär Winterdienst & Straßenreinigung e.K.,DE 196560944,Berlin,13509,DE300,DEU,,,winner,,,,small,DEU,
232a86f2-44bc-4701-b740-2c7275873a1f,01,Dienstleistungen Schuhmann GmbH,DE 293912945,Berlin,10969,DE300,DEU,,,winner,,,,small,DEU,
f97fbca6-d36d-409a-8a03-ef03a38df3de,01,"Amt für Recht, Vergabe und Versicherungen",07999,Köln,50679,DEA23,DEU,https://www.stadt-koeln.de,,buyer,https://www.stadt-koeln.de,kommun-beh,,,,
f97fbca6-d36d-409a-8a03-ef03a38df3de,01,Vergabekammer Westfalen,05515-03004-07,Münster,48147,DEA33,DEU,https://www.bezreg-muenster.de/themen/wirtschaft-kultur-und-kommunales/vergabekammer-westfalen,,reviewer,,,,,,
57ece606-117a-426d-a888-4af660b56f3e,01,Gebäudemanagementbetrieb der Landeshauptstadt Saarbrücken - GMS,10041100-6030000001-85,Saarbrücken,66111,DEC01,DEU,https://www.gms.saarbruecken.de,,buyer,https://www.gms.saarbruecken.de,kommun-beh,,,,
57ece606-117a-426d-a888-4af660b56f3e,01,Vergabekammern des Saarlandes,10000000-00108010000001-47,Saarbrücken,66119,DEC01,DEU,https://www.saarland.de/mwide/DE/themen-aufgaben/weitere_aufgaben/vergabekammern/vergabekammern,,reviewer,,,,,,
57ece606-117a-426d-a888-4af660b56f3e,01,Vergabekammern des Saarlandes,10000000-00108010000001-47,Saarbrücken,66119,DEC01,DEU,https://www.saarland.de/mwide/DE/themen-aufgaben/weitere_aufgaben/vergabekammern/vergabekammern,,,,,,,,
57ece606-117a-426d-a888-4af660b56f3e,01,i4e GmbH,DE252273271,Lebach,66822,DEC04,DEU,,,tenderer,,,,small,,False
2084d52a-b36f-405e-9d0f-155d89d95f94,01,Stadt Offenbach am Main,06413000,Offenbach am Main,63065,DE713,DEU,https://www.offenbach.de,,buyer,www.offenbach.de,kommun-beh,,,,
2084d52a-b36f-405e-9d0f-155d89d95f94,01,Vergabekammer des Landes Hessen / Regierungspräsidium Darmstadt,1,Darmstadt,64283,DE711,DEU,,,reviewer,,,,,,
04867f6b-9686-4e52-a263-3c1b27c0f00a,01,Klinikum Esslingen GmbH,14505,Esslingen,73730,DE113,DEU,https://www.deutsche-evergabe.de,,buyer,https://www.deutsche-evergabe.de,pub-undert,,,,
04867f6b-9686-4e52-a263-3c1b27c0f00a,01,Vergabekammer des Landes Baden-Württemberg bei dem Regierungspräsidium Karlsruhe,894ec8e9-8349-4075-af81-6340f8930035,Karlsruhe,76131,DE122,DEU,,,reviewer,,,,,,
04867f6b-9686-4e52-a263-3c1b27c0f00a,01,Bodensee Beratung BI GmbH,f431c82c-a122-48b5-bf59-a99d1e1b6e21,Frankfurt am Main,60598,DE712,DEU,https://www.deutsche-evergabe.de,,,,,,,,
cb625fd4-998b-4104-9f7e-0c2c66a7c16d,01,Bundesinstitut für Berufsbildung (BIBB),992-05932-30,Bonn,53113,DEA22,DEU,,,buyer,,org-sub,,,,
cb625fd4-998b-4104-9f7e-0c2c66a7c16d,01,Vergabekammer des Bundes beim Bundeskartellamt,0228 9499-0,Bonn,53123,DEA22,DEU,,,reviewer,,,,,,
cb4cb836-775d-4166-864b-3717c808efc8,01,Klinikum Nürnberg,8783,Nürnberg,90419,DE254,DEU,https://www.klinikum-nuernberg.de/,,buyer,https://www.deutsche-evergabe.de,pub-undert,,,,
cb4cb836-775d-4166-864b-3717c808efc8,01,Vergabekammer Nordbayern,f0366e77-66b8-4ba5-9bbd-33e6584f7124,Ansbach,91511,DE251,DEU,,,reviewer,,,,,,
9217b00b-6110-4ee9-abd6-26cc9165de60,01,Rettungsdienst des Landkreises Elbe-Elster,12-12992262153879-70,Herzberg/Elster,04916,DE407,DEU,,,buyer,,kommun-beh,,,,
9217b00b-6110-4ee9-abd6-26cc9165de60,01,Vergabekammer des Landes Brandenburg,12-12992262153879-70,Potsdam,14473,DE404,DEU,,,reviewer,,,,,,
f44ac8af-3eef-4a35-9414-dfa76e528ad8,01,Die Autobahn GmbH des Bundes - NL Nordost,USt-ID DE329214156,Hohen Neuendorf OT Stolpe,16540,DE40A,DEU,https://www.autobahn.de,,buyer,https://vergabe.autobahn.de,pub-undert,,,,
f44ac8af-3eef-4a35-9414-dfa76e528ad8,01,Bundeskartellamt - Vergabekammern des Bundes,N.N.,Bonn,53113,DEA22,DEU,https://www.bundeskartellamt.de/DE/Vergaberecht/vergaberecht_node.html,,reviewer,,,,,,
f44ac8af-3eef-4a35-9414-dfa76e528ad8,01,Die Autobahn GmbH des Bundes,USt.-ID DE329214156,Berlin,10557,DE300,DEU,https://www.autobahn.de,,,,,,,,
f44ac8af-3eef-4a35-9414-dfa76e528ad8,01,Die Autobahn GmbH des Bundes,USt. ID DE329214156,Berlin,10557,DE300,DEU,https://www.autobahn.de,,mediator,,,,,,
1f83280b-0311-4e2f-a22c-6d2457cfbcee,01,BIG Städtebau GmbH als treuhänderische Sanierungsträgerin der Stadt Itzehoe im Auftrag der Stadt Itzehoe,DE 322 837 421,Hamburg,20354,DE600,DEU,https://www.big-bau.de,,buyer,,pub-undert-ra,,,,
1f83280b-0311-4e2f-a22c-6d2457cfbcee,01,"Vergabekammer Schleswig-Holstein beim Ministerium für Wirtschaft, Verkehr, Arbeit, Technologie und Tourismus",keine Angabe,Kiel,24105,DEF02,DEU,https://www.schleswig-holstein.de/DE/Themen/V/vergabekammer.html,,reviewer,,,,,,
fab52f0b-58ae-47ed-bbbc-1d3829b47040,01,Stadtverwaltung Neckarsulm,00003731,Neckarsulm,74172,DE118,DEU,https://www.neckarsulm.de,,buyer,https://www.vergabe24.de,kommun-beh,,,,
fab52f0b-58ae-47ed-bbbc-1d3829b47040,01,Vergabekammer Baden-Württemberg,08-A9866-40,Karlsruhe,76131,DE122,DEU,https://rpk.baden-wuerttemberg.de,,reviewer,,,,,,
fab52f0b-58ae-47ed-bbbc-1d3829b47040,01,Stadtverwaltung Neckarsulm,0 0 0 0 3 7 3 1,Neckarsulm,74172,DE118,DEU,https://www.neckarsulm.de,,,,,,,,
fab52f0b-58ae-47ed-bbbc-1d3829b47040,01,Vergabekammer Baden-Württemberg,0 8 - A 9 8 6 6 - 4 0,Karlsruhe,76131,DE122,DEU,https://www.rpk.baden-wuerttemberg.de,,mediator,,,,,,
88b94f05-7399-428a-bda2-74ab08ab3d07,01,"Land Rheinland Pfalz, vertreten durch den Landesbetrieb Daten und Information Rheinland-Pfalz (LDI)",DEB35,Mainz,55118,DEB35,DEU,https://www.ldi.rlp.de,,buyer,,koerp-oer-land,,,,
88b94f05-7399-428a-bda2-74ab08ab3d07,01,Landesbetrieb Daten und Information Rheinland-Pfalz (LDI),DEB35,Mainz,55118,DEB35,DEU,https://www.ldi.rlp.de,,,,,,,,
88b94f05-7399-428a-bda2-74ab08ab3d07,01,"Vergabekammern Rheinland-Pfalz beim Ministerium für Wirtschaft, Verkehr, Landwirtschaft und Weinbau",DEB35,Mainz,55116,DEB35,DEU,https://mwvlw.rlp.de/de/ministerium/zugeordnete-institutionen/vergabekammer/,,reviewer,,,,,,
b34d0781-ea79-41ab-9907-370f83e79047,01,SBH | Schulbau Hamburg,62f0f0af-9431-411a-8f96-be7b21daafb8,Hamburg,20355,DE600,DEU,https://schulbau.hamburg,,buyer,https://schulbau.hamburg,omu-lbeh,,,,
b34d0781-ea79-41ab-9907-370f83e79047,01,Vergabekammer bei der Behörde für Stadtentwicklung und Wohnen,19a7d79f-4d82-4e82-ae5c-6ee7ea5df0b5,Hamburg,21109,DE600,DEU,https://www.hamburg.de/behoerdenfinder/info/11725154/,,reviewer,,,,,,
b34d0781-ea79-41ab-9907-370f83e79047,01,SBH | Schulbau Hamburg,85b322a2-fc67-45d7-b38d-202dd3dddec4,Hamburg,20355,DE600,DEU,https://schulbau.hamburg,,,,,,,,
29c7ca20-b67c-40b2-87ac-9686db66acaa,01,"Bundesamt für Ausrüstung, Informationstechnik und Nutzung",991-19518-88,Koblenz,56073,DEB11,DEU,http://www.evergabe-online.de/,,buyer,,omu-bbeh,,,,
29c7ca20-b67c-40b2-87ac-9686db66acaa,01,Bundeskartellamt,991-02380-92,Bonn,53123,DEA22,DEU,,,reviewer,,,,,,
29c7ca20-b67c-40b2-87ac-9686db66acaa,01,Bonner Eisenwaren Großhandel Wilhelm Nonnen,DE122117996,Bonn,53119,DEA22,DEU,,,tenderer,,,,small,,False
ff2ff8ed-94f5-47d4-9a40-d6363f5f5c5e,01,"Staatsbetrieb Sächsisches Immobilien- und Baumanagement, Zentrale,  Zentralstelle Vergabe- und Vertragsmanagement",233121477,Dresden,01129,DED21,DEU,https://www.sib.sachsen.de,,buyer,https://www.sachsen-vergabe.de,omu-lbeh,,,,
ff2ff8ed-94f5-47d4-9a40-d6363f5f5c5e,01,1. Vergabekammer des Freistaates Sachsen bei der Landesdirektion Sachsen,keine Angaben,Leipzig,04107,DED51,DEU,,,reviewer,,,,,,
1622ff00-ae42-4b30-b534-ad41942e1e65,01,EDG Entsorgung Dortmund GmbH,DE246985399,Dortmund,44147,DEA52,DEU,,,buyer,,pub-undert,,,,
1622ff00-ae42-4b30-b534-ad41942e1e65,01,Wolter Hoppenberg Rechtsanwälte Partnerschaft mbB,DE 125 233 481,Hamm,59065,DEA54,DEU,https://www.wolter-hoppenberg.de,,serv-prov,,,,,,
1622ff00-ae42-4b30-b534-ad41942e1e65,01,Vergabekammer Westfalen,DE 164 242 157,Münster,48147,DEA33,DEU,,,reviewer,,,,,,
ca39dcd9-6735-4eeb-a7ec-a3d84ce6d3d3,01,AOK NordWest - Die Gesundheitskasse.,DE 124159739,Hagen,58079,DEA53,DEU,https://www.aok.de/pk/nordwest/,,buyer,https://www.aok.de/fk/nordwest/tools/weitere-inhalte/ausschreibungen/,koerp-oer-land,,,,
ca39dcd9-6735-4eeb-a7ec-a3d84ce6d3d3,01,Vergabekammern des Bundes,t:022894990,Bonn,53113,DEA22,DEU,,,reviewer,,,,,,
f0c5d53b-9cb6-47fe-9daf-310dfde71f38,01,DEGES Deutsche Einheit Fernstraßenplanungs- und -bau GmbH,999999,Berlin,10117,DE300,DEU,https://www.deges.de,,buyer,https://vergabe.deges.de,pub-undert,,,,
f0c5d53b-9cb6-47fe-9daf-310dfde71f38,01,Vergabekammern des Bundes,'---,Bonn,53113,DEA22,DEU,,,reviewer,,,,,,
f0c5d53b-9cb6-47fe-9daf-310dfde71f38,01,DEGES - Abt. R5,999999,Berlin,10117,DE300,DEU,,,,,,,,,
f0c5d53b-9cb6-47fe-9daf-310dfde71f38,01,Leuchtmann Ingenieurgesellschaft mbH,DE343217255,Haselünne,49740,DE949,DEU,,,tenderer,,,,micro,,False
71ed154a-f1b0-4a9f-99e4-3f8e18f561af,01,Bundesamt für Sicherheit in der Informationstechnik,991-07335-68,Bonn,53133,DEA22,DEU,https://www.bsi.bund.de,,buyer,,omu-bbeh-niedrig,,,,
71ed154a-f1b0-4a9f-99e4-3f8e18f561af,01,Vergabekammer des Bundes beim Bundeskartellamt,t0222894990,Bonn,53123,DEA22,DEU,http://www.bundeskartellamt.de,,reviewer,,,,,,
5b6d92e9-a4ab-4d47-90c0-342cc5774de2,01,"LH München - Abfallwirtschaftsbetrieb München, vertreten durch MRG Münchner Raumentwicklungsgesellschaft GmbH",USt-IdNr. DE 129524000,München,81829,DE212,DEU,https://www.mrg-gmbh.de,,buyer,https://www.staatsanzeiger-eservices.de,pub-undert-ra,,,,
5b6d92e9-a4ab-4d47-90c0-342cc5774de2,01,Regierung von Oberbayern - Vergabekammer Südbayern,09-0318006-60,München,80534,DE212,DEU,https://www.regierung.oberbayern.bayern.de,,reviewer,,,,,,
5b6d92e9-a4ab-4d47-90c0-342cc5774de2,01,Rixner Brochier Gebäudetechnik GmbH,USt-IdNr. DE179355214,Holzkirchen,83607,DE21F,DEU,https://www.rixner-brochier.de,,tenderer,,,,medium,,
aac2dd05-c839-4c68-baeb-784225a7c0be,01,DB InfraGO AG – Geschäftsbereich Fahrweg (Bukr 16),fb197f94-7578-4673-8a57-4642ae120532,Frankfurt Main,60327,DE712,DEU,http://www.deutschebahn.com/bieterportal/,,buyer,,,,,,
aac2dd05-c839-4c68-baeb-784225a7c0be,01,Vergabekammer des Bundes,0a9ea480-08e4-4ab6-bf12-d722d0ad54b6,Bonn,53113,DEA22,DEU,,,reviewer,,,,,,
aac2dd05-c839-4c68-baeb-784225a7c0be,01,DB Bahnbau Gruppe GmbH,7556ea6e-881d-4711-bbf4-31319620cd31,Berlin,12489,DE300,DEU,,,tenderer,,,,,,
56123ce9-7570-44f8-898c-ccbf61ddfdba,01,Stadt Chemnitz,DE 140857852,Chemnitz,09111,DED41,DEU,https://www.chemnitz.de,,buyer,,kommun-beh,,,,
56123ce9-7570-44f8-898c-ccbf61ddfdba,01,"1. Vergabekammer des Freistaates Sachsen bei der Landesdirektion Sachsen, DS Leipzig",DE 287064009,Leipzig,04107,DED51,DEU,http://www.lds.sachsen.de,,reviewer,,,,,,
56123ce9-7570-44f8-898c-ccbf61ddfdba,01,Fortuna GmbH,DE132948464,Hof,95032,DE244,DEU,,,tenderer,,,,large,,False
56123ce9-7570-44f8-898c-ccbf61ddfdba,01,TIP-TOP Dienstleistungen GmbH,DE140855822,Zwickau,08060,DED45,DEU,,,tenderer,,,,large,,False
a4cd7a04-bb82-447d-80ff-207898189a11,01,"KKH Kaufmännische Krankenkasse, vertreten durch VEA Beratungs-GmbH",DE 811554035,Hannover,30625,DE929,DEU,https://www.kkh.de/,,buyer,https://www.vea-ausschreibungen.de/,pub-undert-cga,,,,
a4cd7a04-bb82-447d-80ff-207898189a11,01,Vergabekammern des Bundes,t:022894990,Bonn,53113,DEA22,DEU,https://www.bundeskartellamt.de/SharedDocs/Kontaktdaten/DE/Vergabekammern.html,,reviewer,,,,,,
a4cd7a04-bb82-447d-80ff-207898189a11,01,enercity AG,DE 811116141,Hannover,30169,DE929,DEU,,,tenderer,,,,large,,False
b9aa34b4-b93b-4a35-a684-baa083456b4c,01,Wetteraukreis - Zentrale Vergabestelle,06440000-1200-56,Friedberg,61169,DE71E,DEU,https://www.wetteraukreis.de,,buyer,,kommun-beh,,,,
b9aa34b4-b93b-4a35-a684-baa083456b4c,01,Vergabekammer des Landes Hessen beim Regierungspräsidium Darmstadt,t:06151126603,Darmstadt,64283,DE711,DEU,,,reviewer,,,,,,
50a582d8-d1af-4637-9eb5-ca6378a99bb9,01,Große Kreisstadt Leimen,13528,Leimen,69181,DE128,DEU,https://www.deutsche-evergabe.de,,buyer,https://www.deutsche-evergabe.de,kommun-beh,,,,
50a582d8-d1af-4637-9eb5-ca6378a99bb9,01,Vergabekammer Baden-Württemberg beim Regierungspräsidium Karlsruhe,cb6f04b1-d089-4935-b147-d56e4aff79eb,Karlsruhe,76131,DE122,DEU,,,reviewer,,,,,,
3ee3ffd5-8ec5-4510-b21e-a9c074591fec,01,Landratsamt Main-Tauber-Kreis,00,Tauberbischofsheim,97941,DE11B,DEU,https://www.main-tauber-kreis.de,,buyer,https://www.vergabe24.de,kommun-beh,,,,
3ee3ffd5-8ec5-4510-b21e-a9c074591fec,01,Vergabekammer Baden-Württemberg Regierungspräsidium Karlsruhe,0725642,Karlsruhe,76137,DE122,DEU,,,reviewer,,,,,,
a5670d06-f5c1-44a2-b02e-d00fe844880e,01,Landkreis Freising,DE281392653,Freising,85356,DE21B,DEU,https://www.kreis-fs.de,,buyer,,kommun-beh,,,,
a5670d06-f5c1-44a2-b02e-d00fe844880e,01,Regierung von Oberbayern,DE 811335517,München,80534,DE212,DEU,https://www.regierung.oberbayern.bayern.de/ueber_uns/zentralezustaendigkeiten/vergabekammer-suedbayern/index.html,,reviewer,,,,,,
a5111cb1-0261-42d7-98a0-a1b063e9b896,01,Gemeinde Rüdersdorf bei Berlin,12-12992262159511-52,Rüdersdorf bei Berlin,15562,DE409,DEU,,,buyer,,kommun-beh,,,,
a5111cb1-0261-42d7-98a0-a1b063e9b896,01,Gemeinde Rüdersdorf bei Berlin,12-12992262159511-52,Rüdersdorf bei Berlin,15562,DE409,DEU,,,,,,,,,
a5111cb1-0261-42d7-98a0-a1b063e9b896,01,Vergabekammer des Landes Brandenburg beim Ministerium für Wirtschaft,12-121096894457006-49,Potsdam,14473,DE404,DEU,,,reviewer,,,,,,
3747dc6f-9c33-4dc6-83af-6504813c09b1,01,DB InfraGO AG – Geschäftsbereich Fahrweg (Bukr 16),fb197f94-7578-4673-8a57-4642ae120532,Frankfurt Main,60327,DE712,DEU,http://www.deutschebahn.com/bieterportal/,,buyer,,,,,,
3747dc6f-9c33-4dc6-83af-6504813c09b1,01,DB Energie GmbH (Bukr 31),03af3a2e-a9dd-4756-b820-80941b7f8603,Frankfurt Main,60326,DE712,DEU,http://www.deutschebahn.com/bieterportal,,buyer,,,,,,
3747dc6f-9c33-4dc6-83af-6504813c09b1,01,Vergabekammer des Bundes,0a9ea480-08e4-4ab6-bf12-d722d0ad54b6,Bonn,53113,DEA22,DEU,,,reviewer,,,,,,
3747dc6f-9c33-4dc6-83af-6504813c09b1,01,Rail Power Systems GmbH,3ebbc0b3-9dc6-4136-92a0-b69cfb4ae03d,München,81373,DE212,DEU,,,winner,,,,,,
3446a559-15f9-491b-8476-6d32e4154c93,01,EWN Entsorgungswerk für Nuklearanlagen GmbH,19b3be90-12e8-4654-a09c-4d9332a460ea,Rubenow,17509,DE80N,DEU,https://www.ewn-gmbh.de,,buyer,https://portal.deutsche-evergabe.de,pub-undert-cga,,,,
3446a559-15f9-491b-8476-6d32e4154c93,01,Landgericht Stralsund,c4a925b3-b489-49e9-9c62-9847b3fe8fa0,Stralsund,18439,DE80L,DEU,,,reviewer,,,,,,
3446a559-15f9-491b-8476-6d32e4154c93,01,EWN Entsorgungswerk für Nuklearanlagen GmbH,ee183970-975a-43ea-8c4d-e278f22bea3e,Rubenow,17509,DE80N,DEU,,,,,,,,,
3446a559-15f9-491b-8476-6d32e4154c93,01,Thermo Fisher Scientific Messtechnik GmbH,9f05dcb5-b62a-4fa8-a0e8-f724d5e56950,Erlangen,91056,DE252,DEU,,,tenderer,,,,large,,False
3090317f-1aac-40b4-8d54-b45d4f559a78,01,Gemeinde Halfing,09187139-halfing01-50,Halfing,83128,DE21K,DEU,https://www.halfing.de,,buyer,,kommun-beh,,,,
1e8e8e86-5c2f-497f-9865-460e2e1cb375,01,DB InfraGO AG – Geschäftsbereich Fahrweg (Bukr 16),fb197f94-7578-4673-8a57-4642ae120532,Frankfurt Main,60327,DE712,DEU,http://www.deutschebahn.com/bieterportal/,,buyer,,,,,,
1e8e8e86-5c2f-497f-9865-460e2e1cb375,01,Vergabekammer des Bundes,0a9ea480-08e4-4ab6-bf12-d722d0ad54b6,Bonn,53113,DEA22,DEU,,,reviewer,,,,,,
1e8e8e86-5c2f-497f-9865-460e2e1cb375,01,EUROPTEN Deutschland GmbH,a93ed4ae-82e4-4d13-9539-31254dcb6eda,Berlin,12681,DE300,DEU,,,tenderer,,,,,,
a00511c6-9a64-4118-811c-0f238982651a,01,DB InfraGO AG – Geschäftsbereich Fahrweg (Bukr 16),fb197f94-7578-4673-8a57-4642ae120532,Frankfurt Main,60327,DE712,DEU,http://www.deutschebahn.com/bieterportal/,,buyer,,,,,,
a00511c6-9a64-4118-811c-0f238982651a,01,Vergabekammer des Bundes,0a9ea480-08e4-4ab6-bf12-d722d0ad54b6,Bonn,53113,DEA22,DEU,,,reviewer,,,,,,
a00511c6-9a64-4118-811c-0f238982651a,01,ZECH Bau SE,6b59fcf1-b6b2-481f-9468-bb8e377e4b35,Bremen,28217,DE501,DEU,,,tenderer,,,,,,
381fc019-557a-4388-a9a4-a8e7afcb1741,01,Große Kreisstadt Überlingen,08435059-A5634-89,Überlingen,88662,DE147,DEU,,,buyer,,kommun-beh,,,,
381fc019-557a-4388-a9a4-a8e7afcb1741,01,"Vergabekammer Baden-Württemberg, Regierungspräsidium Karlsruhe",08-A9866-40,Karlsruhe,76137,DE123,DEU,https://rp.baden-wuerttemberg.de/rpk/Abt1/Ref15/Seiten/default.aspx,,,,,,,,
381fc019-557a-4388-a9a4-a8e7afcb1741,01,"Vergabekammer Baden-Württemberg, Regierungspräsidium Karlsruhe",008-A9866-40,Karlsruhe,76137,DE123,DEU,https://rp.baden-wuerttemberg.de/rpk/Abt1/Ref15/Seiten/default.aspx,,reviewer,,,,,,
381fc019-557a-4388-a9a4-a8e7afcb1741,01,KIENLE Beratende Ingenieure GmbH,AG Ulm 721986,Ostrach,88356,DE149,DEU,http://www.kienle-ingenieure.de,,tenderer,,,,medium,DEU,False
fad97142-b443-4bd9-b7aa-c486345187b3,01,Landesamt für Steuern und Finanzen (ZeBS),14-0404012LSF26-45,Chemnitz,09111,DED41,DEU,https://www.lsf.sachsen.de/,,buyer,,omu-lbeh,,,,
fad97142-b443-4bd9-b7aa-c486345187b3,01,1. Vergabekammer des Freistaates Sachsen bei der Landesdirektion Sachsen,t:03419773800,Leipzig,04107,DED51,DEU,https://www.lds.sachsen.de/index.asp?ID=4421&art_param=363,,reviewer,,,,,,
fad97142-b443-4bd9-b7aa-c486345187b3,01,1. Vergabekammer des Freistaates Sachsen bei der Landesdirektion Sachsen,t:03419773800,Leipzig,04107,DED51,DEU,https://www.lds.sachsen.de/index.asp?ID=4421&art_param=363,,,,,,,,
fad97142-b443-4bd9-b7aa-c486345187b3,01,Media Logistik GmbH,DE140296345,Dresden,01157,DED21,DEU,,,tenderer,,,,medium,,False
db18829c-a80e-45d8-bacf-cf1745f3b6d5,01,DB InfraGO AG – Geschäftsbereich Fahrweg (Bukr 16),fb197f94-7578-4673-8a57-4642ae120532,Frankfurt Main,60327,DE712,DEU,http://www.deutschebahn.com/bieterportal/,,buyer,,,,,,
db18829c-a80e-45d8-bacf-cf1745f3b6d5,01,Vergabekammer des Bundes,0a9ea480-08e4-4ab6-bf12-d722d0ad54b6,Bonn,53113,DEA22,DEU,,,reviewer,,,,,,
db18829c-a80e-45d8-bacf-cf1745f3b6d5,01,LEONHARD WEISS GmbH & Co. KG,9a9357bc-0f79-4735-bae8-7cd270aebe9e,Göppingen,73037,DE114,DEU,,,tenderer,,,,,,
a19b0eb5-b850-4dc3-b4db-d7ec9049bb26,01,"Landkreis Unterallgäu, Abteilung Hochbau",5296,Mindelheim,87719,DE27C,DEU,https://www.unterallgaeu.de/,,buyer,https://www.deutsche-evergabe.de,koerp-oer-kommun,,,,
a19b0eb5-b850-4dc3-b4db-d7ec9049bb26,01,"Regierung von Oberbayern,  Vergabekammer Südbayern",f70ad9f5-8404-46c2-a70e-7a70dd7c8607,München,80534,DE212,DEU,,,reviewer,,,,,,
a19b0eb5-b850-4dc3-b4db-d7ec9049bb26,01,Meixner-Partner  Projektentwicklung Projektsteuerung GmbH,6527e868-0cc8-41ce-84ab-f3e31113efc2,Augsburg,86199,DE271,DEU,https://www.meixner-partner.de/,,,,,,,,
e4d3e324-99ba-4975-82a6-24cd59e5aec6,01,Stadt Sandersdorf-Brehna,15082340-0000-87,Sandersdorf-Brehna,06792,DEE05,DEU,http://www.sandersdorf-brehna.de,,buyer,,kommun-beh,,,,
e4d3e324-99ba-4975-82a6-24cd59e5aec6,01,Stadt Sandersdorf-Brehna,t:03455141536,Stadt Sandersdorf-Brehna,06792,DEE02,DEU,https://lvwa.sachsen-anhalt.de/das-lvwa/wirtschaft-bauwesen-verkehr/wirtschaft/vergabekammern/1-und-2-vergabekammer,,reviewer,,,,,,
8176dc60-b619-471e-9097-2d25509222c4,01,Landkreis Havelland - Der Landrat -,DE 138631011,Rathenow,14712,DE408,DEU,,,buyer,,kommun-beh,,,,
8176dc60-b619-471e-9097-2d25509222c4,01,"Vergabekammer des Landes Brandenburg beim Ministerium für Wirtschaft, Arbeit und Energie (MWAE)",t:03318661719,Potsdam,14473,DE404,DEU,https://mwae.brandenburg.de,,reviewer,,,,,,
51971ae6-9e49-4e37-ae18-5812dd49561d,01,Ministerium für Finanzen und Digitalisierung Mecklenburg-Vorpommern,13-L45012000000-38,Schwerin,19053,DE804,DEU,https://www.sbl-mv.de,,serv-prov,,,,,,
51971ae6-9e49-4e37-ae18-5812dd49561d,01,Bundeskartellamt Deutschland,991-02380-92,Bonn,53113,DEA22,DEU,https://www.bundeskartellamt.de,,reviewer,,,,,,
51971ae6-9e49-4e37-ae18-5812dd49561d,01,"Staatliches Bau- und Liegenschaftsamt Rostock, die Bundesrepublik Deutschland vertretend",13-L45210001000-12,Rostock,18055,DE803,DEU,https://sbl-mv.de,,buyer,https://www.meinauftrag.rib.de,omu-lbeh,,,,
51971ae6-9e49-4e37-ae18-5812dd49561d,01,"HDFB Hoch-, Dach- und Fassadenbau GmbH",DE325360136,Kemnitz,17509,DE80N,DEU,,,winner,,,,medium,DEU,
54760ccf-db92-421d-bbc0-d3a3052c6575,01,DB InfraGO AG – Geschäftsbereich Fahrweg (Bukr 16),fb197f94-7578-4673-8a57-4642ae120532,Frankfurt Main,60327,DE712,DEU,http://www.deutschebahn.com/bieterportal/,,buyer,,,,,,
54760ccf-db92-421d-bbc0-d3a3052c6575,01,Vergabekammer des Bundes,0a9ea480-08e4-4ab6-bf12-d722d0ad54b6,Bonn,53113,DEA22,DEU,,,reviewer,,,,,,
54760ccf-db92-421d-bbc0-d3a3052c6575,01,EUROPTEN Deutschland GmbH,a93ed4ae-82e4-4d13-9539-31254dcb6eda,Berlin,12681,DE300,DEU,,,tenderer,,,,,,
a9c762b8-ce8e-4981-b4e8-ee9246ced7f2,01,ÜSTRA Hannoversche Verkehrsbetriebe Aktiengesellschaft,d5386dd4-2b60-4a22-a2ae-8e0533be73e2,Hannover,30159,DE929,DEU,https://www.uestra.de,,buyer,,,,,,
a9c762b8-ce8e-4981-b4e8-ee9246ced7f2,01,Vergabekammer Niedersachsen,ab29975f-03f0-467d-a07c-5c508e14463a,Lüneburg,21339,DE935,DEU,https://www.mw.niedersachsen.de/startseite/themen/aufsicht_und_recht/vergabekammer/vergabekammer-niedersachsen-144803.html,,reviewer,,,,,,
f51cf9c9-f534-4b55-b11e-79c7e00fc1b2,01,Flughafen Stuttgart Energie GmbH,DE 263400539,Stuttgart,70629,DE113,DEU,,,buyer,,,,,,
f51cf9c9-f534-4b55-b11e-79c7e00fc1b2,01,Baden Airpark GmbH,DE 213372717,Rheinmünster,77836,DE124,DEU,,,buyer,,,,,,
f51cf9c9-f534-4b55-b11e-79c7e00fc1b2,01,Vergabekammer Baden-Württemberg beim Reg,08-A9866-40,Karlsruhe,76137,DE122,DEU,,,reviewer,,,,,,
f51cf9c9-f534-4b55-b11e-79c7e00fc1b2,01,enercity AG,DE811116141,Hannover,30169,DE929,DEU,http://www.enercity.de,,tenderer,,,,large,DEU,False
7576de88-72a4-4142-9bc0-0348aef4d44f,01,Stadt Nürnberg Hochbauamt,b8b3f6fd-d55b-4a00-9794-a0bf85492169,Nürnberg,90402,DE254,DEU,https://www.nuernberg.de/internet/hochbauamt/,,buyer,,kommun-beh,,,,
7576de88-72a4-4142-9bc0-0348aef4d44f,01,Vergabekammer Nordbayern bei der Regierung von Mittelfranken,855daf8c-fe9f-4b20-b84c-8e495602d628,Ansbach,91522,DE251,DEU,https://www.regierung.mittelfranken.bayern.de/,,reviewer,,,,,,
7576de88-72a4-4142-9bc0-0348aef4d44f,01,"Stadt Nürnberg, Rechtsamt, Abteilung 3-VMN",42c9c6cf-cf68-4f0a-863c-fd6e52b1ce0d,Nürnberg,90402,DE254,DEU,https://www.nuernberg.de/internet/rechtsamt/vergabemanagement.html,,,,,,,,
cb21b5cc-64db-4789-b17e-206767fe07e0,01,Universität Duisburg-Essen,DE811272995,Duisburg,47057,DEA12,DEU,https://www.uni-due.de/,,buyer,,koerp-oer-land,,,,
cb21b5cc-64db-4789-b17e-206767fe07e0,01,Vergabekammer Rheinland,DE812110859,Köln,50667,DEA23,DEU,https://www.bezreg-koeln.nrw.de,,reviewer,,,,,,
a4bf01d3-eaf4-444c-b103-dc7f10e6d150,01,Ortenau Klinikum,10488,Offenburg,77654,DE134,DEU,https://www.ortenau-klinikum.de,,buyer,https://www.deutsche-evergabe.de,pub-undert,,,,
a4bf01d3-eaf4-444c-b103-dc7f10e6d150,01,Vergabekammer Baden-Württemberg,1befe6ac-5dad-4635-84bb-7acd99011cae,Karlsruhe,76137,DE122,DEU,,,reviewer,,,,,,
c454fa91-86f5-4f3c-9109-a3bc53e13198,01,"Staatsbetrieb Sächsisches Immobilien- und Baumanagement, Zentrale,  Zentralstelle Vergabe- und Vertragsmanagement",233121477,Dresden,01129,DED21,DEU,https://www.sib.sachsen.de,,buyer,https://www.sachsen-vergabe.de,omu-lbeh,,,,
c454fa91-86f5-4f3c-9109-a3bc53e13198,01,1. Vergabekammer des Freistaates Sachsen bei der Landesdirektion Sachsen,k.A.,Leipzig,04107,DED51,DEU,,,reviewer,,,,,,
abad8933-5d48-4692-87a6-59a6da346543,01,Fraunhofer-Gesellschaft zur Förderung der angewandten Forschung e. V.,10342,Erlangen,91058,DE252,DEU,https://www.deutsche-evergabe.de,,buyer,https://www.deutsche-evergabe.de,pub-undert,,,,
abad8933-5d48-4692-87a6-59a6da346543,01,Vergabekammer des Bundes,1f3f4c13-f242-4c5d-b745-1119e8ef3362,Bonn,53113,DEA22,DEU,,,reviewer,,,,,,
ef21858d-19ec-4f13-b58a-a4e0c55551ed,01,Fraunhofer UMSICHT,11397,Oberhausen,46045,DEA17,DEU,https://www.deutsche-evergabe.de,,buyer,https://www.deutsche-evergabe.de,pub-undert,,,,
ef21858d-19ec-4f13-b58a-a4e0c55551ed,01,Vergabekammern des Bundes,876f39dd-c284-4323-8e54-3d4a1353fe35,Bonn,53113,DEA22,DEU,,,reviewer,,,,,,
29715cba-4b1c-4a79-a013-53b23c164720,01,Kulturveranstaltungen des Bundes in Berlin GmbH (KBB GmbH),992-80111-11,Berlin,10963,DE300,DEU,https://www.kbb.eu/,,buyer,,org-sub,,,,
29715cba-4b1c-4a79-a013-53b23c164720,01,Kulturveranstaltungen des Bundes in Berlin GmbH (KBB GmbH),992-80111-11,Berlin,10963,DE300,DEU,https://www.kbb.eu/,,,,,,,,
29715cba-4b1c-4a79-a013-53b23c164720,01,Bundeskartellamt,991-02380-92,Bonn,53113,DEA22,DEU,https://www.bundeskartellamt.de/SharedDocs/Kontaktdaten/DE/Vergabekammern.html,,reviewer,,,,,,
29715cba-4b1c-4a79-a013-53b23c164720,01,GAHRENS + BATTERMANN GmbH & Co.KG,DE121979727,Berlin,10589,DE300,DEU,,,tenderer,,,,small,DEU,False
01a0a4f7-beff-412f-9087-3edc6bf9153e,01,Landratsamt Bautzen,14625-LK01-63,Bautzen,02625,DED2C,DEU,,,buyer,,kommun-beh,,,,
01a0a4f7-beff-412f-9087-3edc6bf9153e,01,1. Vergabekammer des Freistaates Sachsen bei der Landesdirektion Sachsen,entfällt,Leipzig,04107,DED52,DEU,,,reviewer,,,,,,
5a6e71b2-0412-41b8-842d-68c99c9ed184,01,Landratsamt Erlangen-Höchstadt,10850,Höchstadt,91315,DE257,DEU,https://www.erlangen-hoechstadt.de,,buyer,https://www.deutsche-evergabe.de,koerp-oer-kommun,,,,
5a6e71b2-0412-41b8-842d-68c99c9ed184,01,Vergabekammer Nordbayern,381f43a6-fc6e-4c7b-8da4-fb204686363d,Ansbach,91522,DE251,DEU,,,reviewer,,,,,,
1c27c316-9b14-4594-907e-d95f38ed204e,01,Landesstraßenbaubehörde Sachsen-Anhalt RB West,150400,Halberstadt,38820,DEE09,DEU,http://www.lsbb.sachsen-anhalt.de/,,buyer,http://www.evergabe-online.de,omu-lbeh,,,,
1c27c316-9b14-4594-907e-d95f38ed204e,01,Vergabekammer Sachsen-Anhalt beim Landesverwaltungsamt,t:03455141529,Halle (Saale),06112,DEE02,DEU,,,reviewer,,,,,,
1c27c316-9b14-4594-907e-d95f38ed204e,01,Landesstraßenbaubehörde Sachsen-Anhalt Zentrale Vergabestelle,150000,Magdeburg,39104,DEE03,DEU,http://www.lsbb.sachsen-anhalt.de/,,,,,,,,
1c27c316-9b14-4594-907e-d95f38ed204e,01,MAIWALD Neundorf  / Anhalt Schüttguttransporte + Baustoffhandel Neundorf,DE270160610,Staßfurt,39418,DEE0C,DEU,,,tenderer,,,,micro,,False
3fdeb952-ef6e-40e5-a887-a7e2b7cf662f,01,Samtgemeinde Lüchow (Wendland),03354507-0-84,Lüchow (Wendland),29439,DE934,DEU,https://www.luechow-wendland.de,,buyer,,kommun-beh,,,,
3fdeb952-ef6e-40e5-a887-a7e2b7cf662f,01,"Vergabekammer Niedersachsen beim Nds. Ministerium für Wirtschaft, Verkehr, Bauen und Digitalisierung",t:04131153308,Lüneburg,21339,DE935,DEU,https://www.mw.niedersachsen.de,,reviewer,,,,,,
2f19d346-0db3-412c-b8a2-9dd0c007b0a8,01,Städtisches Klinikum Görlitz gGmbH,HRB Dresden 4115 (AG Dresden),Görlitz,02828,DED2D,DEU,https://www.klinikum-goerlitz.de,,buyer,,pub-undert-ra,,,,
2f19d346-0db3-412c-b8a2-9dd0c007b0a8,01,1. Vergabekammer des Freistaates Sachsen,entfällt,Leipzig,04107,DED52,DEU,,,reviewer,,,,,,
2f19d346-0db3-412c-b8a2-9dd0c007b0a8,01,Vergabekammer des Freistaates Sachsen,entfällt,Leipzig,04107,DED52,DEU,,,,,,,,,
2f19d346-0db3-412c-b8a2-9dd0c007b0a8,01,Wallintin Ausbau- und Fassaden GmbH,DE297232632,Magdeburg,39108,DEE03,DEU,,,tenderer,,,,medium,,False
2f19d346-0db3-412c-b8a2-9dd0c007b0a8,01,Jaeger Ausbau GmbH + Co KG Zwickau,DE814510209,Zwickau,08064,DED45,DEU,,,tenderer,,,,small,,False
2a55e205-4e71-40a0-ac8c-75e8bb465205,01,Universitätsklinikum des Saarlandes,DE234776341,Homburg,66424,DEC05,DEU,https://www.uniklinikum-saarland.de/de/,,buyer,https://www.uks.eu/ueber-das-uks/allgemeine-verwaltung/dezernat-iii-beschaffung-logistik/beschaffung,anst-oer-land,,,,
2a55e205-4e71-40a0-ac8c-75e8bb465205,01,"Vergabekammern des Saarlandes beim Ministerium für Wirtschaft, Arbeit, Energie und Verkehr",10000000-00108010000001-47,Saarbrücken,66119,DEC05,DEU,https://www.saarland.de/mwide/DE/themen-aufgaben/weitere_aufgaben/vergabekammern/vergabekammern,,reviewer,,,,,,
991ad645-b124-416b-b5f9-d364a221823d,01,Deutsche Gesellschaft für Internationale Zusammenarbeit (GIZ) GmbH,993-80072-52,Eschborn,65760,DE71A,DEU,https://www.giz.de,,buyer,,pub-undert-cga,,,,
991ad645-b124-416b-b5f9-d364a221823d,01,Vergabekammern des Bundes,022894990,Bonn,53113,DEA22,DEU,https://www.bundeskartellamt.de,,reviewer,,,,,,
97342522-2e60-41ee-b63e-7fd68f818a0c,01,Universitätsklinikum Aachen AöR,Keine Angabe,Aachen,52074,DEA2D,DEU,https://www.ukaachen.de/kliniken-institute/ukafacilities/ukafacilities/,,buyer,,anst-oer-land,,,,
97342522-2e60-41ee-b63e-7fd68f818a0c,01,Vergabekammer Rheinland,05315-03002-81,Köln,50667,DEA23,DEU,http://www.bezreg-koeln.de,,,,,,,,
97342522-2e60-41ee-b63e-7fd68f818a0c,01,Vergabekammer Rheinland,05315-03002-81,Köln,50667,DEA23,DEU,http://www.bezreg-koeln.de,,reviewer,,,,,,
97342522-2e60-41ee-b63e-7fd68f818a0c,01,Angebotssammelstelle - elektronisch-,Keine E.,Aachen,52074,DEA2D,DEU,https://www.vergabe.nrw.de/,,,,,,,,
5b29187c-30f5-4ea0-b7d0-5a2195b18ade,01,Landkreis Vorpommern-Greifswald - Der Landrat,13075000,Greifswald,17489,DE80N,DEU,,,buyer,https://kreis-vg.de,kommun-beh,,,,
5b29187c-30f5-4ea0-b7d0-5a2195b18ade,01,"Die Vergabekammern des Landes Mecklenburg-Vorpommern bei dem Ministerium für Wirtschaft, Infrastruktur, Tourismus und Arbeit",00006392,Schwerin,19053,DE804,DEU,https://www.regierung-mv.de/Landesregierung/wm/Das-Ministerium/Vergabekammern/,,reviewer,,,,,,
6db5929d-a517-43ed-9fe9-fb670fd9e694,01,Bundesrepublik Deutschland vertreten durch das Staatliche Baumanagement Niedersachsen,03-0268000000-65,Bad Iburg,49186,DE94E,DEU,https://www.nlbl.niedersachsen.de,,buyer,https://www.vergabe.niedersachsen.de,omu-bbeh-niedrig,True,,,
6db5929d-a517-43ed-9fe9-fb670fd9e694,01,Staatliches Baumanagement Region Nord-West,t:054037302500,Bad Iburg,49186,DE94E,DEU,https://www.nlbl.niedersachsen.de,,,,,,,,
6db5929d-a517-43ed-9fe9-fb670fd9e694,01,Vergabekammer des Bundes,t:022894990,Bonn,53123,DEA22,DEU,https://www.bundeskartellamt.de,,reviewer,,,,,,
6db5929d-a517-43ed-9fe9-fb670fd9e694,01,Tetris Modulbau GmbH,DE190270455,Mittenwalde,15749,DE406,DEU,,,tenderer,,,,medium,DEU,False
75a604da-489d-4c11-8fa6-c21c913fafa8,01,Access e.V.,DE 121 684 573,Aachen,52072,DEA2D,DEU,https://access-technology.de/index.php/impressum/,,buyer,,org-sub,,,,
75a604da-489d-4c11-8fa6-c21c913fafa8,01,VK Münster,05515-03004-07,Münster,48147,DEA33,DEU,https://www.brms.nrw.de/themen/wirtschaft-kultur-und-kommunales/vergabekammer-westfalen,,reviewer,,,,,,
7dbb6c22-daf6-4e56-946f-922a05548229,01,"Stadt Forst (Lausitz), Die Bürgermeisterin, Fachbereich Bauverwaltung",12-12992262173111-89,Forst (Lausitz),03149,DE40G,DEU,http://www.forst-lausitz.de,,buyer,,kommun-beh,,,,
7dbb6c22-daf6-4e56-946f-922a05548229,01,"Vergabekammer des Landes Brandenburg beim Ministerium für Wirtschaft, Arbeit und Energie",t:03318661719,Potsdam,14473,DE404,DEU,https://mwaek.brandenburg.de/,,reviewer,,,,,,
7dbb6c22-daf6-4e56-946f-922a05548229,01,Tactile Studio,HRB 196525 B BERLIN,Berlin,10115,DE300,DEU,https://tactilestudio.co/,,tenderer,,,,medium,DEU,False
89046bbd-88d4-4d33-b75e-6499e7d1c3ff,01,"Bundesrepublik Deutschland, vertr. d. das Bundesministerium für Verkehr, vertr.d. Fernstraßen-Bundesamt",991-2029200005-14,Leipzig,04109,DED51,DEU,,,buyer,,omu-bbeh,,,,
89046bbd-88d4-4d33-b75e-6499e7d1c3ff,01,Bundeskartellamt-Vergabekammer des Bundes-,991-02380-92,Bonn,53113,DEA22,DEU,https://www.bundeskartellamt.de,,reviewer,,,,,,
ec83e767-8a08-4384-b1f9-7c970236efa0,01,GMH | Gebäudemanagement Hamburg GmbH,76f15962-d8d8-4c48-a782-fb6b0d5c327e,Hamburg,20355,DE600,DEU,https://gmh-hamburg.de,,buyer,,pub-undert,,,,
ec83e767-8a08-4384-b1f9-7c970236efa0,01,Vergabekammer bei der Behörde für Stadtentwicklung und Wohnen,19a7d79f-4d82-4e82-ae5c-6ee7ea5df0b5,Hamburg,21109,DE600,DEU,https://www.hamburg.de/behoerdenfinder/info/11725154/,,reviewer,,,,,,
ec83e767-8a08-4384-b1f9-7c970236efa0,01,GMH | Gebäudemanagement Hamburg GmbH,fcb654cb-580c-44b7-b9c0-495f8f0cc37c,Hamburg,20355,DE600,DEU,,,,,,,,,
ec83e767-8a08-4384-b1f9-7c970236efa0,01,Osbahr GmbH,4e120ff5-1fa5-4e9f-a79f-580abdfa09d6,Uetersen,25436,DEF09,DEU,,,tenderer,,,,medium,,
48badf3d-488b-4187-a932-53f825f535a7,01,Staatliches Bauamt Ingolstadt,09-0991208-91,Ingolstadt,85049,DE211,DEU,,,serv-prov,https://vergabe.bayern.de,omu-lbeh,,,,
48badf3d-488b-4187-a932-53f825f535a7,01,Vergabekammer des Bundes am Bundeskartellamt,991-02380-92,Bonn,53113,DEA22,DEU,,,reviewer,,,,,,
48badf3d-488b-4187-a932-53f825f535a7,01,Staatliches Bauamt Ingolstadt-Vergabestelle,t:084193460,Ingolstadt,85049,DE211,DEU,,,,,,,,,
ababf43b-da83-4689-bf19-3f25a3f96273,01,"Bundesagentur für Arbeit (BA), vertreten durch den Vorstand, hier vertreten durch die Leitung des Geschäftsbereiches Einkauf im BA-Service-Haus",DE811458858,Nürnberg,90478,DE254,DEU,http://www.arbeitsagentur.de,,buyer,,koerp-oer-bund,,,,
ababf43b-da83-4689-bf19-3f25a3f96273,01,"Bundeskartellamt, Vergabekammern des Bundes",'---,Bonn,53113,DEA22,DEU,http://www.bundeskartellamt.de,,reviewer,,,,,,
6eed375a-5cb3-4ea3-8c0e-467f90e25ca1,01,Landkreis Eichsfeld - Zentrale Vergabestelle,16061000-0001-34,Heilbad Heiligenstadt,37308,DEG06,DEU,https://www.kreis-eic.de,,buyer,,,,,,
6eed375a-5cb3-4ea3-8c0e-467f90e25ca1,01,Vergabekammer beim Thüringer Landesverwaltungsamt,16900334-0001-29,Weimar,99423,DEG05,DEU,,,reviewer,,,,,,
6eed375a-5cb3-4ea3-8c0e-467f90e25ca1,01,Eislebener Tele-Funk GmbH,DE139978076,Lutherstadt Eisleben,06295,DEE0A,DEU,,,tenderer,,,,,,
80675cc9-565a-4b93-816d-55b5930a0bb8,01,EWG - Energie Weissenhof GmbH,UStID: DE199225884,Stuttgart,70178,DE111,DEU,http://fbw-stuttgart.de/beteiligungen/energie-weissenhof-gmbh,,buyer,,pub-undert,,,,
80675cc9-565a-4b93-816d-55b5930a0bb8,01,fbw-Fernwärmegesellschaft Baden-Württemberg mbH,HRB 679,Stuttgart,70178,DE111,DEU,,,serv-prov,,,,,,
80675cc9-565a-4b93-816d-55b5930a0bb8,01,Vergabekammer Baden-Württemberg beim Regierungspräsidium Baden-Württemberg,DE811469974,Karlsruhe,76137,DE122,DEU,,,reviewer,,,,,,
80675cc9-565a-4b93-816d-55b5930a0bb8,01,enercity AG,HRB 6766,Hannover,30169,DE929,DEU,http://www.enercity.de,,tenderer,,,,medium,DEU,False
79800511-1d4b-4ad3-8c60-fd255ab125b3,01,Verbandsgemeinde Maifeld,071375002000-001-18,Polch,56751,DEB17,DEU,http://www.maifeld.de,,buyer,,kommun-beh,,,,
79800511-1d4b-4ad3-8c60-fd255ab125b3,01,Webeler Rechtsanwälte,DE203132968,Koblenz,56068,DEB11,DEU,http://www.webeler-rechtsanwaelte.de,,serv-prov,,,,,,
79800511-1d4b-4ad3-8c60-fd255ab125b3,01,"Vergabekammer Rheinland-Pfalz Ministerium für Wirtschaft, Verkehr, Landwirtschaft und Weinbau",DE355604198,Mainz,55116,DEB35,DEU,,,reviewer,,,,,,
79800511-1d4b-4ad3-8c60-fd255ab125b3,01,HORN Haustechnik GmbH,DE 206 633 471,Eichelhardt,57612,DEB13,DEU,http://www.horn-haustechnik.de,,tenderer,,,,medium,DEU,False
d31e5a38-d43a-4547-8973-c3590bacd62e,01,Stiftung Tierärztliche Hochschule Hannover,Stift-VO v. 17.12.2002 GVbl. Nr. 37/2002,Hannover,30559,DE929,DEU,https://www.tiho-hannover.de,,buyer,,stift-oer-land,,,,
d31e5a38-d43a-4547-8973-c3590bacd62e,01,Stiftung Tierärztliche Hochschule Hannover - J,t:05119538074,Hannover,30559,DE929,DEU,,,,,,,,,
d31e5a38-d43a-4547-8973-c3590bacd62e,01,"Vergabekammer Niedersachsen beim Nds. Ministerium für Wirtschaft, Verkehr, Bauen und Digitalisierung",T:4131152943,Lüneburg,21339,DE935,DEU,https://www.mw.niedersachsen.de/startseite/uber_uns/aufsicht_und_recht/vergabekammer/vergabekammer-niedersachsen-144803.html,,reviewer,,,,,,
d31e5a38-d43a-4547-8973-c3590bacd62e,01,Stiftung Tierärztliche Hochschule Hannover - J,t:05119538074,Hannover,30559,DE929,DEU,https://www.tiho-hannover.de/universitaet/verwaltung/personal-und-recht/justiziariat,,mediator,,,,,,
d31e5a38-d43a-4547-8973-c3590bacd62e,01,Keyence Deutschland GmbH,DE147818062,Frankfurt,60549,DE712,DEU,,,tenderer,,,,large,DEU,False
9938303e-ed44-4a45-aa29-1702c0edcd58,01,Zweite Gemeinnützige Krankenhaus GmbH Deutsches Rotes Kreuz Schwesternschaft Berlin,DE 235140338,Berlin,12559,DE300,DEU,https://www.drk-kliniken-berlin.de/,,buyer,https://www.drk-kliniken-berlin.de/,org-sub,,,,
9938303e-ed44-4a45-aa29-1702c0edcd58,01,Vergabekammer des Landes Berlin,11-1300000V00-74,Berlin,10825,DE300,DEU,https://www.berlin.de/sen/wirtschaft/wirtschaftsrecht/vergabekammer/,,reviewer,,,,,,
b64ce675-d41d-4740-be94-e6472a525ea9,01,DB InfraGO AG – Geschäftsbereich Fahrweg (Bukr 16),fb197f94-7578-4673-8a57-4642ae120532,Frankfurt Main,60327,DE712,DEU,http://www.deutschebahn.com/bieterportal/,,buyer,,,,,,
b64ce675-d41d-4740-be94-e6472a525ea9,01,Vergabekammer des Bundes,0a9ea480-08e4-4ab6-bf12-d722d0ad54b6,Bonn,53113,DEA22,DEU,,,reviewer,,,,,,
b64ce675-d41d-4740-be94-e6472a525ea9,01,Peter Gross Infrastruktur GmbH & Co,3c03c185-2e46-4792-9e47-05480a77862d,St. Ingbert,66386,DEC05,DEU,,,tenderer,,,,,,
7f82f565-4dd7-47a0-b5d2-8365820afd12,01,DB InfraGO AG – Geschäftsbereich Personenbahnhöfe (Bukr 11),a6ceb1fb-e3c6-459d-a608-8a792d7bf449,Berlin,10557,DE300,DEU,http://www.deutschebahn.com/bieterportal/,,buyer,,,,,,
7f82f565-4dd7-47a0-b5d2-8365820afd12,01,Vergabekammer des Bundes,0a9ea480-08e4-4ab6-bf12-d722d0ad54b6,Bonn,53113,DEA22,DEU,,,reviewer,,,,,,
ad9eaa7a-3247-485c-859d-ec19a1263c6b,01,Stadt Bad Neuenahr-Ahrweiler,071310007007-001-84,Bad Neuenahr-Ahrweiler,53474,DEB12,DEU,http://www.bad-neuenahr-ahrweiler.de,,buyer,,kommun-beh,,,,
ad9eaa7a-3247-485c-859d-ec19a1263c6b,01,Webeler Rechtsanwälte,DE203132968,Koblenz,56068,DEB11,DEU,http://www.webeler-rechtsanwaelte.de,,serv-prov,,,,,,
ad9eaa7a-3247-485c-859d-ec19a1263c6b,01,"Vergabekammer Rheinland-Pfalz Ministerium für Wirtschaft, Verkehr, Landwirtschaft und Weinbau",DE355604198,Mainz,55116,DEB35,DEU,,,reviewer,,,,,,
ad9eaa7a-3247-485c-859d-ec19a1263c6b,01,Björnsen Beratende Ingenieure GmbH,DE 148723803,Koblenz,56070,DEB11,DEU,http://www.bjoernsen.de,,tenderer,,,,large,DEU,False
655042ea-1acb-49b4-af80-c050e20f7f66,01,kbo-Inn-Salzach Klinikum gGmbH,7836,Wasserburg,83512,DE21K,DEU,https://www.deutsche-evergabe.de,,buyer,https://www.deutsche-evergabe.de,koerp-oer-kommun,,,,
655042ea-1acb-49b4-af80-c050e20f7f66,01,Vergabekammer Südbayern - Regierung von Oberbayern,d5f7b474-4d9f-454b-bdc0-828376c57700,München,80538,DE212,DEU,,,reviewer,,,,,,
4f079692-fb67-4402-9761-f9a98b5ae938,01,Landkreis Spree-Neiße,12-12992262173079-88,Forst (Lausitz),03149,DE40G,DEU,https://www.lkspn.de,,buyer,,kommun-beh,,,,
4f079692-fb67-4402-9761-f9a98b5ae938,01,"Ministerium für Wirtschaft, Arbeit und Energie",t:03318661719,Potsdam,14473,DE404,DEU,https://mwae.brandenburg.de,,reviewer,,,,,,
2c604aa0-56c3-4cdd-80eb-ff20350a7e4d,01,Bundeswehr-Dienstleistungszentrum Husum,991-14423-47,Husum,25813,DEF07,DEU,http://www.evergabe-online.de/,,buyer,,omu-bbeh,,,,
2c604aa0-56c3-4cdd-80eb-ff20350a7e4d,01,Vergabekammer des Bundes,0228949900,Bonn,53113,DEA22,DEU,,,reviewer,,,,,,
830c6da5-b6b1-4631-a98e-1f52d628be32,01,SBH | Schulbau Hamburg,62f0f0af-9431-411a-8f96-be7b21daafb8,Hamburg,20355,DE600,DEU,https://schulbau.hamburg,,buyer,https://schulbau.hamburg,omu-lbeh,,,,
830c6da5-b6b1-4631-a98e-1f52d628be32,01,Vergabekammer bei der Behörde für Stadtentwicklung und Wohnen,19a7d79f-4d82-4e82-ae5c-6ee7ea5df0b5,Hamburg,21109,DE600,DEU,https://www.hamburg.de/behoerdenfinder/info/11725154/,,reviewer,,,,,,
830c6da5-b6b1-4631-a98e-1f52d628be32,01,SBH | Schulbau Hamburg,85b322a2-fc67-45d7-b38d-202dd3dddec4,Hamburg,20355,DE600,DEU,https://schulbau.hamburg,,,,,,,,
830c6da5-b6b1-4631-a98e-1f52d628be32,01,Kunz & Petersen Sanitär-u. Dachdeckerei GmbH,a750bcfd-b0dd-4284-9c82-11bdcdc9bf75,Hamburg,22761,DE600,DEU,,,tenderer,,,,small,,
6726f720-afb1-4713-9d79-16afcdf8bc54,01,Die Autobahn GmbH des Bundes - NL Südbayern,USt-ID DE329214156,München,80335,DE212,DEU,https://www.autobahn.de,,buyer,https://vergabe.autobahn.de,pub-undert,,,,
6726f720-afb1-4713-9d79-16afcdf8bc54,01,Bundeskartellamt - Vergabekammern des Bundes,N.N.,Bonn,53113,DEA22,DEU,https://www.bundeskartellamt.de/DE/Vergaberecht/vergaberecht_node.html,,reviewer,,,,,,
6726f720-afb1-4713-9d79-16afcdf8bc54,01,Die Autobahn GmbH des Bundes,USt.-ID DE329214156,Berlin,10557,DE300,DEU,https://www.autobahn.de,,,,,,,,
6726f720-afb1-4713-9d79-16afcdf8bc54,01,Die Autobahn GmbH des Bundes,USt. ID DE329214156,Berlin,10557,DE300,DEU,https://www.autobahn.de,,mediator,,,,,,
6726f720-afb1-4713-9d79-16afcdf8bc54,01,"Leonhardt, Andrä und Partner Beratende Ingenieure VBI AG",DE 308 533 259,Stuttgart,70469,DE111,DEU,,,tenderer,,,,medium,,False
d17d31d5-55ce-45a3-8044-d38ba241649a,01,eins energie in sachsen GmbH & Co. KG,DE272889066,Chemnitz,09111,DED41,DEU,https://www.eins.de,,buyer,,koerp-oer-kommun,,,,
d17d31d5-55ce-45a3-8044-d38ba241649a,01,"1. Vergabekammer des Freistaates Sachsen bei der Landesdirektion Sachsen, DS Leipzig",'--,Leipzig,04107,DED51,DEU,,,reviewer,,,,,,
7c2448be-ac15-4f24-a1e8-fd2d19926919,01,Landkreis Hildesheim,03254-0-60,Hildesheim,31134,DE925,DEU,https://www.landkreishildesheim.de/,,buyer,,kommun-beh,,,,
7c2448be-ac15-4f24-a1e8-fd2d19926919,01,"Vergabekammer Niedersachsen beim Nds. Ministerium für Wirtschaft, Verkehr und Bauen",t:04131153308,Lüneburg,21339,DE935,DEU,https://www.mw.niedersachsen.de,,reviewer,,,,,,
7c2448be-ac15-4f24-a1e8-fd2d19926919,01,"Nds. Ministerium für Wirtschaft, Verkehr, Bauen und Digitalisierung",keine Angabe,Hannover,30159,DE929,DEU,https://www.mw.niedersachsen.de,,mediator,,,,,,
e1f56e28-697e-4bd0-be6c-ee7320bd1a4f,01,Leibniz-Institut für Analytische Wissenschaften - ISAS - e.V.,05913-99002-22,Dortmund,44139,DEA52,DEU,https://www.isas.de/,,buyer,https://www.isas.de/,org-sub,,,,
e1f56e28-697e-4bd0-be6c-ee7320bd1a4f,01,Bezirksregierung Münster,05515-03004-07,Münster,48143,DEA33,DEU,https://www.bezreg-muenster.de/de,,reviewer,,,,,,
c0fea23b-3299-4f7d-81f9-bd0dbeff808f,01,"LESG Gesellschaft der Stadt Leipzig zur Erschließung, Entwicklung und Sanierung von Baugebieten mbH",DE156564316,Leipzig,04103,DED51,DEU,https://www.lesg-leipzig.de,,buyer,,kommun-beh,,,,
c0fea23b-3299-4f7d-81f9-bd0dbeff808f,01,"1. Vergabekammer des Freistaates Sachsen bei der Landesdirektion Sachsen, DS Leipzig",000,Leipzig,04107,DED51,DEU,,,reviewer,,,,,,
ef80485e-9b72-4f69-8fac-b1ca556c920b,01,Wasserstraßen- und Schifffahrtsamt Elbe-Nordsee,991-00541-80,Hamburg,20148,DE600,DEU,https://www.wsa-elbe-nordsee.wsv.de,,buyer,https://www.evergabe.bundesverkehrsverwaltung.de,omu-bbeh,,,,
ef80485e-9b72-4f69-8fac-b1ca556c920b,01,Bundeskartellamt - Vergabekammer des Bundes -,'+49 02289499-0,Bonn,53113,DEA22,DEU,http://www.bundeskartellamt.de,,reviewer,,,,,,
7c14f33e-7463-4d67-aec2-1d0904c78a73,01,BARMER Beschaffung und Vergabe,992-80322-57,Wuppertal,42285,DEA1A,DEU,,,buyer,,koerp-oer-bund,,,,
7c14f33e-7463-4d67-aec2-1d0904c78a73,01,"Vergabekammer des Bundes, Bundeskartellamt Bonn",0,Bonn,53113,DEA22,DEU,,,reviewer,,,,,,
4a5efa8c-4b06-4b5e-82bb-feac20ff8346,01,Stadt Gunzenhausen,DE131948618,Gunzenhausen,91710,DE25C,DEU,https://www.gunzenhausen.de,,buyer,https://www.gunzenhausen.de/,kommun-beh,,,,
4a5efa8c-4b06-4b5e-82bb-feac20ff8346,01,Vergabekammer Nordbayern,09-0358002-61,Ansbach,91522,DE251,DEU,https://www.regierung.mittelfranken.bayern.de/,,reviewer,,,,,,
bf0fdfde-8f62-4b1a-a947-5a92338c95b6,01,"Bundesrepublik Deutschland, vertreten durch den Landesbetrieb Bau und Immobilien Hessen, Zentrale Vergabe",wird bei Auftragserteilung mitgeteilt,Bad Nauheim,61231,DE71E,DEU,https://vergabe.hessen.de,,buyer,,koerp-oer-bund,,,,
bf0fdfde-8f62-4b1a-a947-5a92338c95b6,01,"Bundeskartellamt, Vergabekammern des Bundes",nicht erforderlich,Bonn,53113,DEA22,DEU,,,reviewer,,,,,,
bf0fdfde-8f62-4b1a-a947-5a92338c95b6,01,Frahammer GmbH & Co. KG,DE127332819,Pöttmes,86554,DE275,DEU,,,tenderer,,,,medium,,False
a7170bc7-df89-4c34-ad0c-377bea21c268,01,DB InfraGO AG – Geschäftsbereich Fahrweg (Bukr 16),fb197f94-7578-4673-8a57-4642ae120532,Frankfurt Main,60327,DE712,DEU,http://www.deutschebahn.com/bieterportal/,,buyer,,,,,,
a7170bc7-df89-4c34-ad0c-377bea21c268,01,DB InfraGO AG – Geschäftsbereich Personenbahnhöfe (Bukr 11),a6ceb1fb-e3c6-459d-a608-8a792d7bf449,Berlin,10557,DE300,DEU,http://www.deutschebahn.com/bieterportal/,,buyer,,,,,,
a7170bc7-df89-4c34-ad0c-377bea21c268,01,DB Energie GmbH (Bukr 31),03af3a2e-a9dd-4756-b820-80941b7f8603,Frankfurt Main,60326,DE712,DEU,http://www.deutschebahn.com/bieterportal,,buyer,,,,,,
a7170bc7-df89-4c34-ad0c-377bea21c268,01,Vergabekammer des Bundes,0a9ea480-08e4-4ab6-bf12-d722d0ad54b6,Bonn,53113,DEA22,DEU,,,reviewer,,,,,,
a7170bc7-df89-4c34-ad0c-377bea21c268,01,BIEGE INGE HLK HH-BLN Los 1 c/o EDB Eisenbahndienstleistungen und Bahntechnik GmbH,3b201960-1a84-4d3b-9f60-dceee9f9699c,Reinbek,21465,DEF0F,DEU,,,tenderer,,,,,,
9449fe06-b7d5-450b-a214-cb1984fff69b,01,Bundesanstalt für Straßen- und Verkehrswesen,0204:991-00122FUE-48,Bergisch Gladbach,51427,DEA2B,DEU,https://www.bast.de,,buyer,,omu-bbeh-niedrig,,,,
9449fe06-b7d5-450b-a214-cb1984fff69b,01,Bundeskartellamt,t:022894990,Bonn,53113,DEA22,DEU,https://bundeskartellamt.bund.de,,reviewer,,,,,,
542983ed-6b28-4ae0-bc34-9721fa8b95d4,01,"Stadt Warendorf, Der Bürgermeister, Bauverwaltungsamt, Zentrale Vergabestelle",055700052052-31002-75,Warendorf,48231,DEA38,DEU,,,buyer,,kommun-beh,,,,
542983ed-6b28-4ae0-bc34-9721fa8b95d4,01,"Bezirksregierung Münster, Vergabekammer Westfalen",DE 164 242 157,Münster,48147,DEA33,DEU,,,reviewer,,,,,,
2fef9971-9508-4941-98cb-7c449a31e82e,01,"Kreisausschuss des Rheingau-Taunus-Kreises, Fachdienst IV.5",RTK1,Bad Schwalbach,65307,DE71D,DEU,https://www.rheingau-taunus.de,,buyer,,kommun-beh,,,,
2fef9971-9508-4941-98cb-7c449a31e82e,01,Rheingau-Taunus-Kreis - Zentrale Vergabestelle,RTK2,Bad Schwalbach,65307,DE71D,DEU,www.rheingau-taunus.de,,,,,,,,
2fef9971-9508-4941-98cb-7c449a31e82e,01,Rheingau-Taunus-Kreis - Zentrale Vergabestelle,RTK3,Bad Schwalbach,65307,DE71D,DEU,,,,,,,,,
2fef9971-9508-4941-98cb-7c449a31e82e,01,Vergabekammer des Landes Hessen,VK1,Darmstadt,64283,DE711,DEU,,,reviewer,,,,,,
2fef9971-9508-4941-98cb-7c449a31e82e,01,Vergabekammer des Landes Hessen,VK2,Darmstadt,64283,DE711,DEU,,,,,,,,,
2fef9971-9508-4941-98cb-7c449a31e82e,01,Vergabekammer des Landes Hessen,VK3,Darmstadt,64283,DE711,DEU,,,mediator,,,,,,
d34f17c2-ba49-4106-a620-f9f6ef327863,01,Medizinisches Zentrum für Gesundheit Bad Lippspringe GmbH,05252-9500,Bad Lippspringe,33175,DEA47,DEU,https://www.medizinisches-zentrum.de/,,buyer,https://www.medizinisches-zentrum.de/,pub-undert-ra,,,,
d34f17c2-ba49-4106-a620-f9f6ef327863,01,Vergabekammer Westfalen bei der Bezirksregierung Münster,05515-03004-07,Münster,48147,DEA33,DEU,https://www.bezreg-muenster.de/de/wirtschaft_finanzen_kommunalaufsicht/vergabekammer_westfalen/index.html,,reviewer,,,,,,
c92fe955-e074-45e2-b270-ab63af8a6e30,01,SBH | Schulbau Hamburg,62f0f0af-9431-411a-8f96-be7b21daafb8,Hamburg,20355,DE600,DEU,https://schulbau.hamburg,,buyer,https://schulbau.hamburg,omu-lbeh,,,,
c92fe955-e074-45e2-b270-ab63af8a6e30,01,Vergabekammer bei der Behörde für Stadtentwicklung und Wohnen,19a7d79f-4d82-4e82-ae5c-6ee7ea5df0b5,Hamburg,21109,DE600,DEU,https://www.hamburg.de/behoerdenfinder/info/11725154/,,reviewer,,,,,,
c92fe955-e074-45e2-b270-ab63af8a6e30,01,SBH | Schulbau Hamburg,85b322a2-fc67-45d7-b38d-202dd3dddec4,Hamburg,20355,DE600,DEU,https://schulbau.hamburg,,,,,,,,
c92fe955-e074-45e2-b270-ab63af8a6e30,01,TK Aufzüge GmbH Neuanlagenregion Nordwest,595ba7b1-cd2e-457e-afae-f73ab6c167fc,Hamburg,22113,DE600,DEU,,,tenderer,,,,small,,
846aa4fb-948a-48cf-9b6f-0b9d5add1ffa,05,Hallesche Verkehrs-AG,DE 139 601 469,Halle (Saale),06112,DEE02,DEU,http://www.havag.com,,buyer,"http://www.havag,com",,,,,
846aa4fb-948a-48cf-9b6f-0b9d5add1ffa,05,Vergabekammer Sachsen-Anhalt beim Landesverwaltungsamt Halle,'-,Halle (Saale),06130,DEE02,DEU,,,reviewer,,,,,,
ec07ce3b-6024-4d6e-b732-6f5218b332b4,02,Stadt Neumarkt i.d.OPf.,2623,Neumarkt i.d.OPf.,92318,DE236,DEU,https://www.deutsche-evergabe.de,,buyer,https://www.deutsche-evergabe.de,kommun-beh,,,,
ec07ce3b-6024-4d6e-b732-6f5218b332b4,02,Regierung von Mittelfranken - Vergabekammer Nordbayern,9fbae5b7-e40d-45bc-8fba-30efa648e202,Ansbach,91511,DE251,DEU,,,reviewer,,,,,,
ec07ce3b-6024-4d6e-b732-6f5218b332b4,02,Andic GmbH,27/208/00028 F06,Berlin,10789,DE300,DEU,,,tenderer,,,,small,,
4f135c7e-421a-4a18-96b3-42acb5886bd3,02,IPS Immobilien- und Projektmanagementgesellschaft Sachsen-Anhalt,10184,Magdeburg,39104,DEE03,DEU,https://www.deutsche-evergabe.de,,buyer,https://www.deutsche-evergabe.de,pub-undert,,,,
4f135c7e-421a-4a18-96b3-42acb5886bd3,02,Vergabekammer des Landes Sachsen-Anhalt,753ce88c-5d24-4b32-9b94-f5e5e8c8f690,Halle (Saale),06112,DEE02,DEU,,,reviewer,,,,,,
4f135c7e-421a-4a18-96b3-42acb5886bd3,02,Leinemann & Partner mbB,15561c91-f0e3-4344-982c-865d052e9f8a,Berlin,10179,DEE02,DEU,https://www.deutsche-evergabe.de,,,,,,,,
2e39367e-8a41-4431-a32e-ad0a284f236e,02,Gemeinde Wölfersheim,10443,Wölfersheim,61200,DE71E,DEU,https://www.woelfersheim.de,,buyer,https://www.deutsche-evergabe.de,pub-undert,,,,
2e39367e-8a41-4431-a32e-ad0a284f236e,02,Vergabekammer Hessen bei dem Regierungspräsidium Darmstadt,6c001e84-f1d8-4076-be1b-4a8393cfa4a2,Darmstadt,64283,DE711,DEU,,,reviewer,,,,,,
2e39367e-8a41-4431-a32e-ad0a284f236e,02,c.r.p. law. partnerschaft mbb,37f20129-72ac-4f1f-9745-600270404df0,Frankfurt am Main,60322,DE712,DEU,https://crp-law.de,,,,,,,,
2ae1cd41-6e2c-4ea0-880f-730fbc13c727,01,"Stadtverwaltung Worms, Abt. 6.4 Zentrale Ausschreibungsstelle und Dienste",073190000000-001-029,Worms,67547,DEB39,DEU,https://www.worms.de,,buyer,,kommun-beh,,,,
2ae1cd41-6e2c-4ea0-880f-730fbc13c727,01,Vergabekammer Rheinland-Pfalz,USt-ID: DE355604198,Mainz,55116,DEB39,DEU,https://www.mwkel.rlp.de/Zugeordnete-Institutionen/Vergabekammer/,,reviewer,,,,,,
2ae1cd41-6e2c-4ea0-880f-730fbc13c727,01,"Stadtverwaltung Worms, Abteilung 6.4 Zentrale Ausschreibungsstelle und Dienste",073190000000-001-29,Worms,67547,DEB39,DEU,https://www.worms.de,,,,,,,,
2ae1cd41-6e2c-4ea0-880f-730fbc13c727,01,Vergabeprüfstelle bei der Aufsichts- und Dienstleistungsdirektion,USt-ID: DE 3556004198,Trier,54290,DEB21,DEU,https://www.mwkel.rlp.de/Zugeordnete-Institutionen/Vergabekammer,,mediator,,,,,,
c3c3c991-ddef-4be9-8019-79e0977619b1,01,Land Niedersachen vertreten durch das Staatliche Baumanagement Niedersachsen,03-0268000000-65,Bad Iburg,49186,DE94E,DEU,https://www.nlbl.niedersachsen.de,,buyer,https://www.vergabe.niedersachsen.de,omu-lbeh,,,,
c3c3c991-ddef-4be9-8019-79e0977619b1,01,Staatliches Baumanagement Region Nord-West,t:054037302500,Bad Iburg,49186,DE94E,DEU,https://www.nlbl.niedersachsen.de,,,,,,,,
c3c3c991-ddef-4be9-8019-79e0977619b1,01,"Vergabekammer Niedersachsen beim Nds. Ministerium für Wirtschaft, Verkehr und Bauen",t:04131153308,Lüneburg,21339,DE935,DEU,https://www.mw.niedersachsen.de/startseite/,,reviewer,,,,,,
c3c3c991-ddef-4be9-8019-79e0977619b1,01,AARSLEFF Spezialtiefbau GmbH,DE189336417,Hamburg,20097,DE600,DEU,http://www.aarsleff.de,,tenderer,,,,medium,DEU,False
ed9237f6-d2c2-4613-be5a-13617329b435,02,kbo-Inn-Salzach Klinikum gGmbH,7836,Wasserburg,83512,DE21K,DEU,https://www.deutsche-evergabe.de,,buyer,https://www.deutsche-evergabe.de,koerp-oer-kommun,,,,
ed9237f6-d2c2-4613-be5a-13617329b435,02,Vergabekammer Südbayern - Regierung von Oberbayern,d7be5c0f-c748-4ac1-8bea-13861d76e7f1,München,80538,DE212,DEU,,,reviewer,,,,,,
9c08a1ab-83d4-49e8-a1d2-0cba0d37ceaa,01,kbo-Inn-Salzach Klinikum gGmbH,7836,Wasserburg,83512,DE21K,DEU,https://www.deutsche-evergabe.de,,buyer,https://www.deutsche-evergabe.de,koerp-oer-kommun,,,,
9c08a1ab-83d4-49e8-a1d2-0cba0d37ceaa,01,Vergabekammer Südbayern - Regierung von Oberbayern,d312e7dc-7935-47cc-affa-b208049519f5,München,80538,DE212,DEU,,,reviewer,,,,,,
8a5794f3-558e-4156-86a7-1950acb1d1e6,01,Bayerisches Landeskriminalamt,09-0302000-63,München,80636,DE212,DEU,,,buyer,,omu-lbeh,,,,
8a5794f3-558e-4156-86a7-1950acb1d1e6,01,Regierung von Oberbayern - Vergabekammer Südbayern,DE 811335517,München,80534,DE212,DEU,,,reviewer,,,,,,
8a5794f3-558e-4156-86a7-1950acb1d1e6,01,Motorola Solutions Germany GmbH,UStID. DE113866163,Berlin,10785,DE300,DEU,,,tenderer,,,,large,,
ac66cbd7-4e75-4d04-a276-96c26831c4b1,01,DB InfraGO AG – Geschäftsbereich Fahrweg (Bukr 16),fb197f94-7578-4673-8a57-4642ae120532,Frankfurt Main,60327,DE712,DEU,http://www.deutschebahn.com/bieterportal/,,buyer,,,,,,
ac66cbd7-4e75-4d04-a276-96c26831c4b1,01,Vergabekammer des Bundes,0a9ea480-08e4-4ab6-bf12-d722d0ad54b6,Bonn,53113,DEA22,DEU,,,reviewer,,,,,,
ac66cbd7-4e75-4d04-a276-96c26831c4b1,01,B + H Bau GmbH,f3202c2b-6cc3-41f4-92fe-bc0294b95de7,Drolshagen,57489,DEA59,DEU,,,tenderer,,,,,,
01a0a4d3-42d3-44f0-b13d-d8b56e99fc69,01,Technische Universität Bergakademie Freiberg,DE141136178,Freiberg,09599,DED43,DEU,,,buyer,,koerp-oer-land,,,,
01a0a4d3-42d3-44f0-b13d-d8b56e99fc69,01,1. Vergabekammer des Freistaates Sachsen bei der Landesdirektion Sachsen,keine Angabe,Leipzig,04013,DED51,DEU,,,reviewer,,,,,,
78d1a7ca-9cba-4604-87cb-316487d61edd,01,Landesbetrieb Forst Brandenburg - Vergabemanagement Standort Eberswalde,DE 274547624,Eberswalde,16225,DE405,DEU,https://forst.brandenburg.de/lfb/de/,,buyer,,omu-lbeh,,,,
78d1a7ca-9cba-4604-87cb-316487d61edd,01,Vergabekammer des Landes Brandenburg,12-121096894457006-49,Potsdam,14473,DE404,DEU,https://mwae.brandenburg.de,,reviewer,,,,,,
78d1a7ca-9cba-4604-87cb-316487d61edd,01,"Ministerium für Land- und Ernährungswirtschaft, Umwelt und Verbraucherschutz des Landes Brandenburg",DE812803867,Potsdam,14467,DE404,DEU,https://mleuv.brandenburg.de/mleuv/de/,,mediator,,,,,,
d6da6ed7-48c3-48d2-9cac-66f689d15028,1,Stadtverwaltung Suhl,,Suhll,98527,,DEU,,,buyer,,,,,,
f7488eee-a1ed-4f47-b78a-a9219f06abe3,1,"Bundesamt für Bauwesen und Raumordnung, in Vertretung für die BImA",,Berlin,10623,,DEU,http://www.evergabe-online.de,,buyer,,,,,,
25826990,1,Landkreis Rotenburg (Wümme),,,,,,,,buyer,,,,,,
25826986,1,BG-Phoenics GmbH,,,,,,,,buyer,,,,,,
25826982,1,DB InfraGO AG ? Geschäftsbereich Fahrweg (Bukr 16),,,,,,,,buyer,,,,,,
25818298,1,Stadtwerke Elmshorn,,,,,,,,buyer,,,,,,
25821782,1,Stadt Fuerth -Rf. V- Zentrale Vergabestelle,,,,,,,,buyer,,,,,,
25818322,2,Raiffeisenbank Ems-Vechte eG,,,,,,,,buyer,,,,,,
25822872,1,Landkreis Bad Kreuznach,,,,,,,,buyer,,,,,,
25822876,1,Kreisverwaltung Ennepe-Ruhr,,,,,,,,buyer,,,,,,
25822880,1,Samtgemeinde Nordhümmling (LK Emsland),,,,,,,,buyer,,,,,,
25822884,1,Stadtverwaltung Mühlhausen,,,,,,,,buyer,,,,,,
25822888,1,"Amt ""Amt Stettiner Haff""",,,,,,,,buyer,,,,,,
25822892,1,KoPart eG,,,,,,,,buyer,,,,,,
25822896,1,Landkreis Bad Kreuznach,,,,,,,,buyer,,,,,,
25822900,1,Samtgemeinde Nordhümmling (LK Emsland),,,,,,,,buyer,,,,,,
25822904,1,Stadt Neuss,,,,,,,,buyer,,,,,,
25822908,1,Verbandsgemeindeverwaltung Herxheim,,,,,,,,buyer,,,,,,
25822912,1,Wasserverband Bremervörde,,,,,,,,buyer,,,,,,
25822916,1,Helmholtz-Zentrum Berlin für Materialien und Energie GmbH (HZB),,,,,,,,buyer,,,,,,
25822920,1,Entsorgungsbetriebe Lübeck,,,,,,,,buyer,,,,,,
25822924,1,Gemeinde Freisen,,,,,,,,buyer,,,,,,
25822928,1,Gemeinde Freisen,,,,,,,,buyer,,,,,,
25822932,1,Kölner Verkehrs-Betriebe AG,,,,,,,,buyer,,,,,,
25822936,1,Bildungsbau Bremen GmbH und Co. KG,,,,,,,,buyer,,,,,,
25822944,1,Stadt Meppen,,,,,,,,buyer,,,,,,
25822948,1,Stadtverwaltung Mühlhausen,,,,,,,,buyer,,,,,,
25822952,1,Gemeinde Löcknitz über Amt Löcknitz-Penkun,,,,,,,,buyer,,,,,,
25822956,1,Deutsches Zentrum für Luft- und Raumfahrt e.V. | TI-ZVM,,,,,,,,buyer,,,,,,
25822960,1,Kurgesellschaft Bevensen GmbH,,,,,,,,buyer,,,,,,
25822964,1,Stadt Malchin,,,,,,,,buyer,,,,,,
25822836,1,Kreisverwaltung Mayen-Koblenz,,,,,,,,buyer,,,,,,
25822840,1,Verbandsgemeindeverwaltung Alzey-Land,,,,,,,,buyer,,,,,,
25822844,1,Rhein-Kreis Neuss - Die Landrätin - Zentrales Vergabemanagement,,,,,,,,buyer,,,,,,
25822848,1,Wasserverband Nienburger Land,,,,,,,,buyer,,,,,,
25822852,1,Wasserverband Bremervörde,,,,,,,,buyer,,,,,,
25822856,1,Zweckverband Abfallwirtschaft Celle,,,,,,,,buyer,,,,,,
25822860,1,"Landratsamt Esslingen, Amt 51 - Straßenbauamt",,,,,,,,buyer,,,,,,
25822868,1,HELIOS Klinikum Emil von Behring GmbH,,,,,,,,buyer,,,,,,
25825356,1,"Landratsamt Esslingen, Amt 51 - Straßenbauamt",,,,,,,,buyer,,,,,,
25825360,1,HELIOS Klinikum Emil von Behring GmbH,,,,,,,,buyer,,,,,,
25825364,1,Landkreis Bad Kreuznach,,,,,,,,buyer,,,,,,
25825368,1,Kreisverwaltung Ennepe-Ruhr,,,,,,,,buyer,,,,,,
25825372,1,Samtgemeinde Nordhümmling (LK Emsland),,,,,,,,buyer,,,,,,
25825376,1,Stadtverwaltung Mühlhausen,,,,,,,,buyer,,,,,,
25825380,1,"Amt ""Amt Stettiner Haff""",,,,,,,,buyer,,,,,,
25825384,1,KoPart eG,,,,,,,,buyer,,,,,,
25825388,1,Landkreis Bad Kreuznach,,,,,,,,buyer,,,,,,
25825392,1,Samtgemeinde Nordhümmling (LK Emsland),,,,,,,,buyer,,,,,,
25825396,1,Stadt Neuss,,,,,,,,buyer,,,,,,
25825400,1,Wasserverband Bremervörde,,,,,,,,buyer,,,,,,
25825404,1,Helmholtz-Zentrum Berlin für Materialien und Energie GmbH (HZB),,,,,,,,buyer,,,,,,
25825408,1,Entsorgungsbetriebe Lübeck,,,,,,,,buyer,,,,,,
25825412,1,Gemeinde Freisen,,,,,,,,buyer,,,,,,
25825416,1,Gemeinde Freisen,,,,,,,,buyer,,,,,,
25825420,1,Kölner Verkehrs-Betriebe AG,,,,,,,,buyer,,,,,,
25825424,1,Stadt Meppen,,,,,,,,buyer,,,,,,
25825428,1,Stadtverwaltung Mühlhausen,,,,,,,,buyer,,,,,,
25825432,1,Deutsches Zentrum für Luft- und Raumfahrt e.V. | TI-ZVM,,,,,,,,buyer,,,,,,
25825436,1,Kurgesellschaft Bevensen GmbH,,,,,,,,buyer,,,,,,
25825440,1,Stadt Malchin,,,,,,,,buyer,,,,,,
25821438,2,Raiffeisenbank Ems-Vechte eG,,,,,,,,buyer,,,,,,
25825332,1,Kreisverwaltung Mayen-Koblenz,,,,,,,,buyer,,,,,,
25825336,1,Verbandsgemeindeverwaltung Alzey-Land,,,,,,,,buyer,,,,,,
25825340,1,Rhein-Kreis Neuss - Die Landrätin - Zentrales Vergabemanagement,,,,,,,,buyer,,,,,,
25825344,1,Wasserverband Nienburger Land,,,,,,,,buyer,,,,,,
25825348,1,Wasserverband Bremervörde,,,,,,,,buyer,,,,,,
25825352,1,Zweckverband Abfallwirtschaft Celle,,,,,,,,buyer,,,,,,
25817140,2,Stadt Barth,,,,,,,,buyer,,,,,,
25825328,1,Stadtwerke Elmshorn,,,,,,,,buyer,,,,,,
25821434,2,Bildungsbau Bremen GmbH und Co. KG,,,,,,,,buyer,,,,,,
25635804,1,Verbandsgemeindeverwaltung Herxheim,,,,,,,,buyer,,,,,,
25750966,2,Gemeinde Löcknitz über Amt Löcknitz-Penkun,,,,,,,,buyer,,,,,,
25827228,1,"Lausitzer und Mitteldeutsche Bergbau-Verwaltungsgesellschaft mbH, Einkauf Mitteldeutschland, Walter-Köhn-Str. 2, 04356 Leipzig",,,,,,,,buyer,,,,,,
25744564,2,Technische Universität Berlin,,,,,,,,buyer,,,,,,
25723776,3,DB InfraGO AG ? Geschäftsbereich Fahrweg (Bukr 16),,,,,,,,buyer,,,,,,
25827124,1,Verwaltungsgemeinschaft Schondorf am Ammersee,,,,,,,,buyer,,,,,,
25822500,1,Berliner Wasserbetriebe,,,,,,,,buyer,,,,,,
25823454,1,Stadt Müncheberg,,,,,,,,buyer,,,,,,
25825624,1,Hochsauerlandkreis,,,,,,,,buyer,,,,,,
25719552,1,DB InfraGO AG ? Geschäftsbereich Fahrweg (Bukr 16),,,,,,,,buyer,,,,,,
25823356,1,Techniker Krankenkasse,,,,,,,,buyer,,,,,,
25823352,1,Techniker Krankenkasse,,,,,,,,buyer,,,,,,
25823338,1,Zweites Deutsches Fernsehen,,,,,,,,buyer,,,,,,
25827156,1,Markt Rentweinsdorf,,,,,,,,buyer,,,,,,
25822526,1,"Landesamt für Umwelt, Landwirtschaft und Geologie",,,,,,,,buyer,,,,,,
25825788,1,JVA Rheinbach,,,,,,,,buyer,,,,,,
25825848,1,LBB Regionale Vergabestelle Kaiserslautern,,,,,,,,buyer,,,,,,
25823450,1,Amt Falkenberg-Höhe,,,,,,,,buyer,,,,,,
25823310,1,Projektgesellschaft Kirtorfer Höfe GmbH & Co. KG,,,,,,,,buyer,,,,,,
25822816,1,Stadt Aschersleben,,,,,,,,buyer,,,,,,
25822756,1,HANSEAT Verein für Wassersport e.V.,,,,,,,,buyer,,,,,,
25822708,1,Rettungszweckverband Südwestsachsen,,,,,,,,buyer,,,,,,
25823406,1,Kommunaler Immobilien Service Potsdam (KIS) Eigenbetrieb der Landeshauptstadt Potsdam,,,,,,,,buyer,,,,,,
25823012,1,Bundesrepublik Deutschland vertreten durch das Staatliche Baumanagement Niedersachsen,,,,,,,,buyer,,,,,,
25825852,1,LBB Regionale Vergabestelle Trier,,,,,,,,buyer,,,,,,
25822632,1,Stadtverwaltung Pirna,,,,,,,,buyer,,,,,,
25822628,1,Stadtverwaltung Pirna,,,,,,,,buyer,,,,,,
25822624,1,Stadtverwaltung Pirna,,,,,,,,buyer,,,,,,
25822620,1,Innung Sanitär- und Heizungstechnik Jade,,,,,,,,buyer,,,,,,
25825660,1,Hochsauerlandkreis,,,,,,,,buyer,,,,,,
25823334,1,Amt Nordsee-Treene,,,,,,,,buyer,,,,,,
25825784,1,"Landesamt für Natur, Umwelt und Klima NRW",,,,,,,,buyer,,,,,,
25827188,1,"Staatsbetrieb Sächsisches Immobilien- und Baumanagement, Zentrale,  Zentralstelle Vergabe- und Vertragsmanagement",,,,,,,,buyer,,,,,,
25823104,1,Landkreis Ammerland,,,,,,,,buyer,,,,,,
25823326,1,Dresdner Verkehrsbetriebe AG,,,,,,,,buyer,,,,,,
25827084,1,Diözese Passau KdöR,,,,,,,,buyer,,,,,,
25823348,1,Techniker Krankenkasse,,,,,,,,buyer,,,,,,
25827184,1,"Staatsbetrieb Sächsisches Immobilien- und Baumanagement, Zentrale,  Zentralstelle Vergabe- und Vertragsmanagement",,,,,,,,buyer,,,,,,
25823344,1,Techniker Krankenkasse,,,,,,,,buyer,,,,,,
25823446,1,Amt Lindow (Mark),,,,,,,,buyer,,,,,,
25823442,1,Stadt Eberswalde,,,,,,,,buyer,,,,,,
25776634,2,ÜSTRA Hannoversche Verkehrsbetriebe Aktiengesellschaft,,,,,,,,buyer,,,,,,
25827180,1,"Staatsbetrieb Sächsisches Immobilien- und Baumanagement, Zentrale,  Zentralstelle Vergabe- und Vertragsmanagement",,,,,,,,buyer,,,,,,
25825628,1,jobcenter AöR,,,,,,,,buyer,,,,,,
25827176,1,"Staatsbetrieb Sächsisches Immobilien- und Baumanagement, Zentrale,  Zentralstelle Vergabe- und Vertragsmanagement",,,,,,,,buyer,,,,,,
25825462,1,Hessen Mobil Fulda,,,,,,,,buyer,,,,,,
25826954,1,HSI Hamburger Senioren Immobilien GmbH c/o Sprinkenhof GmbH,,,,,,,,buyer,,,,,,
25823214,1,Technische Universität Berlin - Zentrale Beschaffung - Operativer Einkauf,,,,,,,,buyer,,,,,,
25826978,1,Kreis Minden-Lübbecke,,,,,,,,buyer,,,,,,
25825776,1,Wald und Holz NRW,,,,,,,,buyer,,,,,,
25823084,1,Stadt Hildesheim,,,,,,,,buyer,,,,,,
25822616,1,Innung Sanitär- und Heizungstechnik Jade,,,,,,,,buyer,,,,,,
25825844,1,LBB Regionale Vergabestelle Trier,,,,,,,,buyer,,,,,,
25823218,1,Technische Universität Berlin - Zentrale Beschaffung - Operativer Einkauf,,,,,,,,buyer,,,,,,
25825772,1,Universität Duisburg-Essen,,,,,,,,buyer,,,,,,
25823076,1,Landkreis Hildesheim,,,,,,,,buyer,,,,,,
25826950,1,SBH | Schulbau Hamburg,,,,,,,,buyer,,,,,,
25826974,1,Verbandsgemeinde Daun,,,,,,,,buyer,,,,,,
25825446,1,Landesbetrieb Straßenwesen Brandenburg Dienststätte Kyritz,,,,,,,,buyer,,,,,,
25822748,1,Landratsamt Ilm-Kreis,,,,,,,,buyer,,,,,,
25822584,1,"VG Nünchritz-Glaubitz, i. A. der Gemeinde Glaubitz",,,,,,,,buyer,,,,,,
25823072,1,Landkreis Northeim,,,,,,,,buyer,,,,,,
25823056,1,Niedersächsische Landesbehörde für Straßenbau und Verkehr - Geschäftsbereich Verden,,,,,,,,buyer,,,,,,
25827172,1,"Staatsbetrieb Sächsisches Immobilien- und Baumanagement, Zentrale,  Zentralstelle Vergabe- und Vertragsmanagement",,,,,,,,buyer,,,,,,
25822664,1,Stadt Chemnitz,,,,,,,,buyer,,,,,,
25822612,1,Landkreis Görlitz,,,,,,,,buyer,,,,,,
25823478,1,Vergabestelle Südpfalz,,,,,,,,buyer,,,,,,
25823784,1,Stadt Reichelsheim (Wetterau),,,,,,,,buyer,,,,,,
25823508,1,Deutsche Gesellschaft für Internationale Zusammenarbeit (GIZ) GmbH,,,,,,,,buyer,,,,,,
25776550,2,S-Bahn Hamburg GmbH  (Bukr 24),,,,,,,,buyer,,,,,,
25823306,1,Verwaltungs-Berufsgenossenschaft (VBG) - Hauptverwaltung Hamburg,,,,,,,,buyer,,,,,,
25825644,1,Der Landrat als Kreispolizeibehörde Coesfeld,,,,,,,,buyer,,,,,,
25823474,1,Vergabestelle Südpfalz,,,,,,,,buyer,,,,,,
25825840,1,LBB Regionale Vergabestelle Trier,,,,,,,,buyer,,,,,,
25823294,1,Gemeinde Harmsdorf über das Amt Lauenburgische Seen,,,,,,,,buyer,,,,,,
25826942,1,Gemeinde Scheeßel,,,,,,,,buyer,,,,,,
25827168,1,"Staatsbetrieb Sächsisches Immobilien- und Baumanagement, Zentrale,  Zentralstelle Vergabe- und Vertragsmanagement",,,,,,,,buyer,,,,,,
25825818,1,Verkehrsverbund Rhein-Ruhr AöR,,,,,,,,buyer,,,,,,
25822828,1,Leipziger Wohnungs-und Baugesellschaft mbH,,,,,,,,buyer,,,,,,
25822608,1,Universitätsklinikum Carl Gustav Carus Dresden an der Technischen Universität Dresden,,,,,,,,buyer,,,,,,
25822604,1,Landestalsperrenverwaltung des Freistaates Sachsen Betrieb Freiberger Mulde/Zschopau,,,,,,,,buyer,,,,,,
25822994,1,"Stadt Sindelfingen, Zentrale Vergabestelle",,,,,,,,buyer,,,,,,
25659566,4,DB InfraGO AG ? Geschäftsbereich Fahrweg (Bukr 16),,,,,,,,buyer,,,,,,
25823282,1,Futurium gGmbH,,,,,,,,buyer,,,,,,
25825324,1,Hansestadt Stade,,,,,,,,buyer,,,,,,
25822498,1,DRV Bund Einkaufsmanagement,,,,,,,,buyer,,,,,,
25823230,1,Universität Leipzig,,,,,,,,buyer,,,,,,
25825610,1,Bau- und Liegenschaftsbetrieb NRW Aachen,,,,,,,,buyer,,,,,,
25826052,1,Polizei Berlin,,,,,,,,buyer,,,,,,
25826056,1,Polizei Berlin,,,,,,,,buyer,,,,,,
25823362,1,Wasser- und Bodenverband &quot;Nördlicher Spreewald&quot;,,,,,,,,buyer,,,,,,
25823366,1,Wasser- und Bodenverband &quot;Nördlicher Spreewald&quot;,,,,,,,,buyer,,,,,,
25825606,1,Bau- und Liegenschaftsbetrieb NRW Düsseldorf,,,,,,,,buyer,,,,,,
25822600,1,CTC gGmbH,,,,,,,,buyer,,,,,,
25822596,1,Technische Universität Chemnitz,,,,,,,,buyer,,,,,,
25823060,1,Gemeinde Wallenhorst,,,,,,,,buyer,,,,,,
25825602,1,Bau- und Liegenschaftbetrieb NRW Bundesbau,,,,,,,,buyer,,,,,,
25825648,1,Kreisverwaltung Paderborn,,,,,,,,buyer,,,,,,
25822804,1,Carl-von-Basedow-Klinikum Saalekreis gGmbH,,,,,,,,buyer,,,,,,
25822800,1,Stadtverwaltung Lutherstadt Eisleben,,,,,,,,buyer,,,,,,
25823470,1,Verbandsgemeindeverwaltung Cochem (ZVS ZUCK),,,,,,,,buyer,,,,,,
25825768,1,d-NRW Anstalt des öffentlichen Rechts,,,,,,,,buyer,,,,,,
25826918,1,DB InfraGO AG ? Geschäftsbereich Fahrweg (Bukr 16),,,,,,,,buyer,,,,,,
25822796,1,Stadtverwaltung Lutherstadt Eisleben,,,,,,,,buyer,,,,,,
25822744,1,Landkreis Eichsfeld - Zentrale Vergabestelle,,,,,,,,buyer,,,,,,
25822752,1,Hanse-Jobcenter Rostock,,,,,,,,buyer,,,,,,
25822672,1,"Technische Universität Dresden, Dezernat Finanzen und Beschaffung, Sachgebiet Zentrale Beschaffung und Anlagenbuchhaltung",,,,,,,,buyer,,,,,,
25822668,1,"Technische Universität Dresden, Dezernat Finanzen und Beschaffung, Sachgebiet Zentrale Beschaffung und Anlagenbuchhaltung",,,,,,,,buyer,,,,,,
25822990,1,Stadtwerke Herrenberg,,,,,,,,buyer,,,,,,
25822478,1,"Stadt Eichstätt, Marktplatz 11, 85072 Eichstätt, Tel.: +49 8421600143, Fax: +49 8421600179, E-Mail: bauamt@eichstaett.de",,,,,,,,buyer,,,,,,
25823158,1,Fraunhofer IZFP,,,,,,,,buyer,,,,,,
25807478,2,FHH Bezirksamt Bergedorf c/o Sprinkenhof GmbH,,,,,,,,buyer,,,,,,
25822792,1,Stadtverwaltung Lutherstadt Eisleben,,,,,,,,buyer,,,,,,
25822784,1,"Gemeinde Wallhausen über Verbandsgemeinde ""Goldene Aue""",,,,,,,,buyer,,,,,,
25822592,1,Cargill GmbH,,,,,,,,buyer,,,,,,
25822580,1,Zweckverband Fernwasser Südsachsen,,,,,,,,buyer,,,,,,
25823438,1,Technische Hochschule Brandenburg,,,,,,,,buyer,,,,,,
25825666,1,Ev. Kirchengemeinde An der Wipper,,,,,,,,buyer,,,,,,
25825718,1,Rhein-Erft-Kreis,,,,,,,,buyer,,,,,,
25825636,1,Stadt Coesfeld,,,,,,,,buyer,,,,,,
25825824,1,Universität Koblenz,,,,,,,,buyer,,,,,,
25825316,1,Handwerkskammer Dortmund,,,,,,,,buyer,,,,,,
25758778,3,Die Autobahn GmbH des Bundes - NL Nordwest,,,,,,,,buyer,,,,,,
25823266,1,Landkreis Holzminden für den Bereich Personal,,,,,,,,buyer,,,,,,
25823052,1,Bundesrepublik Deutschland vertreten durch das Staatliche Baumanagement Niedersachsen,,,,,,,,buyer,,,,,,
25822780,1,"Otto-von-Guericke-Universität Magdeburg, Abt. Beschaffung, Zahlstelle (K13)",,,,,,,,buyer,,,,,,
25823262,1,Oldenburgisch-Ostfriesischer Wasserverband,,,,,,,,buyer,,,,,,
25825586,1,Wasserverband Eifel-Rur - Zentrale Vergabestelle -,,,,,,,,buyer,,,,,,
25822652,1,Landeshauptstadt Dresden,,,,,,,,buyer,,,,,,
25823430,1,"Landkreis Oder-Spree, KWU-Entsorgung,  Eigenbetrieb des LOS",,,,,,,,buyer,,,,,,
25823772,1,Universität des Saarlandes - Dezernat Zentrale Beschaffung und Dienste,,,,,,,,buyer,,,,,,
25826946,1,Zweckverband Ostholstein,,,,,,,,buyer,,,,,,
25823768,1,Zentrale Vergabestelle Germersheim - Bellheim - Jockgrim - Rülzheim,,,,,,,,buyer,,,,,,
25822568,1,Erzgebirgsklinikum gGmbH,,,,,,,,buyer,,,,,,
25823254,1,studierendenWERK BERLIN,,,,,,,,buyer,,,,,,
25822978,1,WIRO Wohnen in Rostock Wohnungsgesellschaft mbH,,,,,,,,buyer,,,,,,
25823434,1,Brandenburgische Technische Universität Cottbus - Senftenberg,,,,,,,,buyer,,,,,,
25825458,1,"Landesbetrieb Bau und Immobilien Hessen, Niederlassung Mitte Zentrale Vergabe",,,,,,,,buyer,,,,,,
25822564,1,Landratsamt Bautzen,,,,,,,,buyer,,,,,,
25823764,1,Zentrale Vergabestelle Germersheim - Bellheim - Jockgrim - Rülzheim,,,,,,,,buyer,,,,,,
25823426,1,Gemeinde Brieselang,,,,,,,,buyer,,,,,,
25823048,1,Land Niedersachsen vertreten durch das Staatliche Baumanagement Niedersachsen,,,,,,,,buyer,,,,,,
25822740,1,WAZV Mittleres Nessetal,,,,,,,,buyer,,,,,,
25822560,1,"VG Nünchritz-Glaubitz, i. A. der Gemeinde Glaubitz",,,,,,,,buyer,,,,,,
25825442,1,Landesbetrieb Straßenwesen Brandenburg Betriebssitz Hoppegarten,,,,,,,,buyer,,,,,,
25826048,1,IT-Dienstleistungszentrum Berlin (AÖR),,,,,,,,buyer,,,,,,
25825308,1,Wasserversorgungsverband Overledingen,,,,,,,,buyer,,,,,,
25826926,1,Stadt Minden über Kreis Minden-Lübbecke,,,,,,,,buyer,,,,,,
25823250,1,Stadt Garbsen Fachbereich 3 Abteilung 30 Zentrale Vergabestelle,,,,,,,,buyer,,,,,,
25771066,2,Landkreis Cloppenburg,,,,,,,,buyer,,,,,,
25823246,1,Universität Greifswald,,,,,,,,buyer,,,,,,
25823162,1,Landesjagdverband Nordrhein-Westfalen e. V.,,,,,,,,buyer,,,,,,
25823460,1,"Stadt Halle (Saale), FB Recht, Team Submission",,,,,,,,buyer,,,,,,
25822700,1,Stadtverwaltung Werdau,,,,,,,,buyer,,,,,,
25776542,4,Handwerkskammer für München und Oberbayern,,,,,,,,buyer,,,,,,
25823044,1,Niedersächsische Landesbehörde für Straßenbau und Verkehr - Geschäftsbereich Oldenburg,,,,,,,,buyer,,,,,,
25826894,1,Landkreis Rotenburg (Wümme),,,,,,,,buyer,,,,,,
25825656,1,Stadt Ibbenbüren,,,,,,,,buyer,,,,,,
25823242,1,Bundesanstalt für Arbeitsschutz und Arbeitsmedizin,,,,,,,,buyer,,,,,,
25826922,1,Verbandsgemeinde Kusel-Altenglan,,,,,,,,buyer,,,,,,
25823154,1,Fraunhofer IZFP,,,,,,,,buyer,,,,,,
25822510,1,"Sächsisches Staatsministerium für Soziales, Gesundheit und Gesellschaftlichen Zusammenhalt",,,,,,,,buyer,,,,,,
25823422,1,Brandenburgische Technische Universität Cottbus-Senftenberg,,,,,,,,buyer,,,,,,
25825304,1,Stadt Bottrop,,,,,,,,buyer,,,,,,
25822736,1,"Landkreis Nordhausen, Landratsamt - Ausschreibungs- u. Vergabestelle",,,,,,,,buyer,,,,,,
25825706,1,Stadtverwaltung Rheinbach,,,,,,,,buyer,,,,,,
25826914,1,Stadt Landshut - Referat 5,,,,,,,,buyer,,,,,,
25826004,1,Stein und Partner Projektmanagement,,,,,,,,buyer,,,,,,
25826008,1,Stein und Partner Projektmanagement,,,,,,,,buyer,,,,,,
25823238,1,"Zentrales Gebäudemanagement Schwerin, Eigenbetrieb der Landeshauptstadt Schwerin",,,,,,,,buyer,,,,,,
25781004,2,Stadt Nürnberg - Zentrale Dienste,,,,,,,,buyer,,,,,,
25823418,1,Hochschule für nachhaltige Entwicklung Eberswalde,,,,,,,,buyer,,,,,,
25826910,1,LGE Mecklenburg-Vorpommern GmbH als treuhändischer Sanierungsträger der Hansestadt Demmin,,,,,,,,buyer,,,,,,
25823466,1,Stadtverwaltung Pirmasens - Zentrale Vergabestelle,,,,,,,,buyer,,,,,,
25825300,1,Wasserversorgungsverband Overledingen,,,,,,,,buyer,,,,,,
25825620,1,Stadt Rheine,,,,,,,,buyer,,,,,,
25823234,1,AOK NordWest - Die Gesundheitskasse.,,,,,,,,buyer,,,,,,
25825702,1,Stadt Overath-Amt für Personal und Organisation | Vergabestelle,,,,,,,,buyer,,,,,,
25823370,1,Bernau,,,,,,,,buyer,,,,,,
25826886,1,Stadt Oldenburg (Oldb),,,,,,,,buyer,,,,,,
25826102,1,Hessisches Polizeipräsidium für Technik,,,,,,,,buyer,,,,,,
25826906,1,Verbandsgemeinde Gerolstein,,,,,,,,buyer,,,,,,
25823040,1,Staatliches Baumanagement Braunschweig,,,,,,,,buyer,,,,,,
25823752,1,Forschungsverbund Berlin e.V.,,,,,,,,buyer,,,,,,
25823748,1,Die Autobahn GmbH des Bundes - NL Nordost,,,,,,,,buyer,,,,,,
25823170,1,Gemeinde Bad Grund (Harz),,,,,,,,buyer,,,,,,
25825296,1,Verbandsgemeinde Wittlich-Land,,,,,,,,buyer,,,,,,
25823410,1,Landesamt für Umwelt,,,,,,,,buyer,,,,,,
25822552,1,Landratsamt Bautzen,,,,,,,,buyer,,,,,,
25823456,1,"Stadt Halle (Saale), FB Recht, Team Submission",,,,,,,,buyer,,,,,,
25822776,1,Landkreis Anhalt-Bitterfeld,,,,,,,,buyer,,,,,,
25823032,1,Bundesrepublik Deutschland vertreten durch das Staatliche Baumanagement Niedersachsen,,,,,,,,buyer,,,,,,
25823382,1,"Landeshauptstadt Potsdam, Bereich Vergabemanagement",,,,,,,,buyer,,,,,,
25823016,1,Niedersächsische Landesbehörde für Straßenbau und Verkehr - Geschäftsbereich Hannover,,,,,,,,buyer,,,,,,
25823402,1,"Landesamt für Bergbau, Geologie und Rohstoffe",,,,,,,,buyer,,,,,,
25822732,1,Gemeinde Südeichsfeld,,,,,,,,buyer,,,,,,
25823654,1,Interkommunales Vergabezentrum der Stadt Bad Vilbel im Auftrag des Magistrats der Stadt Nidderau,,,,,,,,buyer,,,,,,
25823378,1,Brandenburgischer IT-Dienstleister,,,,,,,,buyer,,,,,,
25825652,1,Wohn + Stadtbau Wohnungsunternehmen der Stadt Münster GmbH,,,,,,,,buyer,,,,,,
25823028,1,Stadt Aurich,,,,,,,,buyer,,,,,,
25822768,1,Landkreis Anhalt-Bitterfeld,,,,,,,,buyer,,,,,,
25822724,1,Gemeinde Südeichsfeld,,,,,,,,buyer,,,,,,
25822728,1,Gemeinde Südeichsfeld,,,,,,,,buyer,,,,,,
25822720,1,Gemeinde Südeichsfeld,,,,,,,,buyer,,,,,,
25822712,1,Gemeinde Südeichsfeld,,,,,,,,buyer,,,,,,
25822716,1,Gemeinde Südeichsfeld,,,,,,,,buyer,,,,,,
25822696,1,Rettungszweckverband Südwestsachsen,,,,,,,,buyer,,,,,,
25822680,1,"Landesamt für Straßenbau und Verkehr, Zentrale",,,,,,,,buyer,,,,,,
25823724,1,"Stadt Frankfurt am Main, Amt für Bau und Immobilien",,,,,,,,buyer,,,,,,
25827160,1,"Staatsbetrieb Sächsisches Immobilien- und Baumanagement, Zentrale,  Zentralstelle Vergabe- und Vertragsmanagement",,,,,,,,buyer,,,,,,
25825454,1,"Landesbetrieb Bau und Immobilien Hessen, Niederlassung Mitte Zentrale Vergabe",,,,,,,,buyer,,,,,,
25822832,1,Helmholtz Zentrum München Deutsches Forschungszentrum für Gesundheit und Umwelt (GmbH),,,,,,,,buyer,,,,,,
25822760,1,Landkreis Anhalt-Bitterfeld,,,,,,,,buyer,,,,,,
25822676,1,"Landesamt für Straßenbau und Verkehr, Niederlassung Meißen",,,,,,,,buyer,,,,,,
25822644,1,Landeshauptstadt Dresden,,,,,,,,buyer,,,,,,
25822640,1,Landeshauptstadt Dresden,,,,,,,,buyer,,,,,,
25823226,1,Dresdner Verkehrsbetriebe AG,,,,,,,,buyer,,,,,,
25825752,1,Tourismus NRW e.V.,,,,,,,,buyer,,,,,,
25825814,1,"Stadt Bergkamen, Zentrale Vergabestelle",,,,,,,,buyer,,,,,,
25822548,1,WAZV Mittlere Wesenitz,,,,,,,,buyer,,,,,,
25822528,1,DEGES Deutsche Einheit Fernstraßenplanungs- und -bau GmbH,,,,,,,,buyer,,,,,,
25823140,1,Wasserstraßen- und Schifffahrtsamt Elbe-Nordsee,,,,,,,,buyer,,,,,,
25827148,1,Evangelisches Siedlungswerk in Bayern GmbH,,,,,,,,buyer,,,,,,
25822474,1,"Gemeinde Altenkunstadt, Marktplatz 2, 96264 Altenkunstadt, Tel.: +49 9572387211, E-Mail: frank.soellner@altenkunstadt.de, Internet: www.altenkunstadt.de",,,,,,,,buyer,,,,,,
25822536,1,Basketball Löwen e.V.,,,,,,,,buyer,,,,,,
25825670,1,Linksniederrheinische Entwässerungs-Genossenschaft,,,,,,,,buyer,,,,,,
25822532,1,Leipziger Messe GmbH,,,,,,,,buyer,,,,,,
25825268,1,Technische Hochschule Lübeck Zentrale Beschaffung,,,,,,,,buyer,,,,,,
25822660,1,Abfallentsorgungs- und Stadtreinigungsbetrieb der Stadt Chemnitz,,,,,,,,buyer,,,,,,
25822656,1,Abfallentsorgungs- und Stadtreinigungsbetrieb der Stadt Chemnitz,,,,,,,,buyer,,,,,,
25826854,1,"Max-Planck-Gesellschaft , GV-Bauabteilung",,,,,,,,buyer,,,,,,
25826850,1,Nationalparkverwaltung Bayerischer Wald,,,,,,,,buyer,,,,,,
25825516,1,Vermögens- und Hochbauverwaltung Baden-Württemberg,,,,,,,,buyer,,,,,,
25825528,1,Zentrale Vergabestelle Germersheim - Bellheim - Jockgrim,,,,,,,,buyer,,,,,,
25825536,1,Universität des Saarlandes,,,,,,,,buyer,,,,,,
25825540,1,Max-Planck-Institut für Infektionsbiologie (IIB),,,,,,,,buyer,,,,,,
25825544,1,Vermögens- und Hochbauverwaltung Baden-Württemberg,,,,,,,,buyer,,,,,,
25825552,1,Stadt Reichelsheim,,,,,,,,buyer,,,,,,
25825556,1,Vermögens- und Hochbauverwaltung Baden-Württemberg,,,,,,,,buyer,,,,,,
25825560,1,Vermögens- und Hochbauverwaltung Baden-Württemberg,,,,,,,,buyer,,,,,,
25825564,1,Vermögens- und Hochbauverwaltung Baden-Württemberg,,,,,,,,buyer,,,,,,
25825568,1,Vermögens- und Hochbauverwaltung Baden-Württemberg,,,,,,,,buyer,,,,,,
25825572,1,Vermögens- und Hochbauverwaltung Baden-Württemberg,,,,,,,,buyer,,,,,,
25825580,1,Vermögens- und Hochbauverwaltung Baden-Württemberg,,,,,,,,buyer,,,,,,
25825484,1,Stadt Offenburg Bauservice,,,,,,,,buyer,,,,,,
25823136,1,Wasserstraßen- und Schifffahrtsamt Elbe,,,,,,,,buyer,,,,,,
25824728,1,Zweckverband Abfallwirtschaft Region Hannover,,,,,,,,buyer,,,,,,
25824736,1,Zweckverband Abfallwirtschaft Region Hannover,,,,,,,,buyer,,,,,,
25824744,1,Zweckverband Abfallwirtschaft Region Hannover,,,,,,,,buyer,,,,,,
25823492,1,Deutsche Gesellschaft für Internationale Zusammenarbeit (GIZ) GmbH,,,,,,,,buyer,,,,,,
25825480,1,Stadt Leonberg Abteilung Bauverwaltung,,,,,,,,buyer,,,,,,
25825640,1,Wohn + Stadtbau Wohnungsunternehmen der Stadt Münster GmbH,,,,,,,,buyer,,,,,,
25825798,1,Stadt Hagen,,,,,,,,buyer,,,,,,
25825832,1,LBM Bad Kreuznach,,,,,,,,buyer,,,,,,
25825748,1,Landesbetrieb Straßenbau NRW- Regionalniederlassung Ruhr,,,,,,,,buyer,,,,,,
25826000,1,Stadt Freising,,,,,,,,buyer,,,,,,
25826020,1,Berliner Feuerwehr,,,,,,,,buyer,,,,,,
25826024,1,Bezirksamt Mitte von Berlin,,,,,,,,buyer,,,,,,
25826028,1,degewo AG,,,,,,,,buyer,,,,,,
25826032,1,degewo AG,,,,,,,,buyer,,,,,,
25826036,1,degewo AG,,,,,,,,buyer,,,,,,
25826040,1,Berliner Feuerwehr,,,,,,,,buyer,,,,,,
25826044,1,degewo AG,,,,,,,,buyer,,,,,,
25826070,1,"Universitaetsmedizin Goettingen, Stiftung Oeffentlichen Rechts",,,,,,,,buyer,,,,,,
25826074,1,Stadt Ulm - Zentrale Vergabestelle Liefer- und Dienstleistungen,,,,,,,,buyer,,,,,,
25826082,1,Hamburg Port Authority AoeR,,,,,,,,buyer,,,,,,
25826086,1,"Universitaetsmedizin Goettingen, Stiftung Oeffentlichen Rechts",,,,,,,,buyer,,,,,,
25825996,1,Stadt Neu-Ulm,,,,,,,,buyer,,,,,,
25826012,1,degewo AG,,,,,,,,buyer,,,,,,
25826016,1,Land Berlin (SODA),,,,,,,,buyer,,,,,,
25826094,1,Gebaeudemanagement Schleswig-Holstein AoeR,,,,,,,,buyer,,,,,,
25826058,1,Strassenbauamt Schwerin,,,,,,,,buyer,,,,,,
25826098,1,Gebaeudemanagement Schleswig-Holstein AoeR,,,,,,,,buyer,,,,,,
25825836,1,LBM Trier,,,,,,,,buyer,,,,,,
25827232,1,DLR e.V.,,,,,,,,buyer,,,,,,
25827236,1,Deutsches Zentrum für Luft- und Raumfahrt e.V.,,,,,,,,buyer,,,,,,
25827200,1,Bundegesellschaft für Endlagerung mbH,,,,,,,,buyer,,,,,,
25825584,1,Vermögens- und Hochbauverwaltung Baden-Württemberg,,,,,,,,buyer,,,,,,
25823484,1,Deutsche Gesellschaft für Internationale Zusammenarbeit (GIZ) GmbH,,,,,,,,buyer,,,,,,
25823480,1,Deutsche Gesellschaft für Internationale Zusammenarbeit (GIZ) GmbH,,,,,,,,buyer,,,,,,
25823108,1,Gemeinde Rosdorf,,,,,,,,buyer,,,,,,
25823788,1,"Landratsamt Karlsruhe, Amt für Gebäudemanagement, Bauverwaltung",,,,,,,,buyer,,,,,,
25825632,1,Wohn + Stadtbau Wohnungsunternehmen der Stadt Münster GmbH,,,,,,,,buyer,,,,,,
25826970,1,"Bayerisches Landesamt für Digitalisierung, Breitband und Vermessung",,,,,,,,buyer,,,,,,
25825828,1,Universität Koblenz,,,,,,,,buyer,,,,,,
25823330,1,"SDS - Stadtwirtschaftliche Dienstleistungen Schwerin, Eigenbetrieb der Landeshauptstadt Schwerin",,,,,,,,buyer,,,,,,
25823512,1,Deutsche Gesellschaft für Internationale Zusammenarbeit (GIZ) GmbH,,,,,,,,buyer,,,,,,
25825780,1,RWTH Aachen University,,,,,,,,buyer,,,,,,
25825576,1,Vermögens- und Hochbauverwaltung Baden-Württemberg,,,,,,,,buyer,,,,,,
25823666,1,Gemeinde Guxhagen,,,,,,,,buyer,,,,,,
25823322,1,Bremer Straßenbahn AG,,,,,,,,buyer,,,,,,
25823318,1,Bremer Straßenbahn AG,,,,,,,,buyer,,,,,,
25826962,1,DB InfraGO AG ? Geschäftsbereich Fahrweg (Bukr 16),,,,,,,,buyer,,,,,,
25826966,1,DB InfraGO AG ? Geschäftsbereich Fahrweg (Bukr 16),,,,,,,,buyer,,,,,,
25823100,1,Logistik Zentrum Niedersachsen Landesbetrieb - Außenstelle Hannover,,,,,,,,buyer,,,,,,
25823096,1,Bundesrepublik Deutschland vertreten durch das Staatliche Baumanagement Niedersachsen,,,,,,,,buyer,,,,,,
25826958,1,EWN Entsorgungswerk für Nuklearanlagen GmbH,,,,,,,,buyer,,,,,,
25823092,1,Bundesrepublik Deutschland vertreten durch das Staatliche Baumanagement Niedersachsen,,,,,,,,buyer,,,,,,
25823088,1,Bundesrepublik Deutschland vertreten durch das Staatliche Baumanagement Niedersachsen,,,,,,,,buyer,,,,,,
25823080,1,Bundesrepublik Deutschland vertreten durch das Staatliche Baumanagement Niedersachsen,,,,,,,,buyer,,,,,,
25823662,1,Gemeinde Guxhagen,,,,,,,,buyer,,,,,,
25823658,1,Gemeinde Guxhagen,,,,,,,,buyer,,,,,,
25823314,1,Bremer Straßenbahn AG,,,,,,,,buyer,,,,,,
25823068,1,Bundesrepublik Deutschland vertreten durch das Staatliche Baumanagement Niedersachsen,,,,,,,,buyer,,,,,,
25822812,1,Stadt Köthen (Anhalt),,,,,,,,buyer,,,,,,
25823504,1,Deutsche Gesellschaft für Internationale Zusammenarbeit (GIZ) GmbH,,,,,,,,buyer,,,,,,
25823302,1,Dessauer Versorgungs- und Verkehrsgesellschaft GmbH - DVV - Stadtwerke,,,,,,,,buyer,,,,,,
25827112,1,Stadt Cham - Hochbau,,,,,,,,buyer,,,,,,
25825590,1,Stadt Wassenberg - Der Bürgermeister,,,,,,,,buyer,,,,,,
25823298,1,Stadtwerke Schwerin GmbH (SWS),,,,,,,,buyer,,,,,,
25823134,1,Universität Stuttgart,,,,,,,,buyer,,,,,,
25823064,1,Bundesrepublik Deutschland vertreten durch das Staatliche Baumanagement Niedersachsen,,,,,,,,buyer,,,,,,
25823290,1,Dessauer Versorgungs- und Verkehrsgesellschaft GmbH - DVV - Stadtwerke,,,,,,,,buyer,,,,,,
25826938,1,"Landesbetrieb Straßen, Brücken und Gewässer",,,,,,,,buyer,,,,,,
25823286,1,Dessauer Versorgungs- und Verkehrsgesellschaft GmbH - DVV - Stadtwerke,,,,,,,,buyer,,,,,,
25823500,1,Deutsche Gesellschaft für Internationale Zusammenarbeit (GIZ) GmbH,,,,,,,,buyer,,,,,,
25823278,1,Dessauer Versorgungs- und Verkehrsgesellschaft GmbH - DVV - Stadtwerke,,,,,,,,buyer,,,,,,
25826934,1,regiobus Hannover GmbH,,,,,,,,buyer,,,,,,
25823274,1,Dessauer Versorgungs- und Verkehrsgesellschaft GmbH - DVV - Stadtwerke,,,,,,,,buyer,,,,,,
25823496,1,Deutsche Gesellschaft für Internationale Zusammenarbeit (GIZ) GmbH,,,,,,,,buyer,,,,,,
25826930,1,Stadt Solingen,,,,,,,,buyer,,,,,,
25825320,1,Stadt Hameln - Zentrale Vergabestelle - im Auftrag der Stadt Bad Münder am Deister,,,,,,,,buyer,,,,,,
25823270,1,Gemeinde Harsum,,,,,,,,buyer,,,,,,
25822588,1,Technische Universität Bergakademie Freiberg,,,,,,,,buyer,,,,,,
25825488,1,Große Kreisstadt Horb am Neckar,,,,,,,,buyer,,,,,,
25827152,1,Markt Regenstauf - Bautechnik,,,,,,,,buyer,,,,,,
25825312,1,Kreis Ostholstein - Zentrale Vergabestelle,,,,,,,,buyer,,,,,,
25823258,1,Stadt Bad Kissingen,,,,,,,,buyer,,,,,,
25827108,1,Technische Hochschule Ingolstadt,,,,,,,,buyer,,,,,,
25825598,1,Bau- und Liegenschaftbetrieb NRW Bundesbau,,,,,,,,buyer,,,,,,
25822572,1,Technische Universität Bergakademie Freiberg,,,,,,,,buyer,,,,,,
25826902,1,Stadt Nürnberg - Servicebetrieb Öffentlicher Raum,,,,,,,,buyer,,,,,,
25825764,1,RWTH Aachen University,,,,,,,,buyer,,,,,,
25827080,1,Landratsamt Landshut Gebäudemanagement,,,,,,,,buyer,,,,,,
25827088,1,Stadt Vilshofen an der Donau,,,,,,,,buyer,,,,,,
25823760,1,Stadt Speyer,,,,,,,,buyer,,,,,,
25827096,1,Gemeinde Mariaposching,,,,,,,,buyer,,,,,,
25822982,1,Stadt Neuenstein,,,,,,,,buyer,,,,,,
25825714,1,Stadt Wesseling - Der Bürgermeister,,,,,,,,buyer,,,,,,
25826898,1,"Bayerisches Landesamt für Digitalisierung, Breitband und Vermessung",,,,,,,,buyer,,,,,,
25825710,1,Stadt Hürth,,,,,,,,buyer,,,,,,
25825760,1,Heinrich-Heine-Universität Düsseldorf,,,,,,,,buyer,,,,,,
25827092,1,Gemeinde Mariaposching,,,,,,,,buyer,,,,,,
25826890,1,BVC Behörde für Justiz und Verbraucherschutz,,,,,,,,buyer,,,,,,
25825450,1,"Landesbetrieb Bau und Immobilien Hessen, Niederlassung Mitte Zentrale Vergabe",,,,,,,,buyer,,,,,,
25827100,1,Gemeinde Mariaposching,,,,,,,,buyer,,,,,,
25827104,1,Gemeinde Mariaposching,,,,,,,,buyer,,,,,,
25825520,1,Vermögens- und Hochbauverwaltung Baden-Württemberg,,,,,,,,buyer,,,,,,
25822984,1,Stadt Alfeld (Leine),,,,,,,,buyer,,,,,,
25825678,1,"Stadt Willich, Der Bürgermeister",,,,,,,,buyer,,,,,,
25822648,1,Landeshauptstadt Dresden,,,,,,,,buyer,,,,,,
25823414,1,"Stadt Eisenhüttenstadt, Fachbereich Stadtentwicklung",,,,,,,,buyer,,,,,,
25826882,1,"Max-Planck-Gesellschaft , GV-Bauabteilung",,,,,,,,buyer,,,,,,
25822556,1,Verbandsgemeinde Droyßiger-Zeitzer Forst,,,,,,,,buyer,,,,,,
25826878,1,Landkreis Rotenburg (Wümme),,,,,,,,buyer,,,,,,
25823036,1,Logistik Zentrum Niedersachsen Landesbetrieb - Außenstelle Hannover,,,,,,,,buyer,,,,,,
25823740,1,Stadtverwaltung Speyer - Zentrale Vergabestelle,,,,,,,,buyer,,,,,,
25823744,1,Die Autobahn GmbH des Bundes - NL Nord,,,,,,,,buyer,,,,,,
25825594,1,Bau- und Liegenschaftbetrieb NRW Bundesbau,,,,,,,,buyer,,,,,,
25823736,1,Universitätsklinikum Schleswig-Holstein AöR,,,,,,,,buyer,,,,,,
25825756,1,Universitätsklinikum Aachen AöR,,,,,,,,buyer,,,,,,
25825276,1,Landkreis Vechta,,,,,,,,buyer,,,,,,
25822692,1,Energie- und Wasserwerke Bautzen GmbH,,,,,,,,buyer,,,,,,
25822636,1,Landeshauptstadt Dresden,,,,,,,,buyer,,,,,,
25823720,1,Forschungsverbund Berlin e.V.,,,,,,,,buyer,,,,,,
25823222,1,enercity Netz GmbH,,,,,,,,buyer,,,,,,
ec2ebac5-f882-4557-8f21-ab61d46d3c4a,01,Stadtverwaltung Eisfeld,03686-390240,Eisfeld,98673,DEG0E,DEU,,,buyer,,kommun-beh,True,,,
9b81c802-39b8-4174-a4cc-a7dd42d5bc39,1,Friedrich-Schiller-Universität Jena,,Jena,07743,,DEU,https://www.uni-jena.de/,,buyer,,,,,,
06092931-df9d-48ca-bad5-0371a41ba431,2,Generalzolldirektion Zentrale Beschaffungsstelle der Bundesfinanzverwaltung,,Offenbach a.M.,63069,,DEU,https://www.zoll.de,,buyer,,,,,,
f0c055e3-d0ac-45a8-8ed0-e2e7382866ac,01,Umweltbetrieb Bremen,123 456 789,Bremen,28215,,DEU,https://www.umweltbetrieb-bremen.de,,buyer,https://www.umweltbetrieb-bremen.de,,,,,
f0c055e3-d0ac-45a8-8ed0-e2e7382866ac,01,Immobilien Bremen - Eigenbetrieb der Stadtgemeinde Bremen,96e1dccb-772e-49ca-9ee3-0c9f9997f9aa,Bremen,28215 Bremen,DE501,DEU,https://vergabe.bremen.de,,ted-esen,,,,,,
c7711135-fbb7-4e6d-801a-66d41155ecca,2,Deutsche Stiftung für internationale rechtliche Zusammenarbeit e.V.,,Bonn,53173,,DEU,,,buyer,,,,,,
200ff04c-a468-4b9e-bd0f-b1b7643c3f77,1,Lutherstadt Wittenberg,,Lutherstadt Wittenberg,06886,,DEU,http://www.wittenberg.de,,buyer,,,,,,
21d4f711-fe19-4cd7-aa8c-09863fb8e5dd,2,IMMS Institut für Mikroelektronik- und Mechatronik-Systeme gemeinnützige GmbH (IMMS GmbH),,Ilmenau,98693,,DEU,,,buyer,,,,,,
d199a92e-c6f7-4f52-921c-229ba1ccca1b,2,Solestadt Bad Dürrenberg,,Bad Dürrenberg,06231,,DEU,,,buyer,,,,,,
851f49ba-160c-4aec-859e-5575b9a046bb,1,"Bundesanstalt für Straßen- und Verkehrswesen, Referat Z2",,Bergisch Gladbach,51427,,DEU,http://www.bast.de,,buyer,,,,,,
b0f6fa43-92ac-4e7c-a8c9-55e3487121b0,2,Salzstadt Staßfurt,,Staßfurt,39418,,DEU,http://www.stassfurt.de,,buyer,,,,,,
cb0b417c-4949-40cb-babb-8d35ac5ecb26,1,Stadtverwaltung Nordhausen - Rechtsamt und Beteiligungen / Vergabestelle,,Nordhausen,99734,,DEU,,,buyer,,,,,,
d7d215a3-38df-4b0e-a785-26cae0a17984,1,"Landespolizeidirektion, SG 24-Zentrale Beschaffung/Dienstleistungen",,Erfurt,99099,,DEU,,,buyer,,,,,,
9532800d-f9a4-4856-bb1a-46f1763f33fb,1,Bundesamt für Strahlenschutz (BfS),,Salzgitter,38226,,DEU,http://www.bfs.de,,buyer,,,,,,
86a622d6-b5c8-42ae-8e4e-834ac610f252,2,Bundesamt für Bauwesen und Raumordnung in Vertretung der BImA,,Bonn,53179,,DEU,http://www.bbr.bund.de,,buyer,,,,,,
982091ec-4912-4b1c-b56b-828bf784f3ab,1,Wasserstraßen- und Schifffahrtsamt Weser - Jade - Nordsee,,Bremen,28199,,DEU,https://www.wsa-weser-jade-nordsee.wsv.de/,,buyer,,,,,,
982091ec-4912-4b1c-b56b-828bf784f3ab,1,Joachim Tiesler Hoch- und Tiefbau GmbH & Co. KG,,,,,,,,winner,,,,,,
be63422c-a3e0-44fd-befa-6be4e0907e4b,1,Wasserstraßen- und Schifffahrtsamt Spree-Havel,,Berlin,10965,,DEU,,,buyer,,,,,,
a9a248f5-fa5a-471c-8cb2-30ea888267a3,1,Stadt Freyburg (Unstrut) über Verbandsgemeinde Unstruttal,,Freyburg (Unstrut),06632,,DEU,,,buyer,,,,,,
a9a248f5-fa5a-471c-8cb2-30ea888267a3,2,Stadt Freyburg (Unstrut) über Verbandsgemeinde Unstruttal,,Freyburg (Unstrut),06632,,DEU,,,buyer,,,,,,
38e7a718-d91d-4334-926a-dd334c57b252,2,"Landeshauptstadt Magdeburg, Die Oberbürgermeisterin, Zentrale Vergabestelle",,Magdeburg,39090,,DEU,,,buyer,,,,,,
5ad18efd-468c-4e58-9ba9-061739e2d9d0,1,Bundesanstalt für Geowissenschaften und Rohstoffe,,Hannover,30655,,DEU,,,buyer,,,,,,
5ad18efd-468c-4e58-9ba9-061739e2d9d0,1,Wessling Consulting Engineering GmbH & Co. KG,,,,,,,,winner,,,,,,
40012ccd-56fd-473b-927f-f1a120e69ccc,1,Hochschule Magdeburg-Stendal,,Magdeburg,39114,,DEU,,,buyer,,,,,,
05db21f9-25d1-4f8c-bbac-8bc0a526af0e,1,Bundesamt für Strahlenschutz (BfS),,Salzgitter,38226,,DEU,http://www.bfs.de,,buyer,,,,,,
d142419a-39aa-42be-aebb-cc0d7b3f8938,1,Landesamt für Verbraucherschutz Sachsen-Anhalt,,Halle (Saale),06112,,DEU,,,buyer,,,,,,
9b81c802-39b8-4174-a4cc-a7dd42d5bc39,2,Friedrich-Schiller-Universität Jena,,Jena,07743,,DEU,https://www.uni-jena.de/,,buyer,,,,,,
deb8eb79-9ac1-4e33-9b9f-90de5ac304cb,1,Universitätsklinikum Magdeburg A.ö.R,,Magdeburg,39120,,DEU,https://www.evergabe-online.de,,buyer,,,,,,
612e70ea-16b7-4b5f-b692-4a4f25ef11ba,2,Bundeswehr-Dienstleistungszentrum Munster,,Munster,29633,,DEU,http://www.evergabe-online.de/,,buyer,,,,,,
f3c3e09e-228d-45ce-8b31-a19e2230a5ef,1,Polizeiinspektion Zentrale Dienste Sachsen-Anhalt,,Magdeburg,39104,,DEU,http://www.evergabe-online.de/,,buyer,,,,,,
533019ec-0a4e-4ace-b65a-80ad779a29ec,01,Magistrat der Stadt Bremerhaven vertreten durch den Wirtschaftsbetrieb Seestadt Immobilien,,Bremerhaven,27576,DE502,DEU,https://www.seestadt-immobilien.de,,buyer,www.seestadt-immobilien.de,,,,,
533019ec-0a4e-4ace-b65a-80ad779a29ec,01,"Magistrat der Stadt Bremerhaven, c/o Rechts- und Versicherungsamt",123 456 789,Bremerhaven,27576,DE502,DEU,,,reviewer,,,,,,
b8c743e3-0629-4d28-9e6f-5a669b05f017,01,Magistrat der Stadt Bremerhaven vertreten durch den Wirtschaftsbetrieb Seestadt Immobilien,,Bremerhaven,27576,DE502,DEU,https://www.seestadt-immobilien.de,,buyer,www.seestadt-immobilien.de,,,,,
b8c743e3-0629-4d28-9e6f-5a669b05f017,01,"Magistrat der Stadt Bremerhaven, c/o Rechts- und Versicherungsamt",123 456 789,Bremerhaven,27576,DE502,DEU,,,reviewer,,,,,,
57f6110d-aabb-4481-b481-a36e978c631c,1,Stadt Zeitz - Der Oberbürgermeister - Fachbereich Ordnungswesen - Vergabestelle,,Zeitz,06712,,DEU,http://www.zeitz.de,,buyer,,,,,,
5decd4b2-9084-4d2d-a611-beb806f6afa5,1,Unfallversicherung Bund und Bahn,,Wilhelmshaven,26382,,DEU,https://www.uv-bund-bahn.de/,,buyer,,,,,,
9060ffe1-8203-45ac-8b2d-cfaf33217cf9,1,BAPersBw I 1.5.2.3 Team Beschaffung BFD/ZAW,,Köln,50737,,DEU,http://www.evergabe-online.de/,,buyer,,,,,,
25cecc38-f1a3-4ca9-b27d-29acd25ad83c,5,Bundesanstalt für Landwirtschaft und Ernährung (BLE),,Bonn,53179,,DEU,https://www.ble.de/DE/Startseite/startseite_node.html,,buyer,,,,,,
25cecc38-f1a3-4ca9-b27d-29acd25ad83c,5,Bundesanstalt für Landwirtschaft und Ernährung (BLE),,Bonn,53179,,DEU,http://www.ble.de/zv,,buyer,,,,,,
e8382197-4285-40e5-88d2-b62a25ec04e2,01,Immobilien Bremen - Eigenbetrieb der Stadtgemeinde Bremen,,Bremen,28215,,DEU,https://vergabe.bremen.de,,buyer,,,,,,
e8382197-4285-40e5-88d2-b62a25ec04e2,01,Immobilien Bremen - Eigenbetrieb der Stadtgemeinde Bremen,80e22239-8c94-4f8b-aafd-b8aefdc64eab,Bremen,28215 Bremen,DE501,DEU,https://vergabe.bremen.de,,ted-esen,,,,,,
c62abfd1-f12f-483b-ad30-083a126132f6,1,"Amt für Immobilien- und Baumanagement Magdeburg, Zentraleinheit ZE112 - Vergabe",,Magdeburg,39106,,DEU,,,buyer,,,,,,
25827508,1,Bundesministerium für Gesundheit,,,,,,,,buyer,,,,,,
25827258,1,Straßenbauamt Stralsund,,,,,,,,buyer,,,,,,
25827454,1,"LMBV mbH, Knappenstraße 1, 01968 Senftenberg",,,,,,,,buyer,,,,,,
25827626,1,weißensee kunsthochschule berlin,,,,,,,,buyer,,,,,,
25827482,1,"Fraunhofer-Gesellschaft zur Förderung der angewandten Forschung e.V. - B12 - Vergabestelle Bau - Hansastr. 27c, 80686 München",,,,,,,,buyer,,,,,,
25827422,1,DVV e.V.,,,,,,,,buyer,,,,,,
25827444,1,Zentrale Vergabestelle des Bundesarchivs,,,,,,,,buyer,,,,,,
25827498,1,Stiftung Universität Lüneburg,,,,,,,,buyer,,,,,,
25827358,1,Bundeswehr-Dienstleistungszentrum Münster,,,,,,,,buyer,,,,,,
25827270,1,Bundeswehr-Dienstleistungszentrum Münster,,,,,,,,buyer,,,,,,
25827266,1,Deutsches Zentrum für Luft- und Raumfahrt e.V.,,,,,,,,buyer,,,,,,
25827262,1,Deutsches Zentrum für Luft- und Raumfahrt e.V.,,,,,,,,buyer,,,,,,
