noticeIdentifier,noticeVersion,lotIdentifier,placePerformanceCity,placePerformancePostCode,placePerformanceCountrySubdivision,placePerformanceCountryCode
c5ef3499-a4b9-47ec-bc70-26f11a16f0c3,01,,Berlin,12435,DE300,DEU
c5ef3499-a4b9-47ec-bc70-26f11a16f0c3,01,LOT-0000,Berlin,12435,DE300,DEU
3c8225a9-791b-49f1-b08d-a65ecfcb0076,01,,,,,DEU
3c8225a9-791b-49f1-b08d-a65ecfcb0076,01,LOT-0000,,,,DEU
c69749e4-68cc-4d41-aabc-ab5cf295998f,1,,,,,
c69749e4-68cc-4d41-aabc-ab5cf295998f,1,LOT-0000,,,,
7b083735-d2fe-4149-b920-ca6a524868e3,1,,,,,
7b083735-d2fe-4149-b920-ca6a524868e3,1,LOT-0000,,,,
62017582-b322-43ba-b234-99c6d10e7cde,1,,,,,
62017582-b322-43ba-b234-99c6d10e7cde,1,LOT-0000,,,,
8168d760-e364-4120-9df0-b30c308f22c7,1,,,,,
8168d760-e364-4120-9df0-b30c308f22c7,1,LOT-0000,,,,
f9f456db-7d9a-4aa3-bb60-6dced2f58bcf,01,,Bad Rappenau,74906,DE118,DEU
f9f456db-7d9a-4aa3-bb60-6dced2f58bcf,01,LOT-0000,Bad Rappenau,74906,DE118,DEU
3aa224f3-9873-4526-9c23-7271cf89efd8,01,,Erfurt,99087,DEG01,DEU
3aa224f3-9873-4526-9c23-7271cf89efd8,01,LOT-0001,Erfurt,99087,DEG01,DEU
ca6a9d29-4645-4b9f-9cbf-ec837f1587f9,01,,Gießen,35398,DE721,DEU
ca6a9d29-4645-4b9f-9cbf-ec837f1587f9,01,LOT-0000,Gießen,35398,DE721,DEU
1fddcaa3-767c-4634-bea9-8c172601ff9e,01,,,,DEF06,DEU
1fddcaa3-767c-4634-bea9-8c172601ff9e,01,LOT-0001,,,DEF06,DEU
041a3b4a-d1d4-4009-9dcc-6ff36b793ef3,01,,,,DE935,DEU
041a3b4a-d1d4-4009-9dcc-6ff36b793ef3,01,LOT-0001,,,DE935,DEU
6bf5b4f6-4a92-47f9-bc92-0d3e550a2fe2,01,,Bremerhaven,27574,DE502,DEU
6bf5b4f6-4a92-47f9-bc92-0d3e550a2fe2,01,LOT-0000,Bremerhaven,27574,DE502,DEU
69e0360e-ef46-4cfc-93dc-c2f1a34d1292,01,,Köln,50923,DEA23,DEU
69e0360e-ef46-4cfc-93dc-c2f1a34d1292,01,LOT-0001,Köln,50923,DEA23,DEU
008f59f2-eb85-4cae-abb1-fc517ee97374,01,,,,DE719,DEU
008f59f2-eb85-4cae-abb1-fc517ee97374,01,LOT-0001,,,DE719,DEU
a530858f-6d25-4f15-85a0-5947d0f21719,01,,,,,
a530858f-6d25-4f15-85a0-5947d0f21719,01,LOT-0001,,,,
298f0d7c-fb8d-4be7-8010-aa46e2328aed,01,,,,DEB35,DEU
298f0d7c-fb8d-4be7-8010-aa46e2328aed,01,LOT-0001,,,DEB35,DEU
5b3d9c41-6b95-444b-951c-01eecb8f850e,01,,Bad Salzungen,36421,DEG0R,DEU
5b3d9c41-6b95-444b-951c-01eecb8f850e,01,LOT-0001,Bad Salzungen,36433,DEG0R,DEU
7520388b-9b97-457f-90b9-f475ba5e4f0d,01,,Magdeburg,39120,DEE03,DEU
7520388b-9b97-457f-90b9-f475ba5e4f0d,01,LOT-0001,Magdeburg,39116,DEE03,DEU
e6f5cf35-ea68-40a6-b4e7-9cda0aa4174b,01,,,,DEF06,DEU
e6f5cf35-ea68-40a6-b4e7-9cda0aa4174b,01,LOT-0001,,,DEF06,DEU
bd27ea21-4be0-43b2-ade5-0789e54cbaee,01,,Coesfeld,48653,DEA35,DEU
bd27ea21-4be0-43b2-ade5-0789e54cbaee,01,LOT-0001,Coesfeld,48653,DEA35,DEU
307bbb8e-7821-42e3-bebc-c5ce607d6d58,01,,,,DE115,DEU
307bbb8e-7821-42e3-bebc-c5ce607d6d58,01,LOT-0001,,,DE115,DEU
5bf0da81-04b4-4540-a2a1-fa832e81b42d,01,,Bremerhaven,27574,DE502,DEU
5bf0da81-04b4-4540-a2a1-fa832e81b42d,01,LOT-0000,Bremerhaven,27574,DE502,DEU
c99ad21f-5df0-4684-8d10-23135c1e8b85,01,,Bundesrepublik Deutschland,00000,DED21,DEU
c99ad21f-5df0-4684-8d10-23135c1e8b85,01,LOT-0001,Dresden,01067,DED21,DEU
c99ad21f-5df0-4684-8d10-23135c1e8b85,01,LOT-0002,Leipzig,04107,DED51,DEU
c99ad21f-5df0-4684-8d10-23135c1e8b85,01,LOT-0003,Zwickau,08056,DED45,DEU
c99ad21f-5df0-4684-8d10-23135c1e8b85,01,LOT-0004,Chemnitz,09112,DED41,DEU
c99ad21f-5df0-4684-8d10-23135c1e8b85,01,LOT-0005,Görlitz,02826,DED2D,DEU
381330e9-a9a0-4bc7-a13c-dcca11451662,01,,Rubenow,17509,DE80N,DEU
381330e9-a9a0-4bc7-a13c-dcca11451662,01,LOT-0001,Rubenow,17509,DE80N,DEU
fcd29cc5-5683-4216-98b9-bce47074c29b,01,,Kaiserslautern,67663,DEB32,DEU
fcd29cc5-5683-4216-98b9-bce47074c29b,01,LOT-0000,Kaiserslautern,67663,DEB32,DEU
55e88b1c-8f87-4059-a5e7-b883f368db49,01,,Kremmen,16766,DE40A,DEU
55e88b1c-8f87-4059-a5e7-b883f368db49,01,LOT-0001,Kremmen,16766,DE40A,DEU
50fa43f2-fdd1-496b-92b0-37c5682c5e27,01,,,,DE409,DEU
50fa43f2-fdd1-496b-92b0-37c5682c5e27,01,LOT-0001,,,DE409,DEU
c321c95c-20c6-4bbc-827b-02d8b709daea,01,,Recklinghausen,45665,DEA36,DEU
c321c95c-20c6-4bbc-827b-02d8b709daea,01,LOT-0001,Recklinghausen,45665,DEA36,DEU
80a70f68-a454-456f-b5ea-c7d81027ef8b,01,,Traunstein,83278,DE21M,DEU
80a70f68-a454-456f-b5ea-c7d81027ef8b,01,LOT-0000,Traunstein,83278,DE21M,DEU
bef6cc00-924a-4e51-a18e-0439bd51379d,01,,,,DE122,DEU
bef6cc00-924a-4e51-a18e-0439bd51379d,01,LOT-0001,,,DE122,DEU
bef6cc00-924a-4e51-a18e-0439bd51379d,01,LOT-0002,,,DE122,DEU
a1ee4560-73ee-44ca-879c-b81b4a3e500b,01,,,,DE26A,DEU
a1ee4560-73ee-44ca-879c-b81b4a3e500b,01,LOT-0001,,,DE26A,DEU
a1ee4560-73ee-44ca-879c-b81b4a3e500b,01,LOT-0002,,,DE26A,DEU
e336f93b-93c1-488d-ab33-497cd88996cf,01,,Eschweiler,52249,DEA2D,DEU
e336f93b-93c1-488d-ab33-497cd88996cf,01,LOT-0001,Eschweiler,52249,DEA2D,DEU
deebdf92-64cc-4802-981c-de0c3eef80e2,01,,Berlin,10365,DE300,DEU
deebdf92-64cc-4802-981c-de0c3eef80e2,01,LOT-0000,Berlin,10365,DE300,DEU
975a9fd6-729e-45a6-b6e0-5042d1b52752,01,,,,DEF04,DEU
975a9fd6-729e-45a6-b6e0-5042d1b52752,01,LOT-0001,,,DEF04,DEU
907f675f-60c4-4f5c-a630-1b14f3ce81f7,01,,,,DEA1E,DEU
907f675f-60c4-4f5c-a630-1b14f3ce81f7,01,LOT-0001,,,DEA1E,DEU
6a370408-13db-4e37-84b8-9a80e96a5610,01,,"Offenbach, Frankfurt Am Main",63067,DE713,DEU
6a370408-13db-4e37-84b8-9a80e96a5610,01,LOT-0000,"Offenbach, Frankfurt Am Main",63067,DE713,DEU
c9c6916d-697f-4b01-b55a-5cb570bbc304,01,,Emden,26721,DE942,DEU
c9c6916d-697f-4b01-b55a-5cb570bbc304,01,LOT-0000,Emden,26721,DE942,DEU
d915e6fc-98f1-4026-b89a-ca71511550d7,01,,,,DEB3E,DEU
d915e6fc-98f1-4026-b89a-ca71511550d7,01,LOT-0001,,,DEB3E,DEU
d915e6fc-98f1-4026-b89a-ca71511550d7,01,LOT-0002,,,DEB3E,DEU
7b607828-d2b7-4030-b1f8-ccfa850420c5,01,,Berlin,14163,DE300,DEU
7b607828-d2b7-4030-b1f8-ccfa850420c5,01,LOT-0000,Berlin,14163,DE300,DEU
de166c56-23c7-4c31-9f0e-9846fb8ea264,01,,Gera,07545,DEG02,DEU
de166c56-23c7-4c31-9f0e-9846fb8ea264,01,LOT-0000,Gera,07545,DEG02,DEU
05406422-b01c-4501-81f5-f3a35c83851f,01,,Schermbeck,46514,DEA1F,DEU
05406422-b01c-4501-81f5-f3a35c83851f,01,LOT-0001,Schermbeck,,DEA1F,DEU
32a921fc-6099-482a-b50f-05bab94d8660,01,,Bamberg,96049,DE241,DEU
32a921fc-6099-482a-b50f-05bab94d8660,01,LOT-0001,Bamberg,96049,DE241,DEU
671a062d-0e72-4040-807f-446ce257be29,01,,Solingen,42563,DEA19,DEU
671a062d-0e72-4040-807f-446ce257be29,01,LOT-0001,Solingen,42563,DEA19,DEU
b8d6782f-fde0-4efd-88f2-7be05e488c82,01,,Halle Saale,06108,DEE02,DEU
b8d6782f-fde0-4efd-88f2-7be05e488c82,01,LOT-0000,Halle Saale,06108,DEE02,DEU
01a0a017-b599-47f5-bb96-ad3a5279dfb2,01,,Erfurt,99094,DEG01,DEU
01a0a017-b599-47f5-bb96-ad3a5279dfb2,01,LOT-0001,Erfurt,99094,DEG01,DEU
13749400-50bc-453b-af41-538d48435248,01,,Frankfurt Am Main,60528,DE712,DEU
13749400-50bc-453b-af41-538d48435248,01,LOT-0001,Frankfurt Am Main,60528,DE712,DEU
d944448a-9232-41c7-b2a5-5ba1ef6b0c51,01,,,.,DE722,DEU
d944448a-9232-41c7-b2a5-5ba1ef6b0c51,01,LOT-0001,,.,DE722,DEU
d944448a-9232-41c7-b2a5-5ba1ef6b0c51,01,LOT-0002,,.,DE722,DEU
46665f56-3961-43b7-9815-fee8452fef01,01,,,,,DEU
46665f56-3961-43b7-9815-fee8452fef01,01,LOT-0001,,,,DEU
515eea47-64b4-43a9-b2b1-fdb7d7895ef0,01,,Bad Salzungen,36433,DEG0R,DEU
515eea47-64b4-43a9-b2b1-fdb7d7895ef0,01,LOT-0001,Bad Salzungen,36433,DEG0R,DEU
441bf2d2-b2ab-4701-85af-025a1d352a34,01,,Neustadt (Wied),53577,DEB18,DEU
441bf2d2-b2ab-4701-85af-025a1d352a34,01,LOT-0001,Neustadt (Wied),53577,DEB18,DEU
5872a17b-44fb-4261-96de-d8513acb1c67,01,,Rommerskirchen,41569,DEA1D,DEU
5872a17b-44fb-4261-96de-d8513acb1c67,01,LOT-0001,Rommerskirchen,41569,DEA1D,DEU
1ac5b191-c43e-4f22-9002-0d527b55fcd2,01,,,,,DEU
1ac5b191-c43e-4f22-9002-0d527b55fcd2,01,LOT-0000,,,,DEU
c04ac815-abf6-4327-b5a9-43ba95631cae,01,,Duisburg,,DEA12,DEU
c04ac815-abf6-4327-b5a9-43ba95631cae,01,,Essen,,DEA13,DEU
c04ac815-abf6-4327-b5a9-43ba95631cae,01,LOT-0001,Duisburg,,DEA12,DEU
c04ac815-abf6-4327-b5a9-43ba95631cae,01,LOT-0001,Essen,,DEA13,DEU
a963e896-11ba-49ba-b2e8-8717d30a7a31,01,,München,80937,DE212,DEU
a963e896-11ba-49ba-b2e8-8717d30a7a31,01,LOT-0000,München,80937,DE212,DEU
4d11e71f-98dd-451f-b082-d5af534b3236,01,,Wirges,56422,DEB1B,DEU
4d11e71f-98dd-451f-b082-d5af534b3236,01,LOT-0001,Wirges,56422,DEB1B,DEU
93613bd8-3bcd-4118-bbce-f56adce48bb4,01,,Offenbach Am Main,63075,DE713,DEU
93613bd8-3bcd-4118-bbce-f56adce48bb4,01,LOT-0000,Offenbach Am Main,63075,DE713,DEU
5bace31b-17d6-4672-a429-62870fd8e5a5,01,,Münchberg,95213,DE249,DEU
5bace31b-17d6-4672-a429-62870fd8e5a5,01,LOT-0001,Münchberg,95213,DE249,DEU
5bace31b-17d6-4672-a429-62870fd8e5a5,01,LOT-0002,Münchberg,95213,DE249,DEU
5bace31b-17d6-4672-a429-62870fd8e5a5,01,LOT-0003,Münchberg,95213,DE249,DEU
5bace31b-17d6-4672-a429-62870fd8e5a5,01,LOT-0004,Münchberg,95213,DE249,DEU
b6d328f5-cd55-4d41-9421-3734043c6787,01,,,,,DEU
b6d328f5-cd55-4d41-9421-3734043c6787,01,LOT-0001,,,,DEU
b6d328f5-cd55-4d41-9421-3734043c6787,01,LOT-0002,,,,DEU
b6d328f5-cd55-4d41-9421-3734043c6787,01,LOT-0003,,,,DEU
b6d328f5-cd55-4d41-9421-3734043c6787,01,LOT-0004,,,,DEU
b6d328f5-cd55-4d41-9421-3734043c6787,01,LOT-0005,,,,DEU
b6d328f5-cd55-4d41-9421-3734043c6787,01,LOT-0006,,,,DEU
b6d328f5-cd55-4d41-9421-3734043c6787,01,LOT-0007,,,,DEU
b6d328f5-cd55-4d41-9421-3734043c6787,01,LOT-0008,,,,DEU
b6d328f5-cd55-4d41-9421-3734043c6787,01,LOT-0009,,,,DEU
b6d328f5-cd55-4d41-9421-3734043c6787,01,LOT-0010,,,,DEU
b6d328f5-cd55-4d41-9421-3734043c6787,01,LOT-0011,,,,DEU
b6d328f5-cd55-4d41-9421-3734043c6787,01,LOT-0012,,,,DEU
b6d328f5-cd55-4d41-9421-3734043c6787,01,LOT-0013,,,,DEU
b6d328f5-cd55-4d41-9421-3734043c6787,01,LOT-0014,,,,DEU
b6d328f5-cd55-4d41-9421-3734043c6787,01,LOT-0015,,,,DEU
b6d328f5-cd55-4d41-9421-3734043c6787,01,LOT-0016,,,,DEU
b6d328f5-cd55-4d41-9421-3734043c6787,01,LOT-0017,,,,DEU
b6d328f5-cd55-4d41-9421-3734043c6787,01,LOT-0018,,,,DEU
b6d328f5-cd55-4d41-9421-3734043c6787,01,LOT-0019,,,,DEU
b6d328f5-cd55-4d41-9421-3734043c6787,01,LOT-0020,,,,DEU
b6d328f5-cd55-4d41-9421-3734043c6787,01,LOT-0021,,,,DEU
b6d328f5-cd55-4d41-9421-3734043c6787,01,LOT-0022,,,,DEU
b6d328f5-cd55-4d41-9421-3734043c6787,01,LOT-0023,,,,DEU
b6d328f5-cd55-4d41-9421-3734043c6787,01,LOT-0024,,,,DEU
b6d328f5-cd55-4d41-9421-3734043c6787,01,LOT-0025,,,,DEU
b6d328f5-cd55-4d41-9421-3734043c6787,01,LOT-0026,,,,DEU
b6d328f5-cd55-4d41-9421-3734043c6787,01,LOT-0027,,,,DEU
b6d328f5-cd55-4d41-9421-3734043c6787,01,LOT-0028,,,,DEU
b6d328f5-cd55-4d41-9421-3734043c6787,01,LOT-0029,,,,DEU
b6d328f5-cd55-4d41-9421-3734043c6787,01,LOT-0030,,,,DEU
b6d328f5-cd55-4d41-9421-3734043c6787,01,LOT-0031,,,,DEU
b6d328f5-cd55-4d41-9421-3734043c6787,01,LOT-0032,,,,DEU
b6d328f5-cd55-4d41-9421-3734043c6787,01,LOT-0033,,,,DEU
b6d328f5-cd55-4d41-9421-3734043c6787,01,LOT-0034,,,,DEU
b6d328f5-cd55-4d41-9421-3734043c6787,01,LOT-0035,,,,DEU
b6d328f5-cd55-4d41-9421-3734043c6787,01,LOT-0036,,,,DEU
b6d328f5-cd55-4d41-9421-3734043c6787,01,LOT-0037,,,,DEU
eca54e1b-066b-4624-9b25-52c469e4b387,01,,,,,BRA
eca54e1b-066b-4624-9b25-52c469e4b387,01,LOT-0001,,,,BRA
2bbbdc07-fa5f-4af9-99a4-7b2e9248396f,01,,,,DEA2D,DEU
2bbbdc07-fa5f-4af9-99a4-7b2e9248396f,01,LOT-0001,,,DEA2D,DEU
31817d6c-02a0-4088-8949-b5a7f9edc13e,01,,Schkopau,06258,DEE0B,DEU
31817d6c-02a0-4088-8949-b5a7f9edc13e,01,LOT-0000,Schkopau,06258,DEE0B,DEU
1604bfc0-df6f-4412-a9b8-6bbff0548131,01,,,,DE715,DEU
1604bfc0-df6f-4412-a9b8-6bbff0548131,01,LOT-0001,,,DE715,DEU
7a2bc9a7-8015-4b5e-b0de-841f3a78496b,01,,Hanau,63450,DE719,DEU
7a2bc9a7-8015-4b5e-b0de-841f3a78496b,01,LOT-0001,Hanau,63450,DE719,DEU
f1f4f430-22aa-4217-9c09-8d7d94a5516c,01,,Frankfurt Am Main,60486,DE712,DEU
f1f4f430-22aa-4217-9c09-8d7d94a5516c,01,LOT-0001,Frankfurt Am Main,60486,DE712,DEU
452cdf46-ea32-4091-af28-6a63ef8c9c74,01,,Baden-Baden,76532,DE121,DEU
452cdf46-ea32-4091-af28-6a63ef8c9c74,01,LOT-0001,Baden-Baden,76532,DE121,DEU
0154f570-03d0-4766-90ab-501c3e9c9727,01,,München,85326,DE21B,DEU
0154f570-03d0-4766-90ab-501c3e9c9727,01,LOT-0001,München,85326,DE21B,DEU
e4ea949f-6d96-43b3-ba0f-8f48f6c8c175,01,,Saulheim,55291,DEB3B,DEU
e4ea949f-6d96-43b3-ba0f-8f48f6c8c175,01,LOT-0001,Saulheim,55291,DEB3B,DEU
e4ea949f-6d96-43b3-ba0f-8f48f6c8c175,01,LOT-0002,Saulheim,55291,DEB3B,DEU
e4ea949f-6d96-43b3-ba0f-8f48f6c8c175,01,LOT-0003,Saulheim,55291,DEB3B,DEU
ea96b9d2-128d-4482-bda5-b62255a3569c,01,,,,DE501,DEU
ea96b9d2-128d-4482-bda5-b62255a3569c,01,PAR-0001,,,DE501,DEU
d96a9962-729c-44a2-a060-f4fa4fa5caa6,01,,Bonn,53117,DEA22,DEU
d96a9962-729c-44a2-a060-f4fa4fa5caa6,01,LOT-0001,Bonn,53117,DEA22,DEU
e43bf811-04c1-4456-a92e-b8059fc60905,01,,Reiskirchen,35447,DE721,DEU
e43bf811-04c1-4456-a92e-b8059fc60905,01,LOT-0000,Reiskirchen,35447,DE721,DEU
c1bb7efc-f32e-4d8a-a28b-7c7768dba9c8,01,,Bad Staffelstein,96231,DE24C,DEU
c1bb7efc-f32e-4d8a-a28b-7c7768dba9c8,01,LOT-0001,Bad Staffelstein,96231,DE24C,DEU
bcfd3845-ebc1-44b8-9c34-c2d124b10fe7,01,,Siegen,57076,DEA5A,DEU
bcfd3845-ebc1-44b8-9c34-c2d124b10fe7,01,LOT-0001,Siegen,57076,DEA5A,DEU
9a1b2062-053c-47dc-bc6c-b4cd4604c5f2,01,,,,DE278,DEU
9a1b2062-053c-47dc-bc6c-b4cd4604c5f2,01,LOT-0001,,,DE278,DEU
2f51da30-ace1-438c-87f3-d453fea657eb,01,,Radolfzell Am Bodensee,78315,DE138,DEU
2f51da30-ace1-438c-87f3-d453fea657eb,01,LOT-0001,Radolfzell Am Bodensee,78315,DE138,DEU
89a419d8-3f95-4702-993f-d8beec8f6caa,01,,Augsburg,86154,DE271,DEU
89a419d8-3f95-4702-993f-d8beec8f6caa,01,LOT-0001,Augsburg,86154,DE271,DEU
ddcd7ad8-87a6-4630-8e5c-2b280cfcc3dc,01,,Limburg,65549,DE723,DEU
ddcd7ad8-87a6-4630-8e5c-2b280cfcc3dc,01,LOT-0000,Limburg,65549,DE723,DEU
f9130abe-6656-41ee-90e5-fa88244bc975,01,,Schongau,86956,DE21N,DEU
f9130abe-6656-41ee-90e5-fa88244bc975,01,LOT-0001,Schongau,86956,DE21N,DEU
f9130abe-6656-41ee-90e5-fa88244bc975,01,LOT-0002,Schongau,86956,DE21N,DEU
f9130abe-6656-41ee-90e5-fa88244bc975,01,LOT-0003,Schongau,86956,DE21N,DEU
f9130abe-6656-41ee-90e5-fa88244bc975,01,LOT-0004,Schongau,86956,DE21N,DEU
0e1e53c6-2e9a-43e0-b379-157699a278b1,01,,Hamburg,20539,DE600,DEU
0e1e53c6-2e9a-43e0-b379-157699a278b1,01,PAR-0000,Hamburg,20539,DE600,DEU
99e8a48e-55be-4c76-b600-3777e7cba28e,01,,,,DEF0C,DEU
99e8a48e-55be-4c76-b600-3777e7cba28e,01,LOT-0001,,,DEF0C,DEU
a32e0e5f-cbf6-4bc8-9fe1-c6a3af7ef5f3,01,,Erfurt,99087,DEG01,DEU
a32e0e5f-cbf6-4bc8-9fe1-c6a3af7ef5f3,01,LOT-0001,Erfurt,99087,DEG01,DEU
db17c97d-c656-41ab-a10b-25b187f9f62b,01,,Koblenz,,DEB11,DEU
db17c97d-c656-41ab-a10b-25b187f9f62b,01,LOT-0001,Koblenz,,DEB11,DEU
9a166902-52db-4456-b8e2-5fe3f2c51e39,01,,Berlin,10119,DE300,DEU
9a166902-52db-4456-b8e2-5fe3f2c51e39,01,LOT-0000,Berlin,10119,DE300,DEU
d108fbfa-8380-49ee-89d5-e5b47b1b8533,01,,Bedburg-Hau,,DEA1B,DEU
d108fbfa-8380-49ee-89d5-e5b47b1b8533,01,LOT-0001,Bedburg-Hau,,DEA1B,DEU
c214e855-82c8-4204-94b5-4a8bc3c188b8,01,,Hohenbrunn,85662,DE21H,DEU
c214e855-82c8-4204-94b5-4a8bc3c188b8,01,LOT-0001,Hohenbrunn,85662,DE21H,DEU
80fc2cde-cc93-4d94-8f2e-8a53c6c4a93c,01,,Tecklenburg,49545,DEA37,DEU
80fc2cde-cc93-4d94-8f2e-8a53c6c4a93c,01,LOT-0001,,,,
80fc2cde-cc93-4d94-8f2e-8a53c6c4a93c,01,LOT-0002,,,,
f2f288d1-4d81-4487-abf7-c6bd0c996e22,01,,Immenstadt,87509,DE27E,DEU
f2f288d1-4d81-4487-abf7-c6bd0c996e22,01,LOT-0001,Immenstadt,87509,DE27E,DEU
d66220d5-2fb6-4e0a-b885-ebd544cee9e6,01,,83022,Rosenheim,DE213,DEU
d66220d5-2fb6-4e0a-b885-ebd544cee9e6,01,LOT-0001,83022,Rosenheim,DE213,DEU
00d958fa-1508-46e7-8b03-2e3cfab170a4,01,,Bremen,,DE501,DEU
00d958fa-1508-46e7-8b03-2e3cfab170a4,01,LOT-0001,Bremen,,DE501,DEU
68799396-9c0b-41bc-84f6-3c646b99051e,01,,Hanau,63450,DE719,DEU
68799396-9c0b-41bc-84f6-3c646b99051e,01,LOT-0001,Hanau,63450,DE719,DEU
6c0e64fd-a181-465d-a3ad-b4585d2758dd,01,,,,DEF06,DEU
6c0e64fd-a181-465d-a3ad-b4585d2758dd,01,LOT-0001,,,DEF06,DEU
172ae66a-09d6-41d6-aa39-f7a293f9a600,01,,Berlin,10963,DE300,DEU
172ae66a-09d6-41d6-aa39-f7a293f9a600,01,LOT-0000,Berlin,10963,DE300,DEU
f183c2f1-a1f6-4252-8ac6-5866d30c6ca4,01,,Hemmingen,30966,DE929,DEU
f183c2f1-a1f6-4252-8ac6-5866d30c6ca4,01,LOT-0001,Hemmingen,30966,DE929,DEU
38598773-63fb-48eb-b6aa-a255ff4040fa,01,,Stuttgart,,DE111,DEU
38598773-63fb-48eb-b6aa-a255ff4040fa,01,LOT-0001,Stuttgart,,DE111,DEU
3678614b-4cd2-4a0b-9d07-b3bf8b21c1cb,01,,Unkel – Koblenz - Wiesbaden,56068,DEB11,DEU
3678614b-4cd2-4a0b-9d07-b3bf8b21c1cb,01,LOT-0001,Unkel – Koblenz - Wiesbaden,56068,DEB11,DEU
08ecd73b-ffc2-45a7-8132-f92a89d11b94,01,,Wiesbaden,65185,DE714,DEU
08ecd73b-ffc2-45a7-8132-f92a89d11b94,01,LOT-0000,Wiesbaden,65185,DE714,DEU
08ecd73b-ffc2-45a7-8132-f92a89d11b94,01,LOT-0000,Frankfurt,60594,DE712,DEU
08ecd73b-ffc2-45a7-8132-f92a89d11b94,01,LOT-0000,Hünfeld,36088,DE732,DEU
c4745a16-5769-4144-a01f-0802676c2ac0,01,,,,DE40D,DEU
c4745a16-5769-4144-a01f-0802676c2ac0,01,LOT-0001,Rheinsberg,16831,DE40D,DEU
de9b5ae4-c01d-4d0c-acfa-5a1de3ff16a4,01,,Stuttgart,70191,DE111,DEU
de9b5ae4-c01d-4d0c-acfa-5a1de3ff16a4,01,LOT-0001,Stuttgart,70191,DE111,DEU
9a8ae6f7-4ea4-4b56-a73e-05759cff10a9,01,,Emmerich Am Rhein,46446,DEA1B,DEU
9a8ae6f7-4ea4-4b56-a73e-05759cff10a9,01,LOT-0001,Emmerich Am Rhein,46446,DEA1B,DEU
9a8ae6f7-4ea4-4b56-a73e-05759cff10a9,01,LOT-0002,Emmerich Am Rhein,46446,DEA1B,DEU
f6da07ed-feae-40a5-9eac-0aa287f95e78,01,,Braunschweig,38122,DE911,DEU
f6da07ed-feae-40a5-9eac-0aa287f95e78,01,LOT-0000,Braunschweig,38122,DE911,DEU
6f7f8e44-08f4-4d44-9904-cd2117e84eee,01,,Coesfeld,48653,DEA35,DEU
6f7f8e44-08f4-4d44-9904-cd2117e84eee,01,LOT-0001,Coesfeld,48653,DEA35,DEU
63de9706-6f8e-416b-9d0c-617396a34c87,01,,Gießen,35394,DE721,DEU
63de9706-6f8e-416b-9d0c-617396a34c87,01,LOT-0000,Gießen,35394,DE721,DEU
8014ade7-eefd-4ab9-b5aa-c3f0725bdf40,01,,Bad Salzungen,36433,DEG0R,DEU
8014ade7-eefd-4ab9-b5aa-c3f0725bdf40,01,LOT-0001,Bad Salzungen,36433,DEG0R,DEU
f77e1a90-902b-4f00-8bbc-42e977721d7f,01,,Oberschleißheim,85764,DE21H,DEU
f77e1a90-902b-4f00-8bbc-42e977721d7f,01,LOT-0001,Oberschleißheim,85764,DE21H,DEU
fb71ece0-27b2-42e6-8bcd-e8707b08ac24,01,,Langen,63225,DE71C,DEU
fb71ece0-27b2-42e6-8bcd-e8707b08ac24,01,LOT-0000,Langen,63225,DE71C,DEU
29c52430-b029-4424-8ca7-24374715bf58,01,,Berlin,10623,DE300,DEU
29c52430-b029-4424-8ca7-24374715bf58,01,LOT-0000,Berlin,10623,DE300,DEU
4b6da03a-87a6-453f-a25a-669cc405f290,01,,Elmshorn,25337,DEF09,DEU
4b6da03a-87a6-453f-a25a-669cc405f290,01,LOT-0001,Elmshorn,25337,DEF09,DEU
4b6da03a-87a6-453f-a25a-669cc405f290,01,LOT-0002,Elmshorn,25337,DEF09,DEU
4ad66f02-72eb-45a0-95b6-68f73ee7e093,01,,,,DE254,DEU
4ad66f02-72eb-45a0-95b6-68f73ee7e093,01,LOT-0001,,,DE254,DEU
b7d8db51-786a-4c0a-9bb5-cf046d701d5b,01,,Bad Salzungen,36433,DEG0R,DEU
b7d8db51-786a-4c0a-9bb5-cf046d701d5b,01,LOT-0001,Bad Salzungen,36433,DEG0R,DEU
3416f20b-ef8f-4c6f-93f1-ccdaad7ed079,01,,Homberg,35315,DE725,DEU
3416f20b-ef8f-4c6f-93f1-ccdaad7ed079,01,LOT-0001,Homberg (Ohm),35315,DE725,DEU
3416f20b-ef8f-4c6f-93f1-ccdaad7ed079,01,LOT-0002,Homberg,35315,DE725,DEU
c08a2d81-686f-463a-8dba-252b629bfd0a,01,,,,,
c08a2d81-686f-463a-8dba-252b629bfd0a,01,LOT-0001,,,,DEU
c08a2d81-686f-463a-8dba-252b629bfd0a,01,LOT-0002,,,,DEU
c08a2d81-686f-463a-8dba-252b629bfd0a,01,LOT-0003,,,,DEU
c08a2d81-686f-463a-8dba-252b629bfd0a,01,LOT-0004,,,,DEU
c08a2d81-686f-463a-8dba-252b629bfd0a,01,LOT-0005,,,,DEU
c08a2d81-686f-463a-8dba-252b629bfd0a,01,LOT-0006,,,,DEU
c08a2d81-686f-463a-8dba-252b629bfd0a,01,LOT-0007,,,,DEU
c08a2d81-686f-463a-8dba-252b629bfd0a,01,LOT-0008,,,,DEU
c08a2d81-686f-463a-8dba-252b629bfd0a,01,LOT-0009,,,,DEU
c08a2d81-686f-463a-8dba-252b629bfd0a,01,LOT-0010,,,,DEU
c08a2d81-686f-463a-8dba-252b629bfd0a,01,LOT-0011,,,,DEU
c08a2d81-686f-463a-8dba-252b629bfd0a,01,LOT-0012,,,,DEU
c08a2d81-686f-463a-8dba-252b629bfd0a,01,LOT-0013,,,,DEU
c08a2d81-686f-463a-8dba-252b629bfd0a,01,LOT-0014,,,,DEU
4e332a71-bcc9-4ecd-8802-5dbb477b85e3,01,,Trier,54290,DEB21,DEU
4e332a71-bcc9-4ecd-8802-5dbb477b85e3,01,LOT-0001,Trier,54290,DEB21,DEU
ea2006a9-9224-467d-865e-5dd8134a2dbd,01,,Berlin,10557,DE300,DEU
ea2006a9-9224-467d-865e-5dd8134a2dbd,01,LOT-0000,Berlin,10557,DE300,DEU
921b9e0b-9696-467e-a913-ccc15ad1abe6,01,,Nuthetal,14558,DE40E,DEU
921b9e0b-9696-467e-a913-ccc15ad1abe6,01,LOT-0001,Nuthetal,14558,DE40E,DEU
28c8aa4c-208a-46f3-b333-35c568928d49,01,,Saarbrücken,66117,DEC01,DEU
28c8aa4c-208a-46f3-b333-35c568928d49,01,LOT-0001,,,,DEU
28c8aa4c-208a-46f3-b333-35c568928d49,01,LOT-0002,,,,DEU
7974c8fb-a1a8-4c8a-a703-742399e2eca0,01,,Chemnitz,09114,DED41,DEU
7974c8fb-a1a8-4c8a-a703-742399e2eca0,01,LOT-0001,Chemnitz,09114,DED41,DEU
7974c8fb-a1a8-4c8a-a703-742399e2eca0,01,LOT-0002,Chemnitz,09114,DED41,DEU
ed0a655f-db5b-484a-9441-0a84ea90eb6c,01,,,.,DE722,DEU
ed0a655f-db5b-484a-9441-0a84ea90eb6c,01,LOT-0001,,.,DE722,DEU
ed0a655f-db5b-484a-9441-0a84ea90eb6c,01,LOT-0002,,.,DE722,DEU
41a21091-13a1-4673-a9eb-5fa733cadcc1,01,,Berlin,10713,DE300,DEU
41a21091-13a1-4673-a9eb-5fa733cadcc1,01,LOT-0001,Berlin,10713,DE300,DEU
41a21091-13a1-4673-a9eb-5fa733cadcc1,01,LOT-0002,Berlin,10713,DE300,DEU
41a21091-13a1-4673-a9eb-5fa733cadcc1,01,LOT-0003,Berlin,10713,DE300,DEU
41a21091-13a1-4673-a9eb-5fa733cadcc1,01,LOT-0004,Berlin,10713,DE300,DEU
41a21091-13a1-4673-a9eb-5fa733cadcc1,01,LOT-0005,Berlin,10713,DE300,DEU
41a21091-13a1-4673-a9eb-5fa733cadcc1,01,LOT-0006,Berlin,10713,DE300,DEU
e4037a44-d382-4130-95c5-b24bacec472a,01,,St.Wendel,66606,DEC06,DEU
e4037a44-d382-4130-95c5-b24bacec472a,01,LOT-0000,St.Wendel,66606,DEC06,DEU
0991a754-c9fb-47f7-841c-63d3e0dbf409,01,,Freudenberg,57258,DEA5A,DEU
0991a754-c9fb-47f7-841c-63d3e0dbf409,01,LOT-0000,Freudenberg,57258,DEA5A,DEU
4c566805-3ed7-43b2-8ce1-71ad7da16729,01,,Bonn,53127,DEA22,DEU
4c566805-3ed7-43b2-8ce1-71ad7da16729,01,LOT-0000,Bonn,53127,DEA22,DEU
9064fef8-44a9-45f0-8afc-b6f1dc65cac4,01,,,,,DEU
9064fef8-44a9-45f0-8afc-b6f1dc65cac4,01,LOT-0000,,,,DEU
a5c274cd-00ec-4f70-9018-5d0604857d3f,01,,Bad Füssing,94072,DE228,DEU
a5c274cd-00ec-4f70-9018-5d0604857d3f,01,LOT-0001,Bad Füssing,94072,DE228,DEU
a5c274cd-00ec-4f70-9018-5d0604857d3f,01,LOT-0002,Bad Füssing,94072,DE228,DEU
403a86dd-da15-41c7-934d-8cb2d71dfc0e,01,,Berlin,10711,DE300,DEU
403a86dd-da15-41c7-934d-8cb2d71dfc0e,01,LOT-0000,Berlin,10711,DE300,DEU
3f142d74-b342-4a09-8751-0e24d8730a44,01,,Magdeburg,39106,DEE03,DEU
3f142d74-b342-4a09-8751-0e24d8730a44,01,LOT-0001,Magdeburg,39106,DEE03,DEU
3f142d74-b342-4a09-8751-0e24d8730a44,01,LOT-0002,Magdeburg,39106,DEE03,DEU
3f142d74-b342-4a09-8751-0e24d8730a44,01,LOT-0003,Magdeburg,39106,DEE03,DEU
3f142d74-b342-4a09-8751-0e24d8730a44,01,LOT-0004,Magdeburg,39106,DEE03,DEU
3f142d74-b342-4a09-8751-0e24d8730a44,01,LOT-0005,Magdeburg,39106,DEE03,DEU
3f142d74-b342-4a09-8751-0e24d8730a44,01,LOT-0006,Magdeburg,39106,DEE03,DEU
1ae6335f-2b2f-4554-abf4-993aa797aea1,01,,,,DE11C,DEU
1ae6335f-2b2f-4554-abf4-993aa797aea1,01,LOT-0001,,,DE11C,DEU
01a3c317-3099-4370-8c57-b8578c02eec7,01,,Bietigheim,,DE115,DEU
01a3c317-3099-4370-8c57-b8578c02eec7,01,LOT-0001,Bietigheim,,DE115,DEU
d5ddbef6-2140-4c2a-8864-c07abe57cb37,01,,Bonn,53125,DEA22,DEU
d5ddbef6-2140-4c2a-8864-c07abe57cb37,01,LOT-0001,Bonn,53125,DEA22,DEU
d5ddbef6-2140-4c2a-8864-c07abe57cb37,01,LOT-0002,Bonn,53125,DEA22,DEU
e4e39e7b-6fec-4f52-b6a0-57445932f388,01,,Spremberg,03130,DE40G,DEU
e4e39e7b-6fec-4f52-b6a0-57445932f388,01,LOT-0001,Spremberg,03130,DE40G,DEU
e4e39e7b-6fec-4f52-b6a0-57445932f388,01,LOT-0002,Spremberg,03130,DE40G,DEU
e4e39e7b-6fec-4f52-b6a0-57445932f388,01,LOT-0003,Spremberg,03130,DE40G,DEU
531ef96a-411b-4e8d-9e60-ba326a97f149,01,,Leipzig,04157,DED51,DEU
531ef96a-411b-4e8d-9e60-ba326a97f149,01,LOT-0000,Leipzig,04157,DED51,DEU
d3432434-d211-4b5e-a23f-82df491ed7e6,01,,,,DEG03,DEU
d3432434-d211-4b5e-a23f-82df491ed7e6,01,LOT-0000,,,DEG03,DEU
a3beabad-c6af-4c42-804c-bbcc86f3b382,01,,Bonn,53111,DEA22,DEU
a3beabad-c6af-4c42-804c-bbcc86f3b382,01,LOT-0001,Bonn,53111,DEA22,DEU
b24c4956-df4a-4280-851f-1a21bc105482,01,,Nürnberg,90451,DE254,DEU
b24c4956-df4a-4280-851f-1a21bc105482,01,LOT-0001,Nürnberg,90451,DE254,DEU
5024b561-9182-4174-8d54-bee71dd951b7,01,,,,DE501,DEU
5024b561-9182-4174-8d54-bee71dd951b7,01,LOT-0001,,,DE501,DEU
21d51fc0-d44e-49b6-994b-e6a9ecc383cd,01,,Kremmen,16766,DE40A,DEU
21d51fc0-d44e-49b6-994b-e6a9ecc383cd,01,LOT-0001,Kremmen,16766,DE40A,DEU
df00f846-986d-43e7-ad47-14eaf79dc6fc,01,,Bamberg,96049,DE241,DEU
df00f846-986d-43e7-ad47-14eaf79dc6fc,01,LOT-0001,Bamberg,96049,DE241,DEU
79c1dce7-77d6-41e7-9836-2f9005e66ae3,01,,Berlin,13405,DE300,DEU
79c1dce7-77d6-41e7-9836-2f9005e66ae3,01,LOT-0001,Berlin,13405,DE300,DEU
79c1dce7-77d6-41e7-9836-2f9005e66ae3,01,LOT-0002,Berlin,13405,DE300,DEU
79c1dce7-77d6-41e7-9836-2f9005e66ae3,01,LOT-0003,Berlin,13405,DE300,DEU
9019b0c5-b6a7-40dc-9662-3f3615c31234,01,,,,DEA35,DEU
9019b0c5-b6a7-40dc-9662-3f3615c31234,01,LOT-0001,,,DEA35,DEU
9019b0c5-b6a7-40dc-9662-3f3615c31234,01,LOT-0002,,,DEA35,DEU
9019b0c5-b6a7-40dc-9662-3f3615c31234,01,LOT-0003,,,DEA37,DEU
eb0d1ca3-431e-4780-896b-0e67b20290a0,01,,Bamberg,96049,DE241,DEU
eb0d1ca3-431e-4780-896b-0e67b20290a0,01,LOT-0001,Bamberg,96049,DE241,DEU
f3dbf992-f72d-453e-91fa-e4875a88efd7,01,,Berlin,10178,DE300,DEU
f3dbf992-f72d-453e-91fa-e4875a88efd7,01,LOT-0001,Berlin,10178,DE300,DEU
697d148e-d366-4d4c-a115-5476bbf2f0ac,01,,Berlin,14193,DE300,DEU
697d148e-d366-4d4c-a115-5476bbf2f0ac,01,LOT-0001,Berlin,14193,DE300,DEU
28dac269-fd17-419e-afc3-18b5e18ac138,01,,Weimar,99423,DEG05,DEU
28dac269-fd17-419e-afc3-18b5e18ac138,01,LOT-0001,Weimar,99423,DEG05,DEU
e3ca66ee-8c29-4425-ae6d-250aeb67f87a,01,,,,DE111,DEU
e3ca66ee-8c29-4425-ae6d-250aeb67f87a,01,LOT-0001,,,DE111,DEU
50e20b67-265d-4b6d-a1cc-a2c8cab29bd0,01,,Unna,59423,DEA5C,DEU
50e20b67-265d-4b6d-a1cc-a2c8cab29bd0,01,LOT-0001,Unna,59423,DEA5C,DEU
19472414-7e91-4b88-ac14-f8a29741a6f5,01,,Unkel – Koblenz - Wiesbaden,56068,DEB11,DEU
19472414-7e91-4b88-ac14-f8a29741a6f5,01,LOT-0001,Unkel – Koblenz - Wiesbaden,56068,DEB11,DEU
8d9ec30c-94f5-42b1-8ed0-44602bf43431,01,,Stuttgart,70191,DE111,DEU
8d9ec30c-94f5-42b1-8ed0-44602bf43431,01,LOT-0001,Stuttgart,70191,DE111,DEU
c2602d20-d12b-49c1-97bb-ab127e523c19,01,,Stuttgart,70191,DE111,DEU
c2602d20-d12b-49c1-97bb-ab127e523c19,01,LOT-0001,Stuttgart,70191,DE111,DEU
c804d707-ce16-4d9e-a0ff-1fc1acf61105,01,,Uchte,,DE927,DEU
c804d707-ce16-4d9e-a0ff-1fc1acf61105,01,LOT-0001,Uchte,,DE927,DEU
b49f51c2-db9f-42aa-ba47-8275f2b947ab,01,,München,80933,DE212,DEU
b49f51c2-db9f-42aa-ba47-8275f2b947ab,01,LOT-0000,München,80933,DE212,DEU
1077025c-9104-45b0-8184-c7b1e3d129a7,01,,,,DE217,DEU
1077025c-9104-45b0-8184-c7b1e3d129a7,01,LOT-0000,,,DE217,DEU
499397aa-ef0e-4e1b-abc0-fc43d36f22b4,01,,Wiesbaden,65187,DE714,DEU
499397aa-ef0e-4e1b-abc0-fc43d36f22b4,01,LOT-0000,Wiesbaden,65187,DE714,DEU
7b8f6aaa-7500-4a2b-8907-776408f3a189,01,,,,DE263,DEU
7b8f6aaa-7500-4a2b-8907-776408f3a189,01,LOT-0001,,,DE263,DEU
ff280699-9dcb-44bd-9cc0-5be2fb8bc31d,01,,Uchte,31600,DE927,DEU
ff280699-9dcb-44bd-9cc0-5be2fb8bc31d,01,LOT-0001,Uchte,31600,DE927,DEU
63841dbe-939a-4d6b-a36e-3bb9f4a67060,01,,,,,DEU
63841dbe-939a-4d6b-a36e-3bb9f4a67060,01,LOT-0000,,,,DEU
f0460a11-fd44-40db-82c9-78fb4582a636,01,,Erkner,15537,DE40C,DEU
f0460a11-fd44-40db-82c9-78fb4582a636,01,LOT-0001,Erkner,15537,DE40C,DEU
53e57289-7224-4e7c-b80e-e70c3eafd7ec,01,,Schwülper,38179,DE914,DEU
53e57289-7224-4e7c-b80e-e70c3eafd7ec,01,LOT-0000,Schwülper,38179,DE914,DEU
36bf9a8d-d13a-42dc-92b3-0e5e314a39a6,01,,Stadtgebiet Leverkusen,,DEA24,DEU
36bf9a8d-d13a-42dc-92b3-0e5e314a39a6,01,LOT-0001,Stadtgebiet Leverkusen,,DEA24,DEU
36bf9a8d-d13a-42dc-92b3-0e5e314a39a6,01,LOT-0002,Stadtgebiet Leverkusen,,DEA24,DEU
36bf9a8d-d13a-42dc-92b3-0e5e314a39a6,01,LOT-0003,Stadtgebiet Leverkusen,,DEA24,DEU
03ddf5d7-0650-411f-a1ac-d0fca9374811,01,,,,DEA11,DEU
03ddf5d7-0650-411f-a1ac-d0fca9374811,01,LOT-0001,,,DEA11,DEU
93fe2072-3b93-4cfb-a11e-5e9a8297a9ee,01,,Hamburg,'-,DE600,DEU
93fe2072-3b93-4cfb-a11e-5e9a8297a9ee,01,LOT-0001,"Hamburg Mitte, Nördlich Der Elbe",'-,DE600,DEU
93fe2072-3b93-4cfb-a11e-5e9a8297a9ee,01,LOT-0002,Hamburg Stadtteile Billstedt Oder Billbrook,'-,DE600,DEU
93fe2072-3b93-4cfb-a11e-5e9a8297a9ee,01,LOT-0003,Hamburg Eimsbüttel (Inkl. Lokstedt),'-,DE600,DEU
93fe2072-3b93-4cfb-a11e-5e9a8297a9ee,01,LOT-0004,Hamburg Osdorf Oder Bahrenfeld Oder Altona Nord Oder Altona Altstadt,'-,DE600,DEU
93fe2072-3b93-4cfb-a11e-5e9a8297a9ee,01,LOT-0005,Hamburg Stadtteil Wandsbek Oder Rahlstedt,'-,DE600,DEU
80b2687f-449b-49f2-b1e5-b2b8d7ea7196,01,,Frankfurt Am Main,60486,DE712,DEU
80b2687f-449b-49f2-b1e5-b2b8d7ea7196,01,LOT-0001,Frankfurt Am Main,60486,DE712,DEU
87865198-cdf9-4dd6-bd2d-f1e92723c465,01,,"Strecke 6100 Hamburg - Berlin Sowie Strecken 6401, 6441 Und 6442 In Mecklenburg Vorpommern",60526,DE600,DEU
87865198-cdf9-4dd6-bd2d-f1e92723c465,01,LOT-0001,"Strecke 6100 Hamburg - Berlin Sowie Strecken 6401, 6441 Und 6442 In Mecklenburg Vorpommern",60526,,DEU
22ada15a-2249-4bd4-a671-8e8897670f68,01,,"Strecke 6100 Hamburg - Berlin Sowie Strecken 6401, 6441 Und 6442 In Mecklenburg Vorpommern",60526,DE600,DEU
22ada15a-2249-4bd4-a671-8e8897670f68,01,LOT-0001,"Strecke 6100 Hamburg - Berlin Sowie Strecken 6401, 6441 Und 6442 In Mecklenburg Vorpommern",60526,,DEU
bd7642d8-4463-4602-8602-19e6282d684c,01,,Emsdetten,48282,DEA37,DEU
bd7642d8-4463-4602-8602-19e6282d684c,01,LOT-0001,Emsdetten,48282,DEA37,DEU
0010ea9b-1249-49d6-afe2-6a10ac0d7b74,01,,Hoppegarten,15366,DE409,DEU
0010ea9b-1249-49d6-afe2-6a10ac0d7b74,01,LOT-0000,Hoppegarten,15366,DE409,DEU
39e93420-e42a-4bb1-98d8-82065ded5ff7,01,,,,,DEU
39e93420-e42a-4bb1-98d8-82065ded5ff7,01,LOT-0000,,,,DEU
c7672e7d-503f-42ee-acc7-5406d8fa8918,01,,,,,DEU
c7672e7d-503f-42ee-acc7-5406d8fa8918,01,LOT-0000,,,,DEU
caa45dc9-fc51-462d-bba4-d63ab3b28536,01,,,,,DEU
caa45dc9-fc51-462d-bba4-d63ab3b28536,01,LOT-0000,,,,DEU
1dea86c8-4d21-4e3f-99ef-0c7b9affc2f3,01,,Rheine,,DEA37,DEU
1dea86c8-4d21-4e3f-99ef-0c7b9affc2f3,01,LOT-0001,Rheine,,DEA37,DEU
6e40078a-968e-4451-a6f9-0066cfea02be,01,,,,DE278,DEU
6e40078a-968e-4451-a6f9-0066cfea02be,01,LOT-0001,,,DE278,DEU
d0413b88-e4ff-4670-80a4-bd8c90178d61,01,,,,,DEU
d0413b88-e4ff-4670-80a4-bd8c90178d61,01,LOT-0001,,,,DEU
01a09f71-aedb-42a9-a01c-dcf8f6e6d57f,01,,Menteroda,99996,DEG0A,DEU
01a09f71-aedb-42a9-a01c-dcf8f6e6d57f,01,LOT-0001,Menteroda,99996,DEG09,DEU
36bd70d5-a3c2-46af-b6ad-fb9365b5cdc0,01,,,,,DEU
36bd70d5-a3c2-46af-b6ad-fb9365b5cdc0,01,LOT-0000,,,,DEU
fa3b2024-c9bd-45dc-89a1-59df6965bc46,01,,"Oldenburg (Oldb), Industriestraße 1A",26121,DE943,DEU
fa3b2024-c9bd-45dc-89a1-59df6965bc46,01,LOT-0001,"Oldenburg (Oldb), Industriestraße 1A",26121,DE943,DEU
a1922220-370b-4b20-9468-db1dcc39e4e2,01,,Hohenbrunn,85662,DE21H,DEU
a1922220-370b-4b20-9468-db1dcc39e4e2,01,LOT-0001,Hohenbrunn,85662,DE21H,DEU
d8a37cbb-1fd9-4cdc-be92-43d9784ee74e,01,,,,DE116,DEU
d8a37cbb-1fd9-4cdc-be92-43d9784ee74e,01,LOT-0001,,,DE116,DEU
ddda550b-8e79-492f-8c1c-1f8558261896,01,,Arnstadt,99310,DEG0T,DEU
ddda550b-8e79-492f-8c1c-1f8558261896,01,LOT-0001,Arnstadt,99310,DEG0T,DEU
ddda550b-8e79-492f-8c1c-1f8558261896,01,LOT-0002,Arnstadt,99310,DEG0T,DEU
ddda550b-8e79-492f-8c1c-1f8558261896,01,LOT-0003,Arnstadt,99310,DEG0T,DEU
ab1a2196-3b3e-400c-88a6-8b410e918be1,01,,Lüdenscheid,,DEA58,DEU
ab1a2196-3b3e-400c-88a6-8b410e918be1,01,LOT-0001,Lüdenscheid,,DEA58,DEU
d9f6395a-527b-49cd-a0ec-bf43a062cdf0,01,,Lisberg / Trabelsdorf,96170,DE245,DEU
d9f6395a-527b-49cd-a0ec-bf43a062cdf0,01,LOT-0001,Lisberg / Trabelsdorf,96170,DE245,DEU
89cb5b35-440d-4641-86a9-c4d96eb3adc6,01,,,,,DEU
89cb5b35-440d-4641-86a9-c4d96eb3adc6,01,LOT-0000,,,,DEU
9ae1067f-71f7-4ef3-874e-52d6c4dcad8c,01,,Wolfhagen,,DEA22,DEU
9ae1067f-71f7-4ef3-874e-52d6c4dcad8c,01,LOT-0001,Wolfhagen,,DEA22,DEU
9ae1067f-71f7-4ef3-874e-52d6c4dcad8c,01,LOT-0002,Wolfhagen,,DEA22,DEU
2a65f837-7dff-4d67-8571-a798cef1350f,01,,,,,
2a65f837-7dff-4d67-8571-a798cef1350f,01,LOT-0001,,,,
2a65f837-7dff-4d67-8571-a798cef1350f,01,LOT-0002,,,,
41d7ac31-f585-4156-af42-5415f9f2b774,01,,"München, Elisabeth-Stoeber-Str. 50",81377,DE212,DEU
41d7ac31-f585-4156-af42-5415f9f2b774,01,LOT-0000,"München, Elisabeth-Stoeber-Str. 50",81377,DE212,DEU
1d7eb9ce-d42c-41f0-a4f3-1cc0c4d87e20,01,,Braunfels,35619,DE722,DEU
1d7eb9ce-d42c-41f0-a4f3-1cc0c4d87e20,01,LOT-0000,Braunfels,35619,DE722,DEU
6b20f242-021d-4a08-8e14-0fc9b29a4e17,01,,Barendorf,21397,DE935,DEU
6b20f242-021d-4a08-8e14-0fc9b29a4e17,01,LOT-0000,Barendorf,21397,DE935,DEU
947fc897-edd4-43ea-b443-63e8d47a9149,01,,Bielefeld,,DEA41,DEU
947fc897-edd4-43ea-b443-63e8d47a9149,01,LOT-0001,Bielefeld,,DEA41,DEU
947fc897-edd4-43ea-b443-63e8d47a9149,01,LOT-0002,Bielefeld,,DEA41,DEU
f25e66fd-bd2e-4aea-b339-b37895bbf089,01,,Stuttgart,70629,DE111,DEU
f25e66fd-bd2e-4aea-b339-b37895bbf089,01,LOT-0001,Stuttgart,70629,DE111,DEU
d44abc03-50f0-4083-aab5-466efac05753,01,,Landau In Der Pfalz,76829,DEB33,DEU
d44abc03-50f0-4083-aab5-466efac05753,01,LOT-0000,Landau In Der Pfalz,76829,DEB33,DEU
ed4e3ad6-5358-410f-8b45-9cbba1f7afef,01,,Herzberg/Elster,04916,DE407,DEU
ed4e3ad6-5358-410f-8b45-9cbba1f7afef,01,LOT-0001,Herzberg/Elster,04916,DE407,DEU
ed4e3ad6-5358-410f-8b45-9cbba1f7afef,01,LOT-0002,Herzberg/Elster,04916,DE407,DEU
ed4e3ad6-5358-410f-8b45-9cbba1f7afef,01,LOT-0003,Herzberg/Elster,04916,DE407,DEU
ed4e3ad6-5358-410f-8b45-9cbba1f7afef,01,LOT-0004,Herzberg/Elster,04916,DE407,DEU
40c92953-19e6-4dd6-beac-39c302fd25cc,01,,,,DE929,DEU
40c92953-19e6-4dd6-beac-39c302fd25cc,01,LOT-0000,,,,DEU
49d4a12a-7b77-437a-a031-1d1260b427a4,01,,Kürten,51515,DEA2B,DEU
49d4a12a-7b77-437a-a031-1d1260b427a4,01,LOT-0001,Kürten,51515,DEA2B,DEU
afeff892-c330-4fb8-973c-6b65d1d3c1c1,01,,Hamburg,,DE600,DEU
afeff892-c330-4fb8-973c-6b65d1d3c1c1,01,LOT-0001,Hamburg,,DE600,DEU
49272a08-0469-437d-bf1f-ba641417f443,01,,Frankfurt Am Main,60486,DE712,DEU
49272a08-0469-437d-bf1f-ba641417f443,01,LOT-0000,Frankfurt Am Main,60486,DE712,DEU
01a0a3e8-422f-4756-96c5-d2a2a05e53bf,01,,Annaberg-Buchholz,09456,DED42,DEU
01a0a3e8-422f-4756-96c5-d2a2a05e53bf,01,LOT-0001,Annaberg-Buchholz,09456,DED42,DEU
76042013-ac39-4932-9f1a-4656a0011b6b,01,,Nürnberg Bis Bamberg; Nürnberg Bis Würzburg Und Netzbezirk Würzburg,90402,DE254,DEU
76042013-ac39-4932-9f1a-4656a0011b6b,01,PAR-0001,Nürnberg Bis Bamberg; Nürnberg Bis Würzburg Und Netzbezirk Würzburg,90402,DE254,DEU
a9f62a24-31b1-425a-b9aa-ca085ced8bf4,01,,Stadt Recklinghausen,'-,DEA36,DEU
a9f62a24-31b1-425a-b9aa-ca085ced8bf4,01,LOT-0000,Stadt Recklinghausen,'-,DEA36,DEU
20176d84-f18c-4068-b17c-d013cf0cfe0f,01,,Schkopau,06258,DEE0B,DEU
20176d84-f18c-4068-b17c-d013cf0cfe0f,01,LOT-0000,Schkopau,06258,DEE0B,DEU
eeb9ef5a-0b01-43d5-8496-53b81772b15d,01,,Rothenburg O.D.T.,91541,DE256,DEU
eeb9ef5a-0b01-43d5-8496-53b81772b15d,01,LOT-0001,91541,Rothenburg,DE256,DEU
eeb9ef5a-0b01-43d5-8496-53b81772b15d,01,LOT-0002,Rothenburg O.Dt.,91541,DE256,DEU
e4f3839a-4932-42c0-9b85-f1745d43c9c6,01,,,,,DEU
e4f3839a-4932-42c0-9b85-f1745d43c9c6,01,LOT-0000,,,,DEU
a040d776-b7d8-40d6-81c9-b50e1aa6daeb,01,,Tarp,24963,DEF0C,DEU
a040d776-b7d8-40d6-81c9-b50e1aa6daeb,01,LOT-0001,Tarp,24963,DEF0C,DEU
9ad7cb70-56ac-4e93-ad85-e249a639d263,01,,Berlin,10115,DE300,DEU
9ad7cb70-56ac-4e93-ad85-e249a639d263,01,LOT-0000,Berlin,10115,DE300,DEU
f1c9a3f9-c8d4-42b4-9e98-1838d72567e0,01,,Buseck,35418,DE721,DEU
f1c9a3f9-c8d4-42b4-9e98-1838d72567e0,01,LOT-0001,Buseck,35418,DE721,DEU
2a892d69-436e-4ab9-b235-22191b2a0817,01,,Mainz,,DEB35,DEU
2a892d69-436e-4ab9-b235-22191b2a0817,01,LOT-0001,Mainz,,DEB35,DEU
0a1d2ce8-8ee7-4d56-a411-9ddfdfcad7f9,01,,Braunfels,35619,DE722,DEU
0a1d2ce8-8ee7-4d56-a411-9ddfdfcad7f9,01,LOT-0000,Braunfels,35619,DE722,DEU
a98df0ee-02df-4926-a699-f0264bc70ae4,01,,Bremen,28239,DE501,DEU
a98df0ee-02df-4926-a699-f0264bc70ae4,01,LOT-0000,Bremen,28239,DE501,DEU
2c665769-7e2e-4628-991e-28dcf9c3821a,01,,Icking,82057,DE216,DEU
2c665769-7e2e-4628-991e-28dcf9c3821a,01,LOT-0000,Icking,82057,DE216,DEU
1ccd2bd7-0f11-41f1-899f-4de6866a4092,01,,,,DEG03,DEU
1ccd2bd7-0f11-41f1-899f-4de6866a4092,01,LOT-0000,,,DEG03,DEU
a9485f5f-9d7f-4d89-b14e-948fc88864b9,01,,Rostock - Bramow,18069,DE803,DEU
a9485f5f-9d7f-4d89-b14e-948fc88864b9,01,LOT-0001,Rostock - Bramow,18069,DE803,DEU
38cb1b71-db55-447b-9dcf-7928fa9b9652,01,,Konz,54329,DEB25,DEU
38cb1b71-db55-447b-9dcf-7928fa9b9652,01,LOT-0001,Konz,54329,DEB25,DEU
38cb1b71-db55-447b-9dcf-7928fa9b9652,01,LOT-0002,Konz,54329,DEB25,DEU
38cb1b71-db55-447b-9dcf-7928fa9b9652,01,LOT-0003,Konz,54329,DEB25,DEU
4c995852-f3a4-4bec-b31c-16ee0f73a0e2,01,,Gladbeck,,DEA36,DEU
4c995852-f3a4-4bec-b31c-16ee0f73a0e2,01,LOT-0001,Gladbeck,,DEA36,DEU
68ed286a-7dcd-4fa8-8fe1-cef357b78bb9,01,,,,,
68ed286a-7dcd-4fa8-8fe1-cef357b78bb9,01,LOT-0001,,,,
68ed286a-7dcd-4fa8-8fe1-cef357b78bb9,01,LOT-0002,,,,
68ed286a-7dcd-4fa8-8fe1-cef357b78bb9,01,LOT-0003,,,,
68ed286a-7dcd-4fa8-8fe1-cef357b78bb9,01,LOT-0004,,,,
d67d21b0-4b54-4ba6-96e2-3b6b23819299,01,,Gronau,48599,DEA34,DEU
d67d21b0-4b54-4ba6-96e2-3b6b23819299,01,LOT-0001,Gronau,48599,DEA34,DEU
1b85bfe4-fb5b-49bb-84de-474fa2eb9ef5,01,,Gundelfingen,79194,DE132,DEU
1b85bfe4-fb5b-49bb-84de-474fa2eb9ef5,01,LOT-0001,Gundelfingen,79194,DE132,DEU
adbbb2a3-a548-485c-b584-b649f0cff1b3,01,,Bremen,28779,DE501,DEU
adbbb2a3-a548-485c-b584-b649f0cff1b3,01,LOT-0000,Bremen,28779,DE501,DEU
5cbe1b0e-18eb-4c76-90b1-d36ed71801c1,01,,Landkreis Mainz-Bingen,,DEB3J,DEU
5cbe1b0e-18eb-4c76-90b1-d36ed71801c1,01,,Landkreis Bad Kreuznach,,DEB14,DEU
5cbe1b0e-18eb-4c76-90b1-d36ed71801c1,01,LOT-0001,Landkreis Mainz-Bingen,,DEB3J,DEU
5cbe1b0e-18eb-4c76-90b1-d36ed71801c1,01,LOT-0001,Landkreis Bad Kreuznach,,DEB14,DEU
5cbe1b0e-18eb-4c76-90b1-d36ed71801c1,01,LOT-0002,Landkreis Mainz-Bingen,,DEB3J,DEU
5cbe1b0e-18eb-4c76-90b1-d36ed71801c1,01,LOT-0002,Landkreis Bad Kreuznach,,DEB14,DEU
5cbe1b0e-18eb-4c76-90b1-d36ed71801c1,01,LOT-0003,Landkreis Mainz-Bingen,,DEB3J,DEU
5cbe1b0e-18eb-4c76-90b1-d36ed71801c1,01,LOT-0003,Landkreis Bad Kreuznach,,DEB14,DEU
5cbe1b0e-18eb-4c76-90b1-d36ed71801c1,01,LOT-0004,Landkreis Mainz-Bingen,,DEB3J,DEU
5cbe1b0e-18eb-4c76-90b1-d36ed71801c1,01,LOT-0004,Landkreis Bad Kreuznach,,DEB14,DEU
5cbe1b0e-18eb-4c76-90b1-d36ed71801c1,01,LOT-0005,Landkreis Mainz-Bingen,,DEB3J,DEU
5cbe1b0e-18eb-4c76-90b1-d36ed71801c1,01,LOT-0005,Landkreis Bad Kreuznach,,DEB14,DEU
5cbe1b0e-18eb-4c76-90b1-d36ed71801c1,01,LOT-0006,Landkreis Mainz-Bingen,,DEB3J,DEU
5cbe1b0e-18eb-4c76-90b1-d36ed71801c1,01,LOT-0006,Landkreis Bad Kreuznach,,DEB14,DEU
5cbe1b0e-18eb-4c76-90b1-d36ed71801c1,01,LOT-0007,Landkreis Mainz-Bingen,,DEB3J,DEU
5cbe1b0e-18eb-4c76-90b1-d36ed71801c1,01,LOT-0007,Landkreis Bad Kreuznach,,DEB14,DEU
5cbe1b0e-18eb-4c76-90b1-d36ed71801c1,01,LOT-0008,Landkreis Mainz-Bingen,,DEB3J,DEU
5cbe1b0e-18eb-4c76-90b1-d36ed71801c1,01,LOT-0008,Landkreis Bad Kreuznach,,DEB14,DEU
5cbe1b0e-18eb-4c76-90b1-d36ed71801c1,01,LOT-0009,Landkreis Mainz-Bingen,,DEB3J,DEU
5cbe1b0e-18eb-4c76-90b1-d36ed71801c1,01,LOT-0009,Landkreis Bad Kreuznach,,DEB14,DEU
5cbe1b0e-18eb-4c76-90b1-d36ed71801c1,01,LOT-0010,Landkreis Mainz-Bingen,,DEB3J,DEU
5cbe1b0e-18eb-4c76-90b1-d36ed71801c1,01,LOT-0010,Landkreis Bad Kreuznach,,DEB14,DEU
5cbe1b0e-18eb-4c76-90b1-d36ed71801c1,01,LOT-0011,Landkreis Mainz-Bingen,,DEB3J,DEU
5cbe1b0e-18eb-4c76-90b1-d36ed71801c1,01,LOT-0011,Landkreis Bad Kreuznach,,DEB14,DEU
071a393b-8c2d-42cd-9d57-551d42b58813,01,,Frankfurt Am Main,60547,DE712,DEU
071a393b-8c2d-42cd-9d57-551d42b58813,01,LOT-0000,Frankfurt Am Main,60547,DE712,DEU
bba1b515-3a6b-4be6-9618-db66267d5f72,01,,Wetzlar,35578,DE722,DEU
bba1b515-3a6b-4be6-9618-db66267d5f72,01,LOT-0000,Wetzlar,35578,DE722,DEU
2063f8a7-8d9a-4395-9834-8ab5d4a62d1d,01,,Berlin,10179,DE300,DEU
2063f8a7-8d9a-4395-9834-8ab5d4a62d1d,01,LOT-0000,Berlin,10179,DE300,DEU
5d6248d2-bbeb-4359-8df1-2c2b5dfe2de7,01,,Braunfels,35619,DE722,DEU
5d6248d2-bbeb-4359-8df1-2c2b5dfe2de7,01,LOT-0000,Braunfels,35619,DE722,DEU
f1f7f1b8-2e26-45ae-bb75-30766d4f2c89,01,,"Bramsche, Neuenkirchen-Vörden, Dinklage","49565, 49434, 49393",DE944,DEU
f1f7f1b8-2e26-45ae-bb75-30766d4f2c89,01,LOT-0000,"Bramsche, Neuenkirchen-Vörden, Dinklage","49565, 49434, 49393",DE944,DEU
f964782e-bf72-4c36-bf5f-035b9b1ed8f3,01,,Delmenhorst-Adelheide,27755,DE941,DEU
f964782e-bf72-4c36-bf5f-035b9b1ed8f3,01,LOT-0000,Delmenhorst-Adelheide,27755,DE941,DEU
c937ed17-050d-4d82-a8c8-4c8f5e7b1f9e,01,,,.,DE722,DEU
c937ed17-050d-4d82-a8c8-4c8f5e7b1f9e,01,LOT-0001,,.,DE722,DEU
c937ed17-050d-4d82-a8c8-4c8f5e7b1f9e,01,LOT-0002,,.,DE722,DEU
37b9ca59-76f8-4f86-95c3-350b3f85e457,01,,Leipzig,04103,DED51,DEU
37b9ca59-76f8-4f86-95c3-350b3f85e457,01,LOT-0001,Leipzig,04103,DED51,DEU
0b0cee46-7028-48a3-ab93-706252419a34,01,,Stadt Germering,82110,DE21C,DEU
0b0cee46-7028-48a3-ab93-706252419a34,01,LOT-0001,Stadt Germering,82110,DE21C,DEU
abae6b4a-5a2e-4a62-a6e8-61a0d99ac0f0,01,,Trebur,65468,DE717,DEU
abae6b4a-5a2e-4a62-a6e8-61a0d99ac0f0,01,LOT-0000,Trebur,65468,DE717,DEU
eb6cb358-277f-463a-a7b6-10419bb6b2b5,01,,Jülich,52428,DEA26,DEU
eb6cb358-277f-463a-a7b6-10419bb6b2b5,01,LOT-0001,Jülich,52428,DEA26,DEU
ba79a82e-ba20-40d5-a701-698daf07eeb9,01,,Spreetal,02979,DED2C,DEU
ba79a82e-ba20-40d5-a701-698daf07eeb9,01,LOT-0000,Spreetal,02979,DED2C,DEU
892cd313-409d-4d28-89fb-e9c5c15b141b,01,,München,80538,DE212,DEU
892cd313-409d-4d28-89fb-e9c5c15b141b,01,LOT-0000,München,80538,DE212,DEU
e4219d9f-af23-4f38-8d05-842a51bb2395,01,,Halle (Saale),06120,DEE02,DEU
e4219d9f-af23-4f38-8d05-842a51bb2395,01,LOT-0000,Halle (Saale),06120,DEE02,DEU
358aa36b-0b4d-406d-b3f0-3823146a9ea6,01,,München,81929,DE212,DEU
358aa36b-0b4d-406d-b3f0-3823146a9ea6,01,LOT-0001,München,81929,DE212,DEU
81ef8785-328d-45a5-aa26-05b430f1424f,01,,Karlsruhe,76131,DE122,DEU
81ef8785-328d-45a5-aa26-05b430f1424f,01,LOT-0000,Karlsruhe,76131,DE122,DEU
005970e4-fa83-4d72-b88d-6b8acfe47c4a,01,,Bremen,28779,DE501,DEU
005970e4-fa83-4d72-b88d-6b8acfe47c4a,01,LOT-0000,Bremen,28779,DE501,DEU
7cba3224-ed9b-4557-912a-b89e03238035,01,,Bamberg,96049,DE241,DEU
7cba3224-ed9b-4557-912a-b89e03238035,01,LOT-0001,Bamberg,96049,DE241,DEU
7cba3224-ed9b-4557-912a-b89e03238035,01,LOT-0002,Neumarkt I.D.Opf.,92318,DE236,DEU
eccaf8a7-61f2-4d8b-b5b5-46950178c568,01,,Wedemark,30900,DE929,DEU
eccaf8a7-61f2-4d8b-b5b5-46950178c568,01,LOT-0000,Wedemark,30900,DE929,DEU
ead3b499-cf64-4888-823d-7737ad787045,01,,Eiterfeld,36132,DE732,DEU
ead3b499-cf64-4888-823d-7737ad787045,01,LOT-0000,Eiterfeld,36132,DE732,DEU
40a54a1a-4422-4c9b-b817-9b085061ad44,01,,Weißkeißel,02957,DED2D,DEU
40a54a1a-4422-4c9b-b817-9b085061ad44,01,LOT-0000,Weißkeißel,02957,DED2D,DEU
9b92da70-5f05-4da6-8f36-63c00ccc4bfd,01,,München,80339,DE212,DEU
9b92da70-5f05-4da6-8f36-63c00ccc4bfd,01,LOT-0001,München,80339,DE212,DEU
7bbe3e4a-e8f3-4ce7-8fac-f9899a31ebc0,01,,Bückeburg,31675,DE928,DEU
7bbe3e4a-e8f3-4ce7-8fac-f9899a31ebc0,01,LOT-0001,Bückeburg,31675,DE928,DEU
415228ba-c998-4c5b-a88e-4badc9d2e4dc,01,,Gessertshausen,86459,DE276,DEU
415228ba-c998-4c5b-a88e-4badc9d2e4dc,01,LOT-0000,Gessertshausen,86459,DE276,DEU
01a0a3dd-0de3-4c82-9bff-894ee83e347d,01,,Freiberg,09599,DED43,DEU
01a0a3dd-0de3-4c82-9bff-894ee83e347d,01,LOT-0001,Freiberg,09599,DED43,DEU
125814cb-3fd3-45fb-8ee4-1940fc409986,01,,Pfarrkirchen,84347,DE22A,DEU
125814cb-3fd3-45fb-8ee4-1940fc409986,01,LOT-0001,Pfarrkirchen,84347,DE22A,DEU
a673c7df-5a09-4230-a1f0-8c32c383c6a7,01,,Ratingen Lintorf,40885,DEA1C,DEU
a673c7df-5a09-4230-a1f0-8c32c383c6a7,01,LOT-0001,Ratingen Lintorf,40885,DEA1C,DEU
5136b73e-1a8c-4623-ba6e-68446d10b433,01,,Salmtal,54528,DEB22,DEU
5136b73e-1a8c-4623-ba6e-68446d10b433,01,LOT-0000,Salmtal,54528,DEB22,DEU
63ced94b-e3ff-42f0-9b7c-b0a68e642465,01,,,,DE929,DEU
63ced94b-e3ff-42f0-9b7c-b0a68e642465,01,LOT-0001,,,DE929,DEU
4e2efa0e-8630-465b-beb5-fe2dc2e116e2,01,,Frankfurt Am Main,60311,DE712,DEU
4e2efa0e-8630-465b-beb5-fe2dc2e116e2,01,LOT-0001,Frankfurt Am Main,60311,DE712,DEU
4e2efa0e-8630-465b-beb5-fe2dc2e116e2,01,LOT-0002,Frankfurt Am Main,60311,DE712,DEU
4e2efa0e-8630-465b-beb5-fe2dc2e116e2,01,LOT-0003,Frankfurt Am Main,60311,DE712,DEU
615b5280-a5cf-40f2-b7b9-3da4726c7de4,01,,Salmtal,54528,DEB22,DEU
615b5280-a5cf-40f2-b7b9-3da4726c7de4,01,LOT-0000,Salmtal,54528,DEB22,DEU
c27ce215-7d21-4d3f-8032-3718f85a797b,01,,Kaarst,41564,DEA1D,DEU
c27ce215-7d21-4d3f-8032-3718f85a797b,01,LOT-0001,Kaarst,41564,DEA1D,DEU
c27ce215-7d21-4d3f-8032-3718f85a797b,01,LOT-0002,Kaarst,41564,DEA1D,DEU
dc250dbf-39dc-4f59-b567-cfe9c7189181,01,,Rostock,18107,DE80K,DEU
dc250dbf-39dc-4f59-b567-cfe9c7189181,01,LOT-0000,Rostock,18107,DE80K,DEU
af5ff21e-3c05-4f2c-bd6d-2946bfe9f899,01,,Berlin,10117,DEF0B,DEU
af5ff21e-3c05-4f2c-bd6d-2946bfe9f899,01,LOT-0000,Berlin,10117,DEF0B,DEU
f02e7748-2050-4ac4-a922-cb0f4439e986,01,,Saarlouis,66740,DEC04,DEU
f02e7748-2050-4ac4-a922-cb0f4439e986,01,LOT-0000,Saarlouis,66740,DEC04,DEU
aa0363f1-766e-40ce-956c-9969d649029b,01,,Heppenheim,64646,DE715,DEU
aa0363f1-766e-40ce-956c-9969d649029b,01,LOT-0001,Heppenheim,64646,DE715,DEU
01a0a386-93b5-4920-903f-b03532554f28,01,,Heidenau,01809,DED2F,DEU
01a0a386-93b5-4920-903f-b03532554f28,01,LOT-0930,Heidenau,01809,DED2F,DEU
01a0a386-93b5-4920-903f-b03532554f28,01,LOT-1130,Heidenau,01809,DED2F,DEU
01a0a386-93b5-4920-903f-b03532554f28,01,LOT-1230,Heidenau,01809,DED2F,DEU
01a0a386-93b5-4920-903f-b03532554f28,01,LOT-1330,Heidenau,01809,DED2F,DEU
01a0a386-93b5-4920-903f-b03532554f28,01,LOT-1430,Heidenau,01809,DED2F,DEU
01a0a386-93b5-4920-903f-b03532554f28,01,LOT-1830,Heidenau,01809,DED2F,DEU
25ffc2dd-ffb6-484b-9642-475359ac01fc,01,,Leipzig,04318,DED51,DEU
25ffc2dd-ffb6-484b-9642-475359ac01fc,01,LOT-0001,,,,DEU
25ffc2dd-ffb6-484b-9642-475359ac01fc,01,LOT-0002,,,,DEU
25ffc2dd-ffb6-484b-9642-475359ac01fc,01,LOT-0003,,,,DEU
f2c6fd75-9a61-4140-a51a-5c616ff7c99d,01,,Mannheim,68165,DE126,DEU
f2c6fd75-9a61-4140-a51a-5c616ff7c99d,01,LOT-0001,Mannheim,68165,DE126,DEU
f2c6fd75-9a61-4140-a51a-5c616ff7c99d,01,LOT-0002,Mannheim,68165,DE126,DEU
f2c6fd75-9a61-4140-a51a-5c616ff7c99d,01,LOT-0003,Mannheim,68165,DE126,DEU
1dcf98ce-459c-4042-9b70-dcc925ded5e5,01,,Leipzig,04109,DED51,DEU
1dcf98ce-459c-4042-9b70-dcc925ded5e5,01,LOT-0000,Leipzig,04109,DED51,DEU
0a084d8e-b409-46c3-8f38-42d0c38f4087,01,,,,DE27C,DEU
0a084d8e-b409-46c3-8f38-42d0c38f4087,01,LOT-0001,,,DE27C,DEU
f8f990a2-b9fb-452d-8a21-a403a2239e46,01,,Bonn,53175,DEA22,DEU
f8f990a2-b9fb-452d-8a21-a403a2239e46,01,LOT-0001,53175,Bonn,DEA22,DEU
f8f990a2-b9fb-452d-8a21-a403a2239e46,01,LOT-0002,53227,Bonn,DEA22,DEU
0438fc4d-f4e0-43f1-8124-783654473a06,01,,Nürnberg,90429,DE254,DEU
0438fc4d-f4e0-43f1-8124-783654473a06,01,LOT-0001,Nürnberg,90429,DE254,DEU
4f3f43c4-b21a-4fe6-b95f-a02bcfaec978,01,,Lübstorf,19069,DE80M,DEU
4f3f43c4-b21a-4fe6-b95f-a02bcfaec978,01,LOT-0000,Lübstorf,19069,DE80M,DEU
f142e565-038d-4c70-b79f-92083cfea0c8,01,,Berlin,13189,DE300,DEU
f142e565-038d-4c70-b79f-92083cfea0c8,01,LOT-0000,Berlin,13189,DE300,DEU
0e4c6765-b27b-4e7e-9cb1-a4cb71f87e03,01,,Lübstorf,19069,DE80M,DEU
0e4c6765-b27b-4e7e-9cb1-a4cb71f87e03,01,LOT-0000,Lübstorf,19069,DE80M,DEU
31c84d33-8204-4aeb-9bdc-6b03fe02d7b6,01,,Herford,32049,DEA43,DEU
31c84d33-8204-4aeb-9bdc-6b03fe02d7b6,01,LOT-0000,Herford,32049,DEA43,DEU
3b65793d-c78d-42bc-b654-1eac5dccdd27,01,,49377,Vechta,DE94F,DEU
3b65793d-c78d-42bc-b654-1eac5dccdd27,01,LOT-0001,Neuenkirchen-Vörden,49434,DE94F,DEU
3b65793d-c78d-42bc-b654-1eac5dccdd27,01,LOT-0002,Neuenkirchen,49434,DE94F,DEU
77a17daa-1726-45b5-8710-0d9f238d3cb2,01,,Freiburg,79108,DE131,DEU
77a17daa-1726-45b5-8710-0d9f238d3cb2,01,LOT-0000,Freiburg,79108,DE131,DEU
01a0a39a-b1ce-41e2-a40e-d2a19840eef3,01,,Zwickau,08058,DED45,DEU
01a0a39a-b1ce-41e2-a40e-d2a19840eef3,01,LOT-0001,Zwickau,08058,DED45,DEU
9f47389f-4ff8-4452-bb85-29dc3fdbcacb,01,,Grenzach-Wyhlen,79639,DE139,DEU
9f47389f-4ff8-4452-bb85-29dc3fdbcacb,01,LOT-0000,Grenzach-Wyhlen,79639,DE139,DEU
37ef6440-39ad-4711-b6d8-50cd3e259338,01,,Wildau,15745,DE406,DEU
37ef6440-39ad-4711-b6d8-50cd3e259338,01,LOT-0001,Wildau,15745,DE406,DEU
975ec467-e4c0-41ee-93e8-9e85b58e3304,01,,Leipzig,04318,DED51,DEU
975ec467-e4c0-41ee-93e8-9e85b58e3304,01,LOT-0000,Leipzig,04318,DED51,DEU
975ec467-e4c0-41ee-93e8-9e85b58e3304,01,LOT-0000,Leipizig,04318,DED51,DEU
1a3ffe25-e783-42d6-85d9-06a72e6621ae,01,,Hess. Lichtenau,37235,DE737,DEU
1a3ffe25-e783-42d6-85d9-06a72e6621ae,01,LOT-0000,Hess. Lichtenau,37235,DE737,DEU
65a1fbb7-b8fa-47a1-81b3-19eb0aea6d81,01,,,,DE212,DEU
65a1fbb7-b8fa-47a1-81b3-19eb0aea6d81,01,LOT-0000,,,DE212,DEU
75b1656a-978d-42f1-bea4-282faba63fb7,01,,Wiesbaden,65173,DEA22,DEU
75b1656a-978d-42f1-bea4-282faba63fb7,01,LOT-0000,Wiesbaden,65173,DEA22,DEU
75b1656a-978d-42f1-bea4-282faba63fb7,01,LOT-0000,Wiesbaden,65173,DE714,DEU
411eac10-5d12-40fb-a4d9-edbad677041b,01,,,,DEA52,DEU
411eac10-5d12-40fb-a4d9-edbad677041b,01,LOT-0001,,,DEA52,DEU
411eac10-5d12-40fb-a4d9-edbad677041b,01,LOT-0002,,,DEA52,DEU
411eac10-5d12-40fb-a4d9-edbad677041b,01,LOT-0003,,,DEA52,DEU
411eac10-5d12-40fb-a4d9-edbad677041b,01,LOT-0004,,,DEA52,DEU
b66086b4-5a0c-43e5-beff-d9e5bd9b4747,01,,,,DEA1B,DEU
b66086b4-5a0c-43e5-beff-d9e5bd9b4747,01,LOT-0001,,,DEA1B,DEU
15fde072-07e6-480b-9309-bd9ffe950305,01,,Rostock,18069,DE803,DEU
15fde072-07e6-480b-9309-bd9ffe950305,01,LOT-0000,Rostock,18069,DE803,DEU
bdb7cd0f-27a9-49e6-be6e-c80723885512,01,,Köln,50667,DEA23,DEU
bdb7cd0f-27a9-49e6-be6e-c80723885512,01,LOT-0000,Köln,50667,DEA23,DEU
60e43b0a-8dfb-449e-b498-b09682344d0f,01,,München,80636,DE212,DEU
60e43b0a-8dfb-449e-b498-b09682344d0f,01,LOT-0000,,,DE212,DEU
2fbce19e-8406-42b5-9a31-021c37f0693e,01,,Potsdam,14482,DE404,DEU
2fbce19e-8406-42b5-9a31-021c37f0693e,01,LOT-0001,Potsdam,14482,DE404,DEU
54a3c5e2-e83d-4d6d-b9b4-c8ef88801272,01,,Hannover,30159,DE929,DEU
54a3c5e2-e83d-4d6d-b9b4-c8ef88801272,01,LOT-0000,Hannover,30159,DE929,DEU
22be7dde-4ac6-4315-b87d-f19b7e9864cd,01,,Münster,48149,DEA33,DEU
22be7dde-4ac6-4315-b87d-f19b7e9864cd,01,LOT-0001,Münster,48149,DEA33,DEU
aa9e8b24-c04d-428d-bc89-8f1066e28c35,01,,München,80939,DE212,DEU
aa9e8b24-c04d-428d-bc89-8f1066e28c35,01,LOT-0001,München,80939,DE212,DEU
cef888de-af89-4526-849f-b65849ea460a,01,,Tauberbischofsheim,97941,DE11B,DEU
cef888de-af89-4526-849f-b65849ea460a,01,LOT-0000,Tauberbischofsheim,97941,DE11B,DEU
5dbbe2be-5c22-4c3b-8923-6a3e9f4aa280,01,,München,80804,DE212,DEU
5dbbe2be-5c22-4c3b-8923-6a3e9f4aa280,01,LOT-0001,München,80804,DE212,DEU
7d14c033-c833-4b40-8efc-e2ed271a3c3d,01,,Salmtal,54528,DEB22,DEU
7d14c033-c833-4b40-8efc-e2ed271a3c3d,01,LOT-0000,Salmtal,54528,DEB22,DEU
32bcd728-4e98-499d-a4e3-75f506ec038a,01,,Kassel,34131,DE731,DEU
32bcd728-4e98-499d-a4e3-75f506ec038a,01,LOT-0000,Kassel,34131,DE731,DEU
07c57189-4238-4bcf-987b-80763a6d7e23,01,,Bochum,44787,DEA51,DEU
07c57189-4238-4bcf-987b-80763a6d7e23,01,,Bochum,44866,DEA51,DEU
07c57189-4238-4bcf-987b-80763a6d7e23,01,,Bochum,44805,DEA51,DEU
07c57189-4238-4bcf-987b-80763a6d7e23,01,,Bochum,44799,DEA51,DEU
07c57189-4238-4bcf-987b-80763a6d7e23,01,,Bochum,44801,DEA51,DEU
07c57189-4238-4bcf-987b-80763a6d7e23,01,,Bochum,44789,DEA51,DEU
07c57189-4238-4bcf-987b-80763a6d7e23,01,,Bochum,44791,DEA51,DEU
07c57189-4238-4bcf-987b-80763a6d7e23,01,,Bochum,44793,DEA51,DEU
07c57189-4238-4bcf-987b-80763a6d7e23,01,,Bochum,44803,DEA51,DEU
07c57189-4238-4bcf-987b-80763a6d7e23,01,LOT-0001,Bochum,44787,DEA51,DEU
07c57189-4238-4bcf-987b-80763a6d7e23,01,LOT-0001,Bochum,44866,DEA51,DEU
07c57189-4238-4bcf-987b-80763a6d7e23,01,LOT-0001,Bochum,44805,DEA51,DEU
07c57189-4238-4bcf-987b-80763a6d7e23,01,LOT-0001,Bochum,44801,DEA51,DEU
07c57189-4238-4bcf-987b-80763a6d7e23,01,LOT-0002,Bochum,44787,DEA51,DEU
07c57189-4238-4bcf-987b-80763a6d7e23,01,LOT-0002,Bochum,44789,DEA51,DEU
07c57189-4238-4bcf-987b-80763a6d7e23,01,LOT-0002,Bochum,44866,DEA51,DEU
07c57189-4238-4bcf-987b-80763a6d7e23,01,LOT-0002,Bochum,44793,DEA51,DEU
07c57189-4238-4bcf-987b-80763a6d7e23,01,LOT-0002,Bochum,44791,DEA51,DEU
07c57189-4238-4bcf-987b-80763a6d7e23,01,LOT-0002,Bochum,44805,DEA51,DEU
07c57189-4238-4bcf-987b-80763a6d7e23,01,LOT-0002,Bochum,44803,DEA51,DEU
07c57189-4238-4bcf-987b-80763a6d7e23,01,LOT-0003,Bochum,44787,DEA51,DEU
07c57189-4238-4bcf-987b-80763a6d7e23,01,LOT-0003,Bochum,44866,DEA51,DEU
07c57189-4238-4bcf-987b-80763a6d7e23,01,LOT-0003,Bochum,44805,DEA51,DEU
07c57189-4238-4bcf-987b-80763a6d7e23,01,LOT-0003,Bochum,44799,DEA51,DEU
07c57189-4238-4bcf-987b-80763a6d7e23,01,LOT-0003,Bochum,44801,DEA51,DEU
07c57189-4238-4bcf-987b-80763a6d7e23,01,LOT-0003,Bochum,44789,DEA51,DEU
07c57189-4238-4bcf-987b-80763a6d7e23,01,LOT-0003,Bochum,44791,DEA51,DEU
07c57189-4238-4bcf-987b-80763a6d7e23,01,LOT-0003,Bochum,44793,DEA51,DEU
07c57189-4238-4bcf-987b-80763a6d7e23,01,LOT-0003,Bochum,44803,DEA51,DEU
a3358992-2707-49b2-822c-dcf07304f3b0,01,,,,DE803,DEU
a3358992-2707-49b2-822c-dcf07304f3b0,01,LOT-0000,,,DE803,DEU
fb411cf6-4291-4ab1-9080-fb014f9a9c64,01,,Ehingen,89584,DE145,DEU
fb411cf6-4291-4ab1-9080-fb014f9a9c64,01,LOT-0000,Ehingen,89584,DE145,DEU
9d83ea1f-2e6a-4af3-9974-0b8a7823c726,01,,Salmtal,54528,DEB22,DEU
9d83ea1f-2e6a-4af3-9974-0b8a7823c726,01,LOT-0000,Salmtal,54528,DEB22,DEU
741f8574-9ba3-434b-bf87-42f565cdff51,01,,Plön,24306,DEF0A,DEU
741f8574-9ba3-434b-bf87-42f565cdff51,01,LOT-0000,Plön,24306,DEF0A,DEU
4d643fae-3e36-4698-9988-0d3e35879d8f,01,,Gößnitz,04639,DEG0M,DEU
4d643fae-3e36-4698-9988-0d3e35879d8f,01,LOT-0001,Gößnitz,04639,DEG0M,DEU
aecb6364-67b5-456f-ba2e-6dce58f64b21,01,,Bonn,53119,DEA22,DEU
aecb6364-67b5-456f-ba2e-6dce58f64b21,01,LOT-0000,Bonn,53119,DEA22,DEU
bcb96a9b-2bd2-46b3-b7a6-dbe4b1a6fd26,01,,Frankfurt Am Main,65934,DE712,DEU
bcb96a9b-2bd2-46b3-b7a6-dbe4b1a6fd26,01,LOT-0000,Frankfurt Am Main,65934,DE712,DEU
02251263-d5d8-4ccf-bb46-d4ef31ac41c5,01,,Bremen,28195,DE501,DEU
02251263-d5d8-4ccf-bb46-d4ef31ac41c5,01,LOT-0001,Bremen,28195,DE501,DEU
e72422bd-7b79-45d6-a647-dad18da6e4bc,01,,München,80637,DE212,DEU
e72422bd-7b79-45d6-a647-dad18da6e4bc,01,LOT-0000,München,80637,DE212,DEU
e5945add-25b2-4c37-ade8-426440996759,01,,Frankfurt Am Main,60528,DE712,DEU
e5945add-25b2-4c37-ade8-426440996759,01,LOT-0000,Frankfurt Am Main,60528,DE712,DEU
e5945add-25b2-4c37-ade8-426440996759,01,LOT-0000,Frankfurt Am Main,60327,DE712,DEU
e5945add-25b2-4c37-ade8-426440996759,01,LOT-0000,Frankfurt Am Main,65931,DE712,DEU
dc63569a-abdf-47f2-9210-616091d369de,01,,Hamburg,22605,DE600,DEU
dc63569a-abdf-47f2-9210-616091d369de,01,LOT-0000,Hamburg,22605,DE600,DEU
4b78a193-a1fc-423c-8a38-0694dfd95972,01,,Köln,50825,DEA23,DEU
4b78a193-a1fc-423c-8a38-0694dfd95972,01,LOT-0000,Köln,50825,DEA23,DEU
091398e0-7d25-4871-911c-9da98bd731fd,01,,Potsdam,'-,DE404,DEU
091398e0-7d25-4871-911c-9da98bd731fd,01,LOT-0000,Potsdam,'-,DE404,DEU
a137db0e-224a-4bd9-86d4-5bb3b3404d4e,01,,Ellwangen-Rindelbach,73479,DE11D,DEU
a137db0e-224a-4bd9-86d4-5bb3b3404d4e,01,LOT-0000,Ellwangen-Rindelbach,73479,DE11D,DEU
a137db0e-224a-4bd9-86d4-5bb3b3404d4e,01,LOT-0000,Ellwangen (Jagst),73479,DE11D,DEU
c2df0f6b-f6d4-4dc0-b3ad-25fa9a032e55,01,,Dortmund,,DEA52,DEU
c2df0f6b-f6d4-4dc0-b3ad-25fa9a032e55,01,LOT-0001,Dortmund,,DEA52,DEU
6b47bdf2-1f73-4935-ba14-aee6a80304a3,01,,Bonn,53123,DEA22,DEU
6b47bdf2-1f73-4935-ba14-aee6a80304a3,01,LOT-0000,Bonn,53123,DEA22,DEU
01a08f76-3858-4723-afdc-294aca37ffad,01,,Berlin,10553,DE300,DEU
01a08f76-3858-4723-afdc-294aca37ffad,01,LOT-0001,Berlin,10553,DE300,DEU
85c9a7bb-cf66-405a-93c9-50857968cd15,01,,Lauda-Königshofen,97922,DE11B,DEU
85c9a7bb-cf66-405a-93c9-50857968cd15,01,LOT-0000,Lauda-Königshofen,97922,DE11B,DEU
80225e23-4152-4fd6-abf9-b18067c9b448,01,,Reutlingen,72770,DE141,DEU
80225e23-4152-4fd6-abf9-b18067c9b448,01,LOT-0001,Reutlingen,72770,DE141,DEU
77b9119d-d72d-4bca-adc2-6341ef20117a,01,,Heidelberg,69124,DE125,DEU
77b9119d-d72d-4bca-adc2-6341ef20117a,01,LOT-0000,Heidelberg,69124,DE125,DEU
77b9119d-d72d-4bca-adc2-6341ef20117a,01,LOT-0000,Mannheim,69124,DE126,DEU
a87ddb58-7ced-47bf-afd4-8dcf5a1ae567,01,,,,,
a87ddb58-7ced-47bf-afd4-8dcf5a1ae567,01,LOT-0001,,,DEA33,DEU
a87ddb58-7ced-47bf-afd4-8dcf5a1ae567,01,LOT-0002,,,DEA41,DEU
a87ddb58-7ced-47bf-afd4-8dcf5a1ae567,01,LOT-0003,,,DEA52,DEU
a87ddb58-7ced-47bf-afd4-8dcf5a1ae567,01,LOT-0004,,,DEA57,DEU
a87ddb58-7ced-47bf-afd4-8dcf5a1ae567,01,LOT-0005,Hamm,59065,DEA54,DEU
a87ddb58-7ced-47bf-afd4-8dcf5a1ae567,01,LOT-0006,,,DEA52,DEU
a87ddb58-7ced-47bf-afd4-8dcf5a1ae567,01,LOT-0007,,,DEA57,DEU
0a256d31-3992-4c28-af2a-af2e7c9d54a3,01,,Duisburg,,DEA12,DEU
0a256d31-3992-4c28-af2a-af2e7c9d54a3,01,LOT-0001,Duisburg,,DEA12,DEU
ef3be2c8-73dd-4ce7-a0a5-5626e1d4def2,01,,Pirna,01796,DED2F,DEU
ef3be2c8-73dd-4ce7-a0a5-5626e1d4def2,01,LOT-0001,Pirna,01796,DED2F,DEU
ef3be2c8-73dd-4ce7-a0a5-5626e1d4def2,01,LOT-0002,Pirna,01796,DED2F,DEU
ef3be2c8-73dd-4ce7-a0a5-5626e1d4def2,01,LOT-0003,Pirna,01796,DED2F,DEU
ef3be2c8-73dd-4ce7-a0a5-5626e1d4def2,01,LOT-0004,Pirna,01796,DED2F,DEU
ef3be2c8-73dd-4ce7-a0a5-5626e1d4def2,01,LOT-0005,Pirna,01796,DED2F,DEU
ef3be2c8-73dd-4ce7-a0a5-5626e1d4def2,01,LOT-0006,Pirna,01796,DED2F,DEU
ef3be2c8-73dd-4ce7-a0a5-5626e1d4def2,01,LOT-0007,Pirna,01796,DED2F,DEU
b37b8634-91f0-43a1-9a0b-524aae0ee02e,01,,München,80538,DE212,DEU
b37b8634-91f0-43a1-9a0b-524aae0ee02e,01,LOT-0000,München,80538,DE212,DEU
abadc72a-717a-45fc-9044-e7eb3dad334a,01,,Dortmund,44139,DEA52,DEU
abadc72a-717a-45fc-9044-e7eb3dad334a,01,LOT-0001,Dortmund,44139,DEA52,DEU
b01a3281-c302-440d-aa3a-0b3d7b665cea,01,,Oelde,59302,DEA38,DEU
b01a3281-c302-440d-aa3a-0b3d7b665cea,01,LOT-0001,Oelde,59302,DEA38,DEU
1799fd7d-d455-45ec-84b3-f267bdf5d0e2,01,,Mannheim,68165,DE122,ALA
1799fd7d-d455-45ec-84b3-f267bdf5d0e2,01,LOT-0001,Mannheim,68165,DE122,ALA
c9bdc192-58a1-4e7c-a260-cbdd646fd279,01,,Bundesweit,Bundesweit,DEA22,DEU
c9bdc192-58a1-4e7c-a260-cbdd646fd279,01,LOT-0000,Bundesweit,Bundesweit,DEA22,DEU
3b62235d-ca80-4e03-9c3e-297de871fe80,01,,Potsdam,14478,DE404,DEU
3b62235d-ca80-4e03-9c3e-297de871fe80,01,LOT-0001,Potsdam,14478,DE404,DEU
b502151c-0762-47f1-9b93-a51f389045d2,01,,Nürnberg,90478,DE254,DEU
b502151c-0762-47f1-9b93-a51f389045d2,01,LOT-0000,Nürnberg,90478,DE254,DEU
ff86e7dd-9047-4ad8-9ddb-106f4c18e10f,01,,Berlin,14195,DE300,DEU
ff86e7dd-9047-4ad8-9ddb-106f4c18e10f,01,LOT-0001,Berlin,14195,DE300,DEU
ff86e7dd-9047-4ad8-9ddb-106f4c18e10f,01,LOT-0002,Berlin,14195,DE300,DEU
3084e989-acb5-4689-8ebb-6bf0ad8e0903,01,,Oberhaching,82041,DE21H,DEU
3084e989-acb5-4689-8ebb-6bf0ad8e0903,01,LOT-0001,Oberhaching,82041,DE21H,DEU
68395e6d-ee88-4b84-b477-68e4396c6059,01,,Bayern,BY,DE212,DEU
68395e6d-ee88-4b84-b477-68e4396c6059,01,LOT-0001,Bayern,BY,,DEU
162d0079-0ada-4d8b-b2a3-db5d889299a2,01,,,,,GHA
162d0079-0ada-4d8b-b2a3-db5d889299a2,01,LOT-0001,,,,GHA
b77e9652-6802-4103-a4e1-af42fab8cb9d,01,,Berlin,,DE300,DEU
b77e9652-6802-4103-a4e1-af42fab8cb9d,01,LOT-0000,,,,DEU
430701f1-558e-4eee-a5d4-f58d6eeefab8,01,,,,DE929,DEU
430701f1-558e-4eee-a5d4-f58d6eeefab8,01,LOT-0001,Hannover,30625,DE929,DEU
52f6371b-39cc-4ec2-8721-e0b6e4e41699,01,,Münster - Handorf,48157,DEA33,DEU
52f6371b-39cc-4ec2-8721-e0b6e4e41699,01,LOT-0001,Münster - Handorf,48157,DEA33,DEU
03e2ee12-213d-4a93-9e86-fa369290166f,01,,Ulm,89075,DE144,DEU
03e2ee12-213d-4a93-9e86-fa369290166f,01,LOT-0000,Ulm,89075,DE144,DEU
07e2fa36-a8c8-4b6b-94d1-b5ec715848fc,01,,Göttingen,37073,DE91C,DEU
07e2fa36-a8c8-4b6b-94d1-b5ec715848fc,01,LOT-0000,Göttingen,37073,DE91C,DEU
5d1ac361-d019-4d42-902b-cbf8708a05bd,01,,Chemnitz,09126,DED41,DEU
5d1ac361-d019-4d42-902b-cbf8708a05bd,01,LOT-0001,Chemnitz,09126,DED41,DEU
5d1ac361-d019-4d42-902b-cbf8708a05bd,01,LOT-0002,Chemnitz,09126,DED41,DEU
5d1ac361-d019-4d42-902b-cbf8708a05bd,01,LOT-0003,Dresden,01187,DED21,DEU
5d1ac361-d019-4d42-902b-cbf8708a05bd,01,LOT-0004,Dresden,01187,DED21,DEU
dee2c291-4257-440e-99c7-cdfab455b60a,01,,Bocholt,46395,DEA34,DEU
dee2c291-4257-440e-99c7-cdfab455b60a,01,LOT-0001,Bocholt,46395,DEA34,DEU
dee2c291-4257-440e-99c7-cdfab455b60a,01,LOT-0002,Bocholt,46395,DEA34,DEU
dee2c291-4257-440e-99c7-cdfab455b60a,01,LOT-0003,Bocholt,46395,DEA34,DEU
7a855c7f-8d65-411f-9126-6dcb4aec744d,01,,Berlin,12489,DE300,DEU
7a855c7f-8d65-411f-9126-6dcb4aec744d,01,LOT-0000,Berlin,12489,DE300,DEU
7a855c7f-8d65-411f-9126-6dcb4aec744d,01,LOT-0000,Berlin,13125,DE300,DEU
7a855c7f-8d65-411f-9126-6dcb4aec744d,01,LOT-0000,Berlin,12587,DE300,DEU
7a855c7f-8d65-411f-9126-6dcb4aec744d,01,LOT-0000,Berlin,10315,DE300,DEU
7a855c7f-8d65-411f-9126-6dcb4aec744d,01,LOT-0000,Berlin,10117,DE300,DEU
7a855c7f-8d65-411f-9126-6dcb4aec744d,01,LOT-0000,Berlin,14195,DE300,DEU
7a855c7f-8d65-411f-9126-6dcb4aec744d,01,LOT-0000,Berlin,16775,DE40A,DEU
10b4365a-23af-4cbd-874f-5faa960c37e5,01,,Gundelfingen,79194,DE132,DEU
10b4365a-23af-4cbd-874f-5faa960c37e5,01,LOT-0001,Gundelfingen,79194,DE132,DEU
af9f35a0-65bc-4409-8b2d-339746ec18fa,01,,Bamberg,96050,DE241,DEU
af9f35a0-65bc-4409-8b2d-339746ec18fa,01,LOT-0000,Bamberg,96050,DE241,DEU
bdf2df03-ecca-4e4a-834a-8c169022bab7,01,,München,80538,DE212,DEU
bdf2df03-ecca-4e4a-834a-8c169022bab7,01,LOT-0000,München,80538,DE212,DEU
7005d76c-7d7c-4ac2-aad2-e48d7745a287,01,,Geldern,47608,DEA1B,DEU
7005d76c-7d7c-4ac2-aad2-e48d7745a287,01,LOT-0001,Geldern,47608,DEA1B,DEU
1c273480-662f-4557-999b-ee51263af361,01,,Berlin,10589,DE300,DEU
1c273480-662f-4557-999b-ee51263af361,01,LOT-0001,Berlin,12685,DE300,DEU
1c273480-662f-4557-999b-ee51263af361,01,LOT-0002,Berlin,12683,DE300,DEU
2446e1a7-8dc7-4593-b2d7-3260e7e86389,01,,Div. Tunnel-Unterzentralen Auf Der A44 Auf Der Strecke Zwischen Den Städten Kassel Und Eisenach.,34117,DE731,DEU
2446e1a7-8dc7-4593-b2d7-3260e7e86389,01,LOT-0000,Div. Tunnel-Unterzentralen Auf Der A44 Auf Der Strecke Zwischen Den Städten Kassel Und Eisenach.,34117,DE731,DEU
3de46702-3005-4272-9212-60a743a822bf,01,,Osnabrück,49076,DE944,DEU
3de46702-3005-4272-9212-60a743a822bf,01,LOT-0001,Osnabrück,49076,DE944,DEU
3de46702-3005-4272-9212-60a743a822bf,01,LOT-0002,Osnabrück,49076,DE944,DEU
e5b06742-88fb-461f-b5a2-561a22b4947e,01,,Stuttgart,70569,DE111,DEU
e5b06742-88fb-461f-b5a2-561a22b4947e,01,LOT-0000,Stuttgart,70569,DE111,DEU
d46eb7c9-65b4-4319-ae4f-b64aad501fec,01,,Bad Lippspringe,33175,DEA47,DEU
d46eb7c9-65b4-4319-ae4f-b64aad501fec,01,LOT-0001,Bad Lippspringe,33175,DEA47,DEU
dfd696de-b38c-4233-9db9-86a8b768feb4,01,,Marburg,35043,DE724,DEU
dfd696de-b38c-4233-9db9-86a8b768feb4,01,LOT-0000,Marburg,35043,DE724,DEU
5e5c519f-e67b-43bd-aff3-fb2f08bf4814,01,,,,DEE07,DEU
5e5c519f-e67b-43bd-aff3-fb2f08bf4814,01,LOT-0000,,,DEE07,DEU
5a91aec9-aee6-4c00-809a-5ac8845a61ec,01,,Düren,52351,DEA27,DEU
5a91aec9-aee6-4c00-809a-5ac8845a61ec,01,LOT-0000,Düren,52351,DEA27,DEU
5d25dc37-cd12-454d-9a04-e023831a2f6b,01,,Dillenburg,35683,DE722,DEU
5d25dc37-cd12-454d-9a04-e023831a2f6b,01,LOT-0001,Hagen,58099,DEA53,DEU
5d25dc37-cd12-454d-9a04-e023831a2f6b,01,LOT-0002,Hagen,58099,DEA53,DEU
5d25dc37-cd12-454d-9a04-e023831a2f6b,01,LOT-0003,Hagen,58099,DEA53,DEU
5d25dc37-cd12-454d-9a04-e023831a2f6b,01,LOT-0004,Hagen,58099,DEA53,DEU
1b4499e0-c0e0-4052-976b-908f05d646fa,01,,Dresden,01307,DED21,DEU
1b4499e0-c0e0-4052-976b-908f05d646fa,01,LOT-0000,Dresden,01307,DED21,DEU
7844bb7e-551c-4b80-8e27-efa3b24aeb75,01,,Hamburg,22765,DE600,DEU
7844bb7e-551c-4b80-8e27-efa3b24aeb75,01,LOT-0001,Hamburg,22765,DE600,DEU
7844bb7e-551c-4b80-8e27-efa3b24aeb75,01,LOT-0002,Hamburg,22765,DE600,DEU
7844bb7e-551c-4b80-8e27-efa3b24aeb75,01,LOT-0003,Hamburg,22765,DE600,DEU
d80782ed-7a0d-4d7b-9d1b-76c7cfbc136d,01,,Lüdenscheid,,DEA58,DEU
d80782ed-7a0d-4d7b-9d1b-76c7cfbc136d,01,LOT-0001,Lüdenscheid,,DEA58,DEU
2d885c65-7f8d-466b-ae79-a214d09abef4,01,,Ellwangen-Rindelbach,73479,DE11D,DEU
2d885c65-7f8d-466b-ae79-a214d09abef4,01,LOT-0000,Ellwangen-Rindelbach,73479,DE11D,DEU
f3a5f1e0-9f72-4179-90d4-bcbd0ab4b850,01,,Espelkamp,32339,DEA33,DEU
f3a5f1e0-9f72-4179-90d4-bcbd0ab4b850,01,LOT-0000,Espelkamp,32339,DEA33,DEU
e57a5e81-925c-4497-a287-25ade645b989,01,,Bad Oeynhausen,32547,DEA46,DEU
e57a5e81-925c-4497-a287-25ade645b989,01,LOT-0000,Bad Oeynhausen,32547,DEA46,DEU
ec4d8be1-1960-40c4-976d-87eb381e9f1e,01,,Bad Homburg V. D. Höhe,,DE718,DEU
ec4d8be1-1960-40c4-976d-87eb381e9f1e,01,LOT-0000,Bad Homburg V. D. Höhe,,DE718,DEU
506dd332-df90-4a82-a41a-7fd75b71a74a,01,,Telgte,48291,DEA38,DEU
506dd332-df90-4a82-a41a-7fd75b71a74a,01,LOT-0001,Telgte,48291,DEA38,DEU
6c6fd5da-2d81-4cd1-9b7a-4f9af163c766,01,,Havixbeck,48329,DEA35,DEU
6c6fd5da-2d81-4cd1-9b7a-4f9af163c766,01,LOT-0000,Havixbeck,48329,DEA35,DEU
b9edd57c-869d-46a1-9b2f-e4d784c599f8,01,,Borna,04552,DED52,DEU
b9edd57c-869d-46a1-9b2f-e4d784c599f8,01,LOT-0000,Borna,04552,DED52,DEU
2370d38a-4a55-40fd-880f-484ba02afa04,01,,,,DEG02,DEU
2370d38a-4a55-40fd-880f-484ba02afa04,01,LOT-0000,,,DEG02,DEU
cc0b1993-24c7-49b8-965b-2d87b7d6b61f,01,,Düsseldorf,40200,DEA11,DEU
cc0b1993-24c7-49b8-965b-2d87b7d6b61f,01,LOT-0001,Düsseldorf,40200,DEA11,DEU
cc0b1993-24c7-49b8-965b-2d87b7d6b61f,01,LOT-0002,Düsseldorf,40200,DEA11,DEU
04ff402f-4285-41f8-8377-bac1364d2807,01,,Ilmenau,98693,DEG0T,DEU
04ff402f-4285-41f8-8377-bac1364d2807,01,LOT-0001,Ilmenau,98693,DEG0T,DEU
04ff402f-4285-41f8-8377-bac1364d2807,01,LOT-0002,Ilmenau,98693,DEG0T,DEU
d5be3ec2-f7c5-4017-bc4c-fae12b7f6ef7,01,,Stuttgart,70567,DE111,DEU
d5be3ec2-f7c5-4017-bc4c-fae12b7f6ef7,01,,Freiburg,79111,DE131,DEU
d5be3ec2-f7c5-4017-bc4c-fae12b7f6ef7,01,,Karlsruhe,76185,DE122,DEU
d5be3ec2-f7c5-4017-bc4c-fae12b7f6ef7,01,,Baden-Baden,76532,DE121,DEU
d5be3ec2-f7c5-4017-bc4c-fae12b7f6ef7,01,,Reutlingen,72770,DE141,DEU
d5be3ec2-f7c5-4017-bc4c-fae12b7f6ef7,01,LOT-0001,Freiburg,79111,DE131,DEU
d5be3ec2-f7c5-4017-bc4c-fae12b7f6ef7,01,LOT-0002,Karlsruhe,76185,DE122,DEU
d5be3ec2-f7c5-4017-bc4c-fae12b7f6ef7,01,LOT-0002,Baden-Baden,76532,DE121,DEU
d5be3ec2-f7c5-4017-bc4c-fae12b7f6ef7,01,LOT-0003,Reutlingen,72770,DE141,DEU
d5be3ec2-f7c5-4017-bc4c-fae12b7f6ef7,01,LOT-0004,Stuttgart,70567,DE111,DEU
d5be3ec2-f7c5-4017-bc4c-fae12b7f6ef7,01,LOT-0005,Stuttgart,70567,DE111,DEU
d5be3ec2-f7c5-4017-bc4c-fae12b7f6ef7,01,LOT-0005,Freiburg,79111,DE131,DEU
d5be3ec2-f7c5-4017-bc4c-fae12b7f6ef7,01,LOT-0005,Karlsruhe,76185,DE122,DEU
d5be3ec2-f7c5-4017-bc4c-fae12b7f6ef7,01,LOT-0005,Baden-Baden,76532,DE121,DEU
d5be3ec2-f7c5-4017-bc4c-fae12b7f6ef7,01,LOT-0005,Reutlingen,72770,DE141,DEU
ec979362-0650-4ab1-8069-b5eb25d72e28,01,,Mainz,55131,DEB35,DEU
ec979362-0650-4ab1-8069-b5eb25d72e28,01,LOT-0000,Mainz,55131,DEB35,DEU
9eac5c2d-a869-4f51-aa20-65d23c0c2d8d,01,,Stadt Olpe,'-,DEA59,DEU
9eac5c2d-a869-4f51-aa20-65d23c0c2d8d,01,LOT-0000,Stadt Olpe,'-,DEA59,DEU
7d420b5a-d751-4e71-8250-e817a7c35bc9,01,,Lübbenau/Spreewald,03222,DE40B,DEU
7d420b5a-d751-4e71-8250-e817a7c35bc9,01,LOT-0001,Lübbenau/Spreewald,03222,DE40B,DEU
de46f8cc-3e1b-45a8-a1fb-b0c56e7a468d,01,,Berlin,12489,DE300,DEU
de46f8cc-3e1b-45a8-a1fb-b0c56e7a468d,01,LOT-0000,Berlin,12489,DE300,DEU
0f40a536-3868-4c78-8710-e1a04df5dfdc,01,,Steinach,77790,DE134,DEU
0f40a536-3868-4c78-8710-e1a04df5dfdc,01,LOT-0001,Steinach,77790,DE134,DEU
81c6013b-1919-4756-861d-b75bb351baed,01,,,,DE402,DEU
81c6013b-1919-4756-861d-b75bb351baed,01,LOT-0001,,,DE402,DEU
acb8340a-bc54-4982-bae7-7945179d4c5e,02,,,,DE27D,DEU
acb8340a-bc54-4982-bae7-7945179d4c5e,02,LOT-0001,,,DE27D,DEU
8b68c9cd-becc-4aae-b266-0d8fd532adde,02,,,,DE271,DEU
8b68c9cd-becc-4aae-b266-0d8fd532adde,02,LOT-0001,,,DE271,DEU
169c17c4-4961-4faf-b265-cf241ade7b03,02,,,,DEA42,DEU
169c17c4-4961-4faf-b265-cf241ade7b03,02,LOT-0001,,,DEA42,DEU
8abc6569-ea2c-47c4-9535-5f7d00210f64,02,,,,DE929,DEU
8abc6569-ea2c-47c4-9535-5f7d00210f64,02,LOT-0001,,,DE929,DEU
8abc6569-ea2c-47c4-9535-5f7d00210f64,02,LOT-0002,,,DE929,DEU
ebf0316c-dc1d-4aff-9f0c-9601ef0834b6,02,,,,DE271,DEU
ebf0316c-dc1d-4aff-9f0c-9601ef0834b6,02,LOT-0001,,,DE271,DEU
a94fce7c-d20b-4801-a8a4-fa82599b306b,07,,,,DEG07,DEU
a94fce7c-d20b-4801-a8a4-fa82599b306b,07,,,,DEG0E,DEU
a94fce7c-d20b-4801-a8a4-fa82599b306b,07,,Bad Klosterlausnitz,,DEG0J,DEU
a94fce7c-d20b-4801-a8a4-fa82599b306b,07,LOT-0000,,,DEG07,DEU
a94fce7c-d20b-4801-a8a4-fa82599b306b,07,LOT-0000,,,DEG0E,DEU
a94fce7c-d20b-4801-a8a4-fa82599b306b,07,LOT-0000,Bad Klosterlausnitz,,DEG0J,DEU
d054f781-67a9-4059-8661-386f0f62f944,07,,"Weimar, Tonna, Buttelstedt",,DEG05,DEU
d054f781-67a9-4059-8661-386f0f62f944,07,LOT-0000,"Weimar, Buttelstedt, Tonna",,DEG05,DEU
f1b8b89e-0c34-489c-8605-e48d0d0a5cb1,01,,Lörrach,79539,DE139,DEU
f1b8b89e-0c34-489c-8605-e48d0d0a5cb1,01,LOT-0001,Lörrach,79539,DE139,DEU
9a8868e4-d7bb-4015-8909-1bf3484af77f,01,,Hamburg,,DE600,DEU
9a8868e4-d7bb-4015-8909-1bf3484af77f,01,LOT-0001,Hamburg,,DE600,DEU
10ab646d-012a-4acd-9d41-d2d5927addbb,01,,München,81541,DE212,DEU
10ab646d-012a-4acd-9d41-d2d5927addbb,01,LOT-0001,München,81541,DE212,DEU
91690441-2088-4e96-99df-2b8ad32e5a1b,01,,Unkel – Koblenz - Wiesbaden,56068,DEB11,DEU
91690441-2088-4e96-99df-2b8ad32e5a1b,01,LOT-0001,Unkel – Koblenz - Wiesbaden,56068,DEB11,DEU
ee3a9d8e-fe1e-4949-9e4a-4e9c190918de,01,,München,80397,DE212,DEU
ee3a9d8e-fe1e-4949-9e4a-4e9c190918de,01,LOT-0001,München,80937,DE212,DEU
ee3a9d8e-fe1e-4949-9e4a-4e9c190918de,01,LOT-0002,München,80937,DE212,DEU
6626a339-d511-4a4c-b0a7-54a84a14e72e,01,,Berlin,10369,DE300,DEU
6626a339-d511-4a4c-b0a7-54a84a14e72e,01,LOT-0000,Berlin,10369,DE300,DEU
78a13158-21b8-4927-8497-55f095cffba6,01,,Lippstadt,59556,DEA5B,DEU
78a13158-21b8-4927-8497-55f095cffba6,01,LOT-0001,Lippstadt,59556,DEA5B,DEU
b74698a4-9f50-479c-b077-0a57c4ab0fb0,01,,Stuttgart,70191,DE111,DEU
b74698a4-9f50-479c-b077-0a57c4ab0fb0,01,LOT-0001,Stuttgart,70191,DE111,DEU
af09e797-6292-421c-b943-41d89a98d88e,01,,Stuttgart,70191,DE111,DEU
af09e797-6292-421c-b943-41d89a98d88e,01,LOT-0001,Stuttgart,70191,DE111,DEU
98597e19-5747-4c1b-988b-56cbc7418509,01,,Albbruck,79774,DE13A,DEU
98597e19-5747-4c1b-988b-56cbc7418509,01,LOT-0001,Albbruck,79774,DE13A,DEU
98597e19-5747-4c1b-988b-56cbc7418509,01,LOT-0002,Albbruck,79774,DE13A,DEU
991c04fe-ca10-4e6b-9304-0ad31b4757ed,01,,Waldsee,67165,DEB3I,DEU
991c04fe-ca10-4e6b-9304-0ad31b4757ed,01,LOT-0001,Waldsee,67165,DEB3I,DEU
37cdd9a6-65fb-4c7d-b7f5-ad7c7befc670,01,,München,80803 München,DE212,DEU
37cdd9a6-65fb-4c7d-b7f5-ad7c7befc670,01,LOT-0001,München,80803,DE212,DEU
e7ffd4a2-72f0-4c60-b831-c4b32143062c,01,,Dresden,01069,DED21,DEU
e7ffd4a2-72f0-4c60-b831-c4b32143062c,01,LOT-0000,Dresden,01069,DED21,DEU
31a68589-dbd6-413e-9508-5e94c897fcc7,01,,Düren,52349,DEA26,DEU
31a68589-dbd6-413e-9508-5e94c897fcc7,01,LOT-0001,Düren,52349,DEA26,DEU
9affc1f7-f387-4b6c-b221-a24ee46c41c6,01,,"Strecke 6100 Hamburg - Berlin Sowie Strecken 6401, 6441 Und 6442 In Mecklenburg Vorpommern",60526,DE600,DEU
9affc1f7-f387-4b6c-b221-a24ee46c41c6,01,LOT-0001,"Strecke 6100 Hamburg - Berlin Sowie Strecken 6401, 6441 Und 6442 In Mecklenburg Vorpommern",60526,,DEU
6bbaf2c8-f9d8-42ff-8696-dff505cb0366,01,,Bonn,53113,DEA22,DEU
6bbaf2c8-f9d8-42ff-8696-dff505cb0366,01,LOT-0000,Bonn,53113,DEA22,DEU
46d59055-2d6b-4dd0-8259-86b3ae67397c,01,,Berlin,10963,DE300,DEU
46d59055-2d6b-4dd0-8259-86b3ae67397c,01,LOT-0000,Berlin,10963,DE300,DEU
f03cd7a8-f967-4d6c-8ce7-8fdc0ed14af6,01,,Ilmenau,98693,DEG0T,DEU
f03cd7a8-f967-4d6c-8ce7-8fdc0ed14af6,01,LOT-0001,Ilmenau,98693,DEG0T,DEU
f03cd7a8-f967-4d6c-8ce7-8fdc0ed14af6,01,LOT-0002,Ilmenau,98693,DEG0T,DEU
3eb98c24-107b-4db4-9bc7-13790e23b295,01,,,,DE116,DEU
3eb98c24-107b-4db4-9bc7-13790e23b295,01,LOT-0001,,,DE116,DEU
d28f5c90-99bc-44f6-ab7f-b559d95655ec,01,,Dresden,01069,DED21,DEU
d28f5c90-99bc-44f6-ab7f-b559d95655ec,01,LOT-0000,Dresden,01069,DED21,DEU
0ef9519d-3c29-4818-a4de-74d9d2fafdd5,01,,Rosdorf Ot Rosdorf,37124,DE91C,DEU
0ef9519d-3c29-4818-a4de-74d9d2fafdd5,01,LOT-0001,Rosdorf Ot Rosdorf,37124,DE91C,DEU
01a0908b-72d0-4605-806b-700f82b26738,01,,Rostock,18055,DE803,DEU
01a0908b-72d0-4605-806b-700f82b26738,01,LOT-0001,Rostock,18055,DE803,DEU
008cde4f-7c6c-45cd-8286-9111985fe572,01,,,,DE731,DEU
008cde4f-7c6c-45cd-8286-9111985fe572,01,,,,DE735,DEU
008cde4f-7c6c-45cd-8286-9111985fe572,01,,,,DE736,DEU
008cde4f-7c6c-45cd-8286-9111985fe572,01,,,,DE732,DEU
008cde4f-7c6c-45cd-8286-9111985fe572,01,,,,DE737,DEU
008cde4f-7c6c-45cd-8286-9111985fe572,01,,,,DE733,DEU
008cde4f-7c6c-45cd-8286-9111985fe572,01,,,,DE734,DEU
008cde4f-7c6c-45cd-8286-9111985fe572,01,LOT-0001,,,DE731,DEU
008cde4f-7c6c-45cd-8286-9111985fe572,01,LOT-0001,,,DE735,DEU
008cde4f-7c6c-45cd-8286-9111985fe572,01,LOT-0001,,,DE736,DEU
008cde4f-7c6c-45cd-8286-9111985fe572,01,LOT-0001,,,DE732,DEU
008cde4f-7c6c-45cd-8286-9111985fe572,01,LOT-0001,,,DE737,DEU
008cde4f-7c6c-45cd-8286-9111985fe572,01,LOT-0001,,,DE733,DEU
008cde4f-7c6c-45cd-8286-9111985fe572,01,LOT-0001,,,DE734,DEU
4d70dd3a-19b8-45bb-8fe1-cc4dbf9f9bc0,01,,Hohenbrunn,85662,DE21H,DEU
4d70dd3a-19b8-45bb-8fe1-cc4dbf9f9bc0,01,LOT-0001,Hohenbrunn,85662,DE21H,DEU
3b86fd33-00b9-40dd-8ca9-ceabce92d4f0,01,,,,,DEU
3b86fd33-00b9-40dd-8ca9-ceabce92d4f0,01,LOT-0001,,,,DEU
fb31e81f-405c-4e29-a8ae-81702715ad54,01,,Koblenz,56070,DEB11,DEU
fb31e81f-405c-4e29-a8ae-81702715ad54,01,LOT-0001,Koblenz,56070,DEB11,DEU
f9a8f375-5a0b-4757-8f63-3bb02d515e15,01,,Greifswald,,DE80N,DEU
f9a8f375-5a0b-4757-8f63-3bb02d515e15,01,LOT-0001,Greifswald,,DE80N,DEU
f3b9c031-9495-43d1-98ae-9b6965e5dcd5,01,,Niedernwöhren,,DE928,DEU
f3b9c031-9495-43d1-98ae-9b6965e5dcd5,01,LOT-0001,Niedernwöhren,,DE928,DEU
c75374b3-68b2-4961-babf-eda69b82ddf5,01,,,,,DEU
c75374b3-68b2-4961-babf-eda69b82ddf5,01,LOT-0000,,,,DEU
eef2ee81-6ce1-44d3-a872-d7ef3172d45b,01,,Mülheim An Der Ruhr,45479,DEA16,DEU
eef2ee81-6ce1-44d3-a872-d7ef3172d45b,01,,Bottrop,46236,DEA31,DEU
eef2ee81-6ce1-44d3-a872-d7ef3172d45b,01,LOT-0001,Mülheim An Der Ruhr,45479,DEA16,DEU
eef2ee81-6ce1-44d3-a872-d7ef3172d45b,01,LOT-0001,Bottrop,46236,DEA31,DEU
72116ef8-f365-4654-a1ae-dad48639eca7,01,,Hof,95030,DE244,DEU
72116ef8-f365-4654-a1ae-dad48639eca7,01,LOT-0001,Hof,95030,DE244,DEU
72116ef8-f365-4654-a1ae-dad48639eca7,01,LOT-0002,Hof,95030,DE244,DEU
72116ef8-f365-4654-a1ae-dad48639eca7,01,LOT-0003,Hof,95030,DE244,DEU
d6edcf37-85e7-4c5d-aadd-631777267c50,01,,München,80335,DE212,DEU
d6edcf37-85e7-4c5d-aadd-631777267c50,01,LOT-0001,München,80335,DE212,DEU
1fae276e-8f0b-4dc6-86fe-d4f630f347b4,01,,Kaiserslautern,67655,DEB32,DEU
1fae276e-8f0b-4dc6-86fe-d4f630f347b4,01,LOT-0001,Kaiserslautern,67655,DEB32,DEU
2127b926-d426-4e4b-903f-6ca78cf49240,01,,Heidelberg,69124,DE125,DEU
2127b926-d426-4e4b-903f-6ca78cf49240,01,LOT-0000,Heidelberg,69124,DE125,DEU
b5167006-df6c-4516-b249-954d8e8f3df2,01,,Lauda-Königshofen,97922,DE11B,DEU
b5167006-df6c-4516-b249-954d8e8f3df2,01,LOT-0000,Lauda-Königshofen,97922,DE11B,DEU
00645247-2a18-4009-8d3c-86d79b0008cd,01,,,,DE241,DEU
00645247-2a18-4009-8d3c-86d79b0008cd,01,LOT-0001,,,DE241,DEU
41652100-e2a9-449d-b561-ec5cd19b8897,03,,Nordhausen,,DEG07,DEU
41652100-e2a9-449d-b561-ec5cd19b8897,03,LOT-0000,,,DEG07,DEU
afd9f95e-cfc5-4aa3-9657-683dc982242e,01,,Unkel – Koblenz - Wiesbaden,56068,DEB11,DEU
afd9f95e-cfc5-4aa3-9657-683dc982242e,01,LOT-0001,Unkel – Koblenz - Wiesbaden,56068,DEB11,DEU
bd789d45-0e90-47dc-bc95-938462f0599d,01,,Frankfurt Am Main,60486,DE712,DEU
bd789d45-0e90-47dc-bc95-938462f0599d,01,LOT-0001,Frankfurt Am Main,60486,DE712,DEU
bd789d45-0e90-47dc-bc95-938462f0599d,01,LOT-0002,Frankfurt Am Main,60486,DE712,DEU
bd789d45-0e90-47dc-bc95-938462f0599d,01,LOT-0003,Frankfurt Am Main,60486,DE712,DEU
bd789d45-0e90-47dc-bc95-938462f0599d,01,LOT-0004,Frankfurt Am Main,60486,DE712,DEU
9796d9b5-7bf5-46ad-8cfc-948b3723d87d,01,,Stuttgart,70173,DE111,DEU
9796d9b5-7bf5-46ad-8cfc-948b3723d87d,01,LOT-0000,Stuttgart,70173,DE111,DEU
c14fa2a8-76dc-437b-bf6c-bd43c83bb3c9,01,,"An Den Kaiserthermen 1 Und 3, Trier",54290,DEB21,DEU
c14fa2a8-76dc-437b-bf6c-bd43c83bb3c9,01,LOT-0001,"An Den Kaiserthermen 1 Und 3, Trier",54290,DEB21,DEU
01a0a3d5-6165-4f32-aef7-aa42a53416f8,01,,Dresden,01129,DED21,DEU
01a0a3d5-6165-4f32-aef7-aa42a53416f8,01,LOT-0001,Dresden,01129,DED21,DEU
f313e41a-4633-4ba7-b1be-e4a4adc5eb12,01,,Potsdam,14478,DE404,DEU
f313e41a-4633-4ba7-b1be-e4a4adc5eb12,01,,Potsdam,14467,DE404,DEU
f313e41a-4633-4ba7-b1be-e4a4adc5eb12,01,,Potsdam,14542,DE404,DEU
f313e41a-4633-4ba7-b1be-e4a4adc5eb12,01,LOT-0001,Potsdam,14478,DE404,DEU
f313e41a-4633-4ba7-b1be-e4a4adc5eb12,01,LOT-0001,Potsdam,14467,DE404,DEU
f313e41a-4633-4ba7-b1be-e4a4adc5eb12,01,LOT-0001,Potsdam,14542,DE404,DEU
77dd412a-f4af-4b1f-bc1b-77bcaf09e031,01,,Mainz,55116,DEB35,DEU
77dd412a-f4af-4b1f-bc1b-77bcaf09e031,01,LOT-0001,Mainz,55116,DEB35,DEU
74213ead-8e86-41f8-b1d4-eff6c6ab222a,01,,Dippoldiswalde,01744,DED2F,DEU
74213ead-8e86-41f8-b1d4-eff6c6ab222a,01,LOT-0001,Dippoldiswalde,01744,DED2F,DEU
f67484c6-0ea9-45ec-98f4-f1afe4c46ecf,01,,Berlin,10969,DE300,DEU
f67484c6-0ea9-45ec-98f4-f1afe4c46ecf,01,LOT-0001,Berlin,10969,DE300,DEU
f67484c6-0ea9-45ec-98f4-f1afe4c46ecf,01,LOT-0002,Berlin,10969,DE300,DEU
dc8a5290-a8f6-4e7a-93be-cc3b6edf7b7f,01,,Hamburg,20359,DE600,DEU
dc8a5290-a8f6-4e7a-93be-cc3b6edf7b7f,01,LOT-0000,Hamburg,20359,DE600,DEU
8712ead9-715a-4650-ab3e-b34384a3359a,01,,Breite Gasse 28,60313 Frankfurt am Main,DE712,DEU
8712ead9-715a-4650-ab3e-b34384a3359a,01,LOT-0000,Breite Gasse 28,60313 Frankfurt am Main,DE712,DEU
04f76f7a-e349-489a-a764-54850c2dea86,01,,Immenstadt,87509,DE27E,DEU
04f76f7a-e349-489a-a764-54850c2dea86,01,LOT-0001,Immenstadt,87509,DE27E,DEU
d3248030-a348-43c2-a9dd-1f1b9f890f0d,01,,,,,
d3248030-a348-43c2-a9dd-1f1b9f890f0d,01,LOT-0001,,,,
d3248030-a348-43c2-a9dd-1f1b9f890f0d,01,LOT-0002,,,,
d3248030-a348-43c2-a9dd-1f1b9f890f0d,01,LOT-0003,,,,
d3248030-a348-43c2-a9dd-1f1b9f890f0d,01,LOT-0004,,,,
d3248030-a348-43c2-a9dd-1f1b9f890f0d,01,LOT-0005,,,,
d3248030-a348-43c2-a9dd-1f1b9f890f0d,01,LOT-0006,,,,
d3248030-a348-43c2-a9dd-1f1b9f890f0d,01,LOT-0007,,,,
d3248030-a348-43c2-a9dd-1f1b9f890f0d,01,LOT-0008,,,,
d3248030-a348-43c2-a9dd-1f1b9f890f0d,01,LOT-0009,,,,
d3248030-a348-43c2-a9dd-1f1b9f890f0d,01,LOT-0010,,,,
d3248030-a348-43c2-a9dd-1f1b9f890f0d,01,LOT-0011,,,,
d3248030-a348-43c2-a9dd-1f1b9f890f0d,01,LOT-0012,,,,
d3248030-a348-43c2-a9dd-1f1b9f890f0d,01,LOT-0013,,,,
d3248030-a348-43c2-a9dd-1f1b9f890f0d,01,LOT-0014,,,,
d3248030-a348-43c2-a9dd-1f1b9f890f0d,01,LOT-0015,,,,
d3248030-a348-43c2-a9dd-1f1b9f890f0d,01,LOT-0016,,,,
d3248030-a348-43c2-a9dd-1f1b9f890f0d,01,LOT-0017,,,,
d3248030-a348-43c2-a9dd-1f1b9f890f0d,01,LOT-0018,,,,
58ff65ad-ad0d-43da-9705-373a3e18d3db,01,,Haßfurt,97437,DE267,DEU
58ff65ad-ad0d-43da-9705-373a3e18d3db,01,LOT-0000,Haßfurt,97437,DE267,DEU
cd3f20d9-6470-470f-9daa-4132a2932046,01,,Gunzenhausen,91710,DE25C,DEU
cd3f20d9-6470-470f-9daa-4132a2932046,01,PAR-0001,Gunzenhausen,91710,DE25C,DEU
43f1eed3-92c4-4888-a2ae-b1de0485dec9,01,,Schönebeck (Elbe),39218,DEE0C,DEU
43f1eed3-92c4-4888-a2ae-b1de0485dec9,01,LOT-0001,Schönebeck (Elbe),39218,DEE0C,DEU
43f1eed3-92c4-4888-a2ae-b1de0485dec9,01,LOT-0002,Schönebeck (Elbe),39218,DEE0C,DEU
cba98c7f-e41f-4ab9-81b8-7a3319fc583a,01,,,,DEA12,DEU
cba98c7f-e41f-4ab9-81b8-7a3319fc583a,01,LOT-0000,,,,DEU
c76203cb-e304-450e-ab70-f351183aeb21,01,,Dietzenbach,63128,DE71C,DEU
c76203cb-e304-450e-ab70-f351183aeb21,01,LOT-0000,Dietzenbach,63128,DE71C,DEU
c0a87660-19a6-44c1-bbc8-c7fec1c7615d,01,,,,DE94A,DEU
c0a87660-19a6-44c1-bbc8-c7fec1c7615d,01,LOT-0001,Friesland (De),,DE94A,DEU
c0a87660-19a6-44c1-bbc8-c7fec1c7615d,01,LOT-0002,Friesland (De),,DE94A,DEU
c0a87660-19a6-44c1-bbc8-c7fec1c7615d,01,LOT-0003,Friesland (De),,DE94A,DEU
43e6cc1d-3b21-45dd-9238-1a0c606cbdac,01,,Duisburg,47259,DEA12,DEU
43e6cc1d-3b21-45dd-9238-1a0c606cbdac,01,LOT-0001,Duisburg,47259,DEA12,DEU
6f3b35b2-71c9-4abb-a5de-426cf16e85d8,01,,,,,DEU
6f3b35b2-71c9-4abb-a5de-426cf16e85d8,01,LOT-0000,,,,DEU
81db0040-7ed0-434a-947e-7113d2568512,01,,,,DE943,DEU
81db0040-7ed0-434a-947e-7113d2568512,01,LOT-0001,,,DE943,DEU
7ee8c71e-6e5c-48b4-bbd0-68c027e3724d,01,,Bad Dürkheim,67269,DEB3C,DEU
7ee8c71e-6e5c-48b4-bbd0-68c027e3724d,01,LOT-0001,Bad Dürkheim,67269,DEB3C,DEU
252e2ba7-7660-4d37-a9f0-0247365d28f8,01,,Dienststellen Des Bayerischen Landesamts Für Umwelt,bayernweit,DE271,DEU
252e2ba7-7660-4d37-a9f0-0247365d28f8,01,LOT-0001,Dienststellen Des Bayerischen Landesamts Für Umwelt,bayernweit,DE271,DEU
252e2ba7-7660-4d37-a9f0-0247365d28f8,01,LOT-0002,Dienststellen Des Bayerischen Landesamts Für Umwelt,bayernweit,DE21N,DEU
252e2ba7-7660-4d37-a9f0-0247365d28f8,01,LOT-0003,Dienststellen Des Bayerischen Landesamts Für Umwelt,bayernweit,DE271,DEU
252e2ba7-7660-4d37-a9f0-0247365d28f8,01,LOT-0004,Dienststellen Des Bayerischen Landesamts Für Umwelt,bayernweit,DE24B,DEU
252e2ba7-7660-4d37-a9f0-0247365d28f8,01,LOT-0005,Dienststellen Des Bayerischen Landesamts Für Umwelt,bayernweit,DE244,DEU
252e2ba7-7660-4d37-a9f0-0247365d28f8,01,LOT-0006,Dienststellen Des Bayerischen Landesamts Für Umwelt,bayernweit,DE271,DEU
470072e8-59d4-460e-83d7-7ef747d9690f,01,,Rehden,49453,DE922,DEU
470072e8-59d4-460e-83d7-7ef747d9690f,01,LOT-0001,Rehden,49453,DE922,DEU
c3a9b49a-2f04-4f8c-8eb2-c8341bbafabe,01,,Manching,85077,DE21J,DEU
c3a9b49a-2f04-4f8c-8eb2-c8341bbafabe,01,LOT-0000,Manching,85077,DE21J,DEU
2339bde4-829b-43aa-b216-c75c2496c85f,01,,Rheine,,DEA37,DEU
2339bde4-829b-43aa-b216-c75c2496c85f,01,LOT-0001,Rheine,,DEA37,DEU
f543cff6-5e02-459b-9d43-6a78f2f61da8,01,,Bad Neuenahr-Ahrweiler,,DEB12,DEU
f543cff6-5e02-459b-9d43-6a78f2f61da8,01,LOT-0001,Bad Neuenahr-Ahrweiler,,DEB12,DEU
97e862d6-eeca-4870-8e35-1ec6806240b8,01,,Herzberg/Elster,04916,DE407,DEU
97e862d6-eeca-4870-8e35-1ec6806240b8,01,LOT-0001,Herzberg/Elster,04916,DE407,DEU
97e862d6-eeca-4870-8e35-1ec6806240b8,01,LOT-0002,Herzberg/Elster,04916,DE407,DEU
97e862d6-eeca-4870-8e35-1ec6806240b8,01,LOT-0003,Herzberg/Elster,04916,DE407,DEU
97e862d6-eeca-4870-8e35-1ec6806240b8,01,LOT-0004,Herzberg/Elster,04916,DE407,DEU
fae26baa-4795-4ee7-95a1-db6fa841d07a,01,,Potsdam Ot Groß Glienicke,14476,DE404,DEU
fae26baa-4795-4ee7-95a1-db6fa841d07a,01,LOT-0001,Potsdam Ot Groß Glienicke,14476,DE404,DEU
fae26baa-4795-4ee7-95a1-db6fa841d07a,01,LOT-0002,Potsdam Ot Groß Glienicke,14476,DE404,DEU
fae26baa-4795-4ee7-95a1-db6fa841d07a,01,LOT-0003,Potsdam Ot Groß Glienicke,14476,DE404,DEU
fae26baa-4795-4ee7-95a1-db6fa841d07a,01,LOT-0004,Potsdam Ot Groß Glienicke,14476,DE404,DEU
fae26baa-4795-4ee7-95a1-db6fa841d07a,01,LOT-0005,Potsdam Ot Groß Glienicke,14476,DE404,DEU
fae26baa-4795-4ee7-95a1-db6fa841d07a,01,LOT-0006,Potsdam Ot Groß Glienicke,14476,DE404,DEU
fae26baa-4795-4ee7-95a1-db6fa841d07a,01,LOT-0007,Potsdam Ot Groß Glienicke,14476,DE404,DEU
fae26baa-4795-4ee7-95a1-db6fa841d07a,01,LOT-0008,Potsdam Ot Groß Glienicke,14476,DE404,DEU
fae26baa-4795-4ee7-95a1-db6fa841d07a,01,LOT-0009,Potsdam Ot Groß Glienicke,14476,DE404,DEU
fae26baa-4795-4ee7-95a1-db6fa841d07a,01,LOT-0010,Potsdam Ot Groß Glienicke,14476,DE404,DEU
fae26baa-4795-4ee7-95a1-db6fa841d07a,01,LOT-0011,Potsdam Ot Groß Glienicke,14476,DE404,DEU
fae26baa-4795-4ee7-95a1-db6fa841d07a,01,LOT-0012,Potsdam Ot Groß Glienicke,14476,DE404,DEU
fae26baa-4795-4ee7-95a1-db6fa841d07a,01,LOT-0013,Potsdam Ot Groß Glienicke,14476,DE404,DEU
fae26baa-4795-4ee7-95a1-db6fa841d07a,01,LOT-0014,Potsdam Ot Groß Glienicke,14476,DE404,DEU
fae26baa-4795-4ee7-95a1-db6fa841d07a,01,LOT-0015,Potsdam Ot Groß Glienicke,14476,DE404,DEU
fae26baa-4795-4ee7-95a1-db6fa841d07a,01,LOT-0016,Potsdam Ot Groß Glienicke,14476,DE404,DEU
fae26baa-4795-4ee7-95a1-db6fa841d07a,01,LOT-0017,Potsdam Ot Groß Glienicke,14476,DE404,DEU
fae26baa-4795-4ee7-95a1-db6fa841d07a,01,LOT-0018,Potsdam Ot Groß Glienicke,14476,DE404,DEU
fae26baa-4795-4ee7-95a1-db6fa841d07a,01,LOT-0019,Potsdam Ot Groß Glienicke,14476,DE404,DEU
fae26baa-4795-4ee7-95a1-db6fa841d07a,01,LOT-0020,Potsdam Ot Groß Glienicke,14476,DE404,DEU
fae26baa-4795-4ee7-95a1-db6fa841d07a,01,LOT-0021,Potsdam Ot Groß Glienicke,14476,DE404,DEU
fae26baa-4795-4ee7-95a1-db6fa841d07a,01,LOT-0022,Potsdam Ot Groß Glienicke,14476,DE404,DEU
fae26baa-4795-4ee7-95a1-db6fa841d07a,01,LOT-0023,Potsdam Ot Groß Glienicke,14476,DE404,DEU
fae26baa-4795-4ee7-95a1-db6fa841d07a,01,LOT-0024,Potsdam Ot Groß Glienicke,14476,DE404,DEU
fae26baa-4795-4ee7-95a1-db6fa841d07a,01,LOT-0025,Potsdam Ot Groß Glienicke,14476,DE404,DEU
fae26baa-4795-4ee7-95a1-db6fa841d07a,01,LOT-0026,Potsdam Ot Groß Glienicke,14476,DE404,DEU
fae26baa-4795-4ee7-95a1-db6fa841d07a,01,LOT-0027,Potsdam Ot Groß Glienicke,14476,DE404,DEU
fae26baa-4795-4ee7-95a1-db6fa841d07a,01,LOT-0028,Potsdam Ot Groß Glienicke,14476,DE404,DEU
ad444921-a025-4950-b270-afc0dd34dd39,01,,Kressbronn A. B.,88079,DE147,DEU
ad444921-a025-4950-b270-afc0dd34dd39,01,LOT-0000,Kressbronn A. B.,88079,DE147,DEU
b86b2a2d-f22f-4843-9c9e-47873e5a5838,01,,Bremen,.,DE501,DEU
b86b2a2d-f22f-4843-9c9e-47873e5a5838,01,LOT-0000,Bremen,.,DE501,DEU
5d148dca-836a-4cbe-8ad5-ef933ebbaa3b,01,,European Union,000,DE300,DEU
5d148dca-836a-4cbe-8ad5-ef933ebbaa3b,01,,,,,BEL
5d148dca-836a-4cbe-8ad5-ef933ebbaa3b,01,LOT-0001,Baltic Sea / Germany,,DEZZZ,DEU
5d148dca-836a-4cbe-8ad5-ef933ebbaa3b,01,LOT-0002,Baltic Sea / Germany,,DEZZZ,DEU
5d148dca-836a-4cbe-8ad5-ef933ebbaa3b,01,LOT-0003,Baltic Sea / Germany,,DEZZZ,DEU
5d148dca-836a-4cbe-8ad5-ef933ebbaa3b,01,LOT-0004,Baltic Sea / Germany,,DEZZZ,DEU
5d148dca-836a-4cbe-8ad5-ef933ebbaa3b,01,LOT-0005,Baltic Sea / Germany,,DEZZZ,DEU
5d148dca-836a-4cbe-8ad5-ef933ebbaa3b,01,LOT-0006,Belgian Offshore Area / North Sea,1000,BE100,BEL
fddd9d32-d79e-4c0e-b40e-8d14b7ca2629,01,,Ulm,89073,DE144,DEU
fddd9d32-d79e-4c0e-b40e-8d14b7ca2629,01,LOT-0000,Ulm,89073,DE144,DEU
d4619e7b-8b9e-4a4f-a8e2-fa3fbe3dcb44,01,,Berlin,13409,DE300,DEU
d4619e7b-8b9e-4a4f-a8e2-fa3fbe3dcb44,01,LOT-0000,Berlin,13409,DE300,DEU
7b584af3-cd7a-4fa9-be87-2fa6755c77f4,01,,Rheine,,DEA37,DEU
7b584af3-cd7a-4fa9-be87-2fa6755c77f4,01,LOT-0001,Rheine,,DEA37,DEU
c4e11c05-c40c-401c-b0f0-a479f42067b7,01,,Braunschweig,38106,DE911,DEU
c4e11c05-c40c-401c-b0f0-a479f42067b7,01,LOT-0001,Braunschweig,38106,DE911,DEU
193c6052-b39c-4044-9fec-9669ee69dfd8,01,,Eschwege,37269,DE737,DEU
193c6052-b39c-4044-9fec-9669ee69dfd8,01,LOT-0000,Eschwege,37269,DE737,DEU
2e8cce13-269e-4558-8b56-8c992ec1e00b,01,,,,,
2e8cce13-269e-4558-8b56-8c992ec1e00b,01,LOT-0001,,,,
8ec97d74-8d96-4e6a-a0e8-c75d7647570b,01,,Region Mitte/ Süd/ Südwest/ West,D,DE212,DEU
8ec97d74-8d96-4e6a-a0e8-c75d7647570b,01,LOT-0001,Region Mitte,,DE212,DEU
8ec97d74-8d96-4e6a-a0e8-c75d7647570b,01,LOT-0002,Region Süd,D,DE212,DEU
8ec97d74-8d96-4e6a-a0e8-c75d7647570b,01,LOT-0003,Region Südwest,D,DE212,DEU
8ec97d74-8d96-4e6a-a0e8-c75d7647570b,01,LOT-0004,Region West,D,DE212,DEU
90f332ed-04ca-467f-9af8-5e6e8e9ac165,01,,Marburg,35039,DE724,DEU
90f332ed-04ca-467f-9af8-5e6e8e9ac165,01,LOT-0000,Marburg,35039,DE724,DEU
3c3b2519-5588-45d3-a0ca-9d0e5dada4ce,01,,Radebeul,01445,DED2E,DEU
3c3b2519-5588-45d3-a0ca-9d0e5dada4ce,01,LOT-0000,Radebeul,01445,DED2E,DEU
fe0bd50e-647d-4bce-916a-4be5863cb38a,01,,Krefeld,47805,DEA14,DEU
fe0bd50e-647d-4bce-916a-4be5863cb38a,01,PAR-0001,Krefeld,47805,DEA14,DEU
8bc44cd7-7b10-4f1d-84b6-c2b84c99bd77,01,,Berlin,10557,DE300,DEU
8bc44cd7-7b10-4f1d-84b6-c2b84c99bd77,01,LOT-0000,Berlin,10557,DE300,DEU
e9684303-556d-4be9-b2f7-525e90f7aa61,01,,Beckum,59269,DEA38,DEU
e9684303-556d-4be9-b2f7-525e90f7aa61,01,LOT-0001,Beckum,59269,DEA38,DEU
39451e83-34bc-4104-841d-204bcaf0bfb1,01,,Bad Neuenahr-Ahrweiler,,DEB12,DEU
39451e83-34bc-4104-841d-204bcaf0bfb1,01,LOT-0001,Bad Neuenahr-Ahrweiler,,DEB12,DEU
08738828-2406-4dee-b294-31c6c16f7568,01,,Dresden,01067,DED21,DEU
08738828-2406-4dee-b294-31c6c16f7568,01,LOT-0001,Dresden,01067,DED21,DEU
08738828-2406-4dee-b294-31c6c16f7568,01,LOT-0001,Dresden,01129,DED21,DEU
08738828-2406-4dee-b294-31c6c16f7568,01,LOT-0002,Dresden,01067,DED21,DEU
08738828-2406-4dee-b294-31c6c16f7568,01,LOT-0002,Dresden,01129,DED21,DEU
08738828-2406-4dee-b294-31c6c16f7568,01,LOT-0003,Dresden,01067,DED21,DEU
08738828-2406-4dee-b294-31c6c16f7568,01,LOT-0003,Dresden,01129,DED21,DEU
08738828-2406-4dee-b294-31c6c16f7568,01,LOT-0004,Dresden,01067,DED21,DEU
08738828-2406-4dee-b294-31c6c16f7568,01,LOT-0004,Dresden,01129,DED21,DEU
08738828-2406-4dee-b294-31c6c16f7568,01,LOT-0005,Dresden,01067,DED21,DEU
08738828-2406-4dee-b294-31c6c16f7568,01,LOT-0005,Dresden,01129,DED21,DEU
08738828-2406-4dee-b294-31c6c16f7568,01,LOT-0005,Görlitz,02826,DED2D,DEU
fffa5d0a-0257-4e98-b6e8-6a182061357d,01,,Schwerin,19053,DE804,DEU
fffa5d0a-0257-4e98-b6e8-6a182061357d,01,LOT-0001,Schwerin,19053,DE804,DEU
b6497276-a5eb-4c66-ac56-f86604960788,01,,Bochum,44866,DEA51,DEU
b6497276-a5eb-4c66-ac56-f86604960788,01,LOT-0001,Bochum,44866,DEA51,DEU
ca24ac0c-3c27-491e-a1e7-908958fd804d,01,,Rheine,,DEA37,DEU
ca24ac0c-3c27-491e-a1e7-908958fd804d,01,LOT-0001,Rheine,,DEA37,DEU
9847632d-4a97-4aaa-ad2a-30e63db92be3,01,,,,DEA22,DEU
9847632d-4a97-4aaa-ad2a-30e63db92be3,01,LOT-0000,,,DEA22,DEU
01a0a444-1c07-471e-b755-941f4becd2ee,01,,Riesa,01591,DED2E,DEU
01a0a444-1c07-471e-b755-941f4becd2ee,01,LOT-0001,Riesa,01591,DED2E,DEU
c5130c2b-46f7-4e0e-9809-68b19283cd29,01,,,,,
c5130c2b-46f7-4e0e-9809-68b19283cd29,01,LOT-0001,,,,
c5130c2b-46f7-4e0e-9809-68b19283cd29,01,LOT-0002,,,,
c5130c2b-46f7-4e0e-9809-68b19283cd29,01,LOT-0003,,,,
c5130c2b-46f7-4e0e-9809-68b19283cd29,01,LOT-0004,,,,
7267f9d3-1956-47a5-82d7-7d2d914a3ec0,01,,München,80333,DE212,DEU
7267f9d3-1956-47a5-82d7-7d2d914a3ec0,01,LOT-0001,München,80333,DE212,DEU
f38209f9-e539-4f4b-a401-83eb750ae9df,01,,Böblingen,71034,DE112,DEU
f38209f9-e539-4f4b-a401-83eb750ae9df,01,LOT-0001,Böblingen,71034,DE112,DEU
1594f91b-44f6-456a-a325-ad98833404bc,01,,Dietzenbach,63128,DE71B,DEU
1594f91b-44f6-456a-a325-ad98833404bc,01,LOT-0000,Dietzenbach,63128,DE71B,DEU
0430fc54-6625-452c-aaf0-0a8cbd97d010,01,,München,80687,DE212,DEU
0430fc54-6625-452c-aaf0-0a8cbd97d010,01,LOT-0001,München,80687,DE212,DEU
da4582b1-8a28-481e-83a6-878d3f239556,01,,Mainz,55116,DEB35,DEU
da4582b1-8a28-481e-83a6-878d3f239556,01,LOT-0001,Mainz,55116,DEB35,DEU
12d399d4-743f-4ef9-8d50-661c788e7327,01,,,,DE131,DEU
12d399d4-743f-4ef9-8d50-661c788e7327,01,LOT-0001,,,DE131,DEU
7ad430a7-26c5-4230-9ff4-1e948502c5e4,01,,,,DED21,DEU
7ad430a7-26c5-4230-9ff4-1e948502c5e4,01,LOT-0001,,,DED21,DEU
7ad430a7-26c5-4230-9ff4-1e948502c5e4,01,LOT-0002,,,DED21,DEU
7ad430a7-26c5-4230-9ff4-1e948502c5e4,01,LOT-0003,,,DED21,DEU
7ad430a7-26c5-4230-9ff4-1e948502c5e4,01,LOT-0004,,,DED21,DEU
7ad430a7-26c5-4230-9ff4-1e948502c5e4,01,LOT-0005,,,DED21,DEU
7ad430a7-26c5-4230-9ff4-1e948502c5e4,01,LOT-0006,,,DED21,DEU
7ad430a7-26c5-4230-9ff4-1e948502c5e4,01,LOT-0007,,,DED21,DEU
7ad430a7-26c5-4230-9ff4-1e948502c5e4,01,LOT-0008,,,DED21,DEU
7ad430a7-26c5-4230-9ff4-1e948502c5e4,01,LOT-0009,,,DED21,DEU
7ad430a7-26c5-4230-9ff4-1e948502c5e4,01,LOT-0010,,,DED21,DEU
7ad430a7-26c5-4230-9ff4-1e948502c5e4,01,LOT-0011,,,DED21,DEU
7ad430a7-26c5-4230-9ff4-1e948502c5e4,01,LOT-0012,,,DED21,DEU
7ad430a7-26c5-4230-9ff4-1e948502c5e4,01,LOT-0013,,,DED21,DEU
7ad430a7-26c5-4230-9ff4-1e948502c5e4,01,LOT-0014,,,DED21,DEU
7ad430a7-26c5-4230-9ff4-1e948502c5e4,01,LOT-0015,,,DED21,DEU
7ad430a7-26c5-4230-9ff4-1e948502c5e4,01,LOT-0016,,,DED21,DEU
7ad430a7-26c5-4230-9ff4-1e948502c5e4,01,LOT-0017,,,DED21,DEU
7ad430a7-26c5-4230-9ff4-1e948502c5e4,01,LOT-0018,,,DED21,DEU
7ad430a7-26c5-4230-9ff4-1e948502c5e4,01,LOT-0019,,,DED21,DEU
7ad430a7-26c5-4230-9ff4-1e948502c5e4,01,LOT-0020,,,DED21,DEU
7ad430a7-26c5-4230-9ff4-1e948502c5e4,01,LOT-0021,,,DED21,DEU
dc92350b-924f-472a-8ea4-53cee8ca4be7,01,,,,DE21K,DEU
dc92350b-924f-472a-8ea4-53cee8ca4be7,01,LOT-0001,,,DE21K,DEU
0ae13d17-8a39-4471-8be3-4cd0f7b60d7f,01,,Visbek,49429,DE94F,DEU
0ae13d17-8a39-4471-8be3-4cd0f7b60d7f,01,LOT-0000,Visbek,49429,DE94F,DEU
47e9847c-09f7-46c9-8624-15b5de8a8f62,01,,Schönebeck (Elbe),39218,DEE0C,DEU
47e9847c-09f7-46c9-8624-15b5de8a8f62,01,LOT-0001,Schönebeck (Elbe),39218,DEE0C,DEU
47e9847c-09f7-46c9-8624-15b5de8a8f62,01,LOT-0002,Schönebeck (Elbe),39218,DEE0C,DEU
e6363aeb-0f90-4733-b245-4001b55ec7e6,01,,Neustadt - Glewe,19306,DE80O,DEU
e6363aeb-0f90-4733-b245-4001b55ec7e6,01,LOT-0001,Neustadt - Glewe,19306,DE80O,DEU
8ddab506-cf1b-4137-8c4e-d9def6330a29,01,,,,,DEU
8ddab506-cf1b-4137-8c4e-d9def6330a29,01,LOT-0000,,,,DEU
e2adf39c-21d6-4694-b513-9f76df32f968,01,,,,,DEU
e2adf39c-21d6-4694-b513-9f76df32f968,01,LOT-0000,,,,DEU
dbcf653b-8029-4098-a109-9b62fa738deb,01,,Eichstätt,85072,DE219,DEU
dbcf653b-8029-4098-a109-9b62fa738deb,01,LOT-0000,Eichstätt,85072,DE219,DEU
d18415b2-37c4-4bb8-bca6-73e36fa44adf,01,,Hamburg,22453,DE600,DEU
d18415b2-37c4-4bb8-bca6-73e36fa44adf,01,LOT-0001,Hamburg,22453,DE600,DEU
de39d29e-8132-47bb-a227-fe06507d0371,01,,Dortmund,,DEA52,DEU
de39d29e-8132-47bb-a227-fe06507d0371,01,LOT-0001,Dortmund,,DEA52,DEU
763c3a53-9692-49bb-add0-43db1fd0f91d,01,,München,81667,DE212,DEU
763c3a53-9692-49bb-add0-43db1fd0f91d,01,LOT-0001,München,81667,DE212,DEU
810e6512-9092-4f9a-a6ab-93befebd7864,01,,Darmstadt,64291,DE711,DEU
810e6512-9092-4f9a-a6ab-93befebd7864,01,LOT-0001,Darmstadt,64291,DE711,DEU
d29a2896-ac0d-4e81-87ca-6bca68477b0e,01,,Greifswald,,DE80N,DEU
d29a2896-ac0d-4e81-87ca-6bca68477b0e,01,LOT-0001,Greifswald,,DE80N,DEU
69f42806-87d3-4f16-88fb-96f6bdee1dc0,01,,,,,TGO
69f42806-87d3-4f16-88fb-96f6bdee1dc0,01,LOT-0001,,,,TGO
6b0f4674-e061-4675-a513-14d54862e182,01,,Forst (Lausitz),03149,DE40G,DEU
6b0f4674-e061-4675-a513-14d54862e182,01,LOT-0001,Forst (Lausitz),03149,DE40G,DEU
95906661-a883-4219-9c5f-e89d254ce70b,01,,Sangerhausen,06526,DEE0A,DEU
95906661-a883-4219-9c5f-e89d254ce70b,01,LOT-0001,Sangerhausen,06526,DEE0A,DEU
f9402825-f213-40c8-8453-1ad29277d8f7,01,,Heuchelheim,35452,DE721,DEU
f9402825-f213-40c8-8453-1ad29277d8f7,01,LOT-0000,Heuchelheim,35452,DE721,DEU
8af347ed-e0b4-414f-8662-44a1be1556e0,01,,Rheine,,DEA37,DEU
8af347ed-e0b4-414f-8662-44a1be1556e0,01,LOT-0001,Rheine,,DEA37,DEU
06d24af2-412b-48d0-b33c-74005b9380fe,01,,,,DEA11,DEU
06d24af2-412b-48d0-b33c-74005b9380fe,01,LOT-0001,,,DEA11,DEU
9506b95b-d588-4533-82ec-3e555f728b64,01,,Weissenhorn,89264,DE279,DEU
9506b95b-d588-4533-82ec-3e555f728b64,01,LOT-0001,Weissenhorn,89264,DE279,DEU
9506b95b-d588-4533-82ec-3e555f728b64,01,LOT-0002,Weissenhorn,89264,DE279,DEU
9506b95b-d588-4533-82ec-3e555f728b64,01,LOT-0003,Weissenhorn,89264,DE279,DEU
9506b95b-d588-4533-82ec-3e555f728b64,01,LOT-0004,Weissenhorn,89264,DE279,DEU
9506b95b-d588-4533-82ec-3e555f728b64,01,LOT-0005,Weissenhorn,89264,DE279,DEU
20133507-4613-4ebd-95da-8a2f57f0d895,01,,Rosenheim,83022,DE213,DEU
20133507-4613-4ebd-95da-8a2f57f0d895,01,LOT-0001,Rosenheim,83022,DE213,DEU
6022c182-3498-4ed0-9f3e-56e8ed37b231,01,,Frankfurt Am Main,60327,DE712,DEU
6022c182-3498-4ed0-9f3e-56e8ed37b231,01,LOT-0000,Frankfurt Am Main,60327,DE712,DEU
de65c969-dd52-4814-9c62-5b1b54856a7a,01,,Fulda,36037,DE732,DEU
de65c969-dd52-4814-9c62-5b1b54856a7a,01,LOT-0000,Fulda,36037,DE732,DEU
de65c969-dd52-4814-9c62-5b1b54856a7a,01,LOT-0000,Fulda,36039,DE732,DEU
de65c969-dd52-4814-9c62-5b1b54856a7a,01,LOT-0000,Hanau,63450,DE719,DEU
de65c969-dd52-4814-9c62-5b1b54856a7a,01,LOT-0000,Kassel,34127,DE731,DEU
de65c969-dd52-4814-9c62-5b1b54856a7a,01,LOT-0000,Kassel,34117,DE731,DEU
b8978155-5df0-4743-a47b-17b326208f78,01,,Frankfurt Am Main,60329,DE712,DEU
b8978155-5df0-4743-a47b-17b326208f78,01,LOT-0001,Frankfurt Am Main,60329,DE712,DEU
0cd5762f-6d15-42d5-bb02-89240c990c72,01,,Chemnitz,09126,DED41,DEU
0cd5762f-6d15-42d5-bb02-89240c990c72,01,LOT-0001,Chemnitz,09126,DED41,DEU
0cd5762f-6d15-42d5-bb02-89240c990c72,01,LOT-0002,Chemnitz,09126,DED41,DEU
638de82a-f853-4b99-b7f6-276f72d8f122,01,,Bergheim,50126,DEA27,DEU
638de82a-f853-4b99-b7f6-276f72d8f122,01,LOT-0001,Bergheim,50126,DEA27,DEU
8850e2ed-8211-4877-8ce3-ab6cabf3515f,01,,Leverkusen,51379,DEA24,DEU
8850e2ed-8211-4877-8ce3-ab6cabf3515f,01,LOT-0001,Leverkusen,51379,DEA24,DEU
625720a2-3dcb-4a88-b391-48aa63d0a10f,01,,Bochum,44807,DEA51,DEU
625720a2-3dcb-4a88-b391-48aa63d0a10f,01,LOT-0001,Bochum,44807,DEA51,DEU
dd8c3ec5-5ab2-46cc-b703-5ad9f5ae6000,01,,Gelnhausen,63571,DE719,DEU
dd8c3ec5-5ab2-46cc-b703-5ad9f5ae6000,01,LOT-0001,Gelnhausen,63571,DE719,DEU
d86840df-3303-4c19-a3d3-777ee6813b73,01,,Hilpoltstein,91161,DE25B,DEU
d86840df-3303-4c19-a3d3-777ee6813b73,01,LOT-0000,Hilpoltstein,91161,DE25B,DEU
a72e859e-1800-4833-813a-9247ffdf31e7,01,,Stuttgart,70629,DE113,DEU
a72e859e-1800-4833-813a-9247ffdf31e7,01,LOT-0001,Stuttgart,70629,DE113,DEU
49715446-c1da-4691-9ef4-4f898af7c008,01,,Saarbrücken,66111,DEC01,DEU
49715446-c1da-4691-9ef4-4f898af7c008,01,LOT-0000,Saarbrücken,66111,DEC01,DEU
4c8b8d25-5ca8-4a24-af95-19a6f5a0b651,01,,München,81737,DE212,DEU
4c8b8d25-5ca8-4a24-af95-19a6f5a0b651,01,LOT-0000,München,81737,DE212,DEU
d617515d-c861-42af-a1db-efb077422ddd,01,,Potsdam,14473,DE404,DEU
d617515d-c861-42af-a1db-efb077422ddd,01,LOT-0001,Potsdam,14473,DE404,DEU
48ad93c1-a5ef-48ec-b699-689d0bc29a11,01,,Bochum,,DEA51,DEU
48ad93c1-a5ef-48ec-b699-689d0bc29a11,01,LOT-0001,Bochum,,DEA51,DEU
8eece87c-c8ed-4c58-8424-4bfc2e480153,01,,Hamburg,20095,DE600,DEU
8eece87c-c8ed-4c58-8424-4bfc2e480153,01,LOT-0001,Hamburg,20095,DE600,DEU
a01b6767-8cce-49dc-b347-29b2254182ba,01,,Berlin,13407,DE300,DEU
a01b6767-8cce-49dc-b347-29b2254182ba,01,LOT-0001,Berlin,13407,DE300,DEU
a01b6767-8cce-49dc-b347-29b2254182ba,01,LOT-0002,Berlin,13407,DE300,DEU
a01b6767-8cce-49dc-b347-29b2254182ba,01,LOT-0003,Berlin,13407,DE300,DEU
ea0e049a-a32c-4310-aeb3-6f1f61ea8b6c,01,,München,80335,DE212,DEU
ea0e049a-a32c-4310-aeb3-6f1f61ea8b6c,01,LOT-0001,München,80335,DE212,DEU
2f3259ec-494a-445b-8973-8e88ea4d982b,01,,Lauda-Königshofen,97922,DE11B,DEU
2f3259ec-494a-445b-8973-8e88ea4d982b,01,LOT-0000,Lauda-Königshofen,97922,DE11B,DEU
5d629036-f05a-4442-bf94-3393a3cbddba,01,,,,DE600,DEU
5d629036-f05a-4442-bf94-3393a3cbddba,01,LOT-0001,,,DE600,DEU
5d629036-f05a-4442-bf94-3393a3cbddba,01,LOT-0002,,,DE600,DEU
8d4a29da-6d95-436d-a0f7-26429bbf0f10,01,,Schönefeld,12529,DE406,DEU
8d4a29da-6d95-436d-a0f7-26429bbf0f10,01,LOT-0001,Schönefeld,12529,DE406,DEU
8d4a29da-6d95-436d-a0f7-26429bbf0f10,01,LOT-0002,Schönefeld,12529,DE406,DEU
8d4a29da-6d95-436d-a0f7-26429bbf0f10,01,LOT-0003,Schönefeld,12529,DE406,DEU
ec8e8be2-d6eb-4729-8d2d-09bbef6c68a8,01,,Borken,46325,DEA34,DEU
ec8e8be2-d6eb-4729-8d2d-09bbef6c68a8,01,,Ahaus,48683,DEA34,DEU
ec8e8be2-d6eb-4729-8d2d-09bbef6c68a8,01,,Gescher,48712,DEA34,DEU
ec8e8be2-d6eb-4729-8d2d-09bbef6c68a8,01,,Gronau,48599,DEA34,DEU
ec8e8be2-d6eb-4729-8d2d-09bbef6c68a8,01,,Heek,48619,DEA34,DEU
ec8e8be2-d6eb-4729-8d2d-09bbef6c68a8,01,,Isselburg,46419,DEA34,DEU
ec8e8be2-d6eb-4729-8d2d-09bbef6c68a8,01,,Reken,48734,DEA34,DEU
ec8e8be2-d6eb-4729-8d2d-09bbef6c68a8,01,,Schöppingen,48624,DEA34,DEU
ec8e8be2-d6eb-4729-8d2d-09bbef6c68a8,01,,Stadtlohn,48703,DEA34,DEU
ec8e8be2-d6eb-4729-8d2d-09bbef6c68a8,01,,Südlohn,46354,DEA34,DEU
ec8e8be2-d6eb-4729-8d2d-09bbef6c68a8,01,,Vreden,48691,DEA34,DEU
ec8e8be2-d6eb-4729-8d2d-09bbef6c68a8,01,LOT-0001,Borken,46325,DEA34,DEU
ec8e8be2-d6eb-4729-8d2d-09bbef6c68a8,01,LOT-0001,Ahaus,48683,DEA34,DEU
ec8e8be2-d6eb-4729-8d2d-09bbef6c68a8,01,LOT-0001,Gescher,48712,DEA34,DEU
ec8e8be2-d6eb-4729-8d2d-09bbef6c68a8,01,LOT-0001,Gronau,48599,DEA34,DEU
ec8e8be2-d6eb-4729-8d2d-09bbef6c68a8,01,LOT-0001,Heek,48619,DEA34,DEU
ec8e8be2-d6eb-4729-8d2d-09bbef6c68a8,01,LOT-0001,Isselburg,46419,DEA34,DEU
ec8e8be2-d6eb-4729-8d2d-09bbef6c68a8,01,LOT-0001,Reken,48734,DEA34,DEU
ec8e8be2-d6eb-4729-8d2d-09bbef6c68a8,01,LOT-0001,Schöppingen,48624,DEA34,DEU
ec8e8be2-d6eb-4729-8d2d-09bbef6c68a8,01,LOT-0001,Stadtlohn,48703,DEA34,DEU
ec8e8be2-d6eb-4729-8d2d-09bbef6c68a8,01,LOT-0001,Südlohn,46354,DEA34,DEU
ec8e8be2-d6eb-4729-8d2d-09bbef6c68a8,01,LOT-0001,Vreden,48691,DEA34,DEU
bcc8ba50-6f9a-4203-b1b0-8e47f17b1d21,01,,Oelde,59302,DEA38,DEU
bcc8ba50-6f9a-4203-b1b0-8e47f17b1d21,01,LOT-0001,Oelde,59302,DEA38,DEU
443b1f65-33e9-470e-a0d4-bdfbe75a3894,01,,Idar-Oberstein,55743,DEB15,DEU
443b1f65-33e9-470e-a0d4-bdfbe75a3894,01,LOT-0001,Frankfurt,60487,DE712,DEU
443b1f65-33e9-470e-a0d4-bdfbe75a3894,01,LOT-0002,Pfungstadt,64319,DE716,DEU
58eb916b-42e7-4bae-a968-f2441fbbdf8e,01,,Heidelberg,,DE125,DEU
58eb916b-42e7-4bae-a968-f2441fbbdf8e,01,LOT-0001,Heidelberg,,DE125,DEU
5b4b6b5d-0392-497a-9434-6a4c80f1c9ed,01,,Pirna,01796,DED2F,DEU
5b4b6b5d-0392-497a-9434-6a4c80f1c9ed,01,LOT-0000,Pirna,01796,DED2F,DEU
6567e7d7-a73f-4743-95cc-1d79924e3da6,01,,Dresden,01157,DED21,DEU
6567e7d7-a73f-4743-95cc-1d79924e3da6,01,LOT-0001,Dresden,01157,DED21,DEU
fd32bf75-380b-4526-8219-1452e28c6aab,01,,Leipzig,04103,DED51,DEU
fd32bf75-380b-4526-8219-1452e28c6aab,01,LOT-0000,Leipzig,04103,DED51,DEU
6f53dfab-2e5b-4d3c-8c90-51b0e179ed28,01,,München,80687,DE212,DEU
6f53dfab-2e5b-4d3c-8c90-51b0e179ed28,01,LOT-0001,München,80687,DE212,DEU
6f53dfab-2e5b-4d3c-8c90-51b0e179ed28,01,LOT-0002,München,80687,DE212,DEU
455f167a-a4f5-4731-9358-f35e7a72bbd8,01,,Halle (Saale),06120,DEE02,DEU
455f167a-a4f5-4731-9358-f35e7a72bbd8,01,LOT-0001,Halle (Saale),06120,DEE02,DEU
c1420ad3-d5ad-45b3-aebd-ed9669ffe8fa,01,,Püttlingen,66346,DEC01,DEU
c1420ad3-d5ad-45b3-aebd-ed9669ffe8fa,01,LOT-0001,Püttlingen,66346,DEC01,DEU
d2d48dc2-f531-4bcd-999c-62b90579b79f,01,,Gelsenkirchen,45891,DEA32,DEU
d2d48dc2-f531-4bcd-999c-62b90579b79f,01,LOT-0001,Gelsenkirchen,45891,DEA32,DEU
d2d48dc2-f531-4bcd-999c-62b90579b79f,01,LOT-0002,Gelsenkirchen,45891,DEA32,DEU
d2d48dc2-f531-4bcd-999c-62b90579b79f,01,LOT-0003,Gelsenkirchen,45891,DEA32,DEU
d2d48dc2-f531-4bcd-999c-62b90579b79f,01,LOT-0004,Gelsenkirchen,45891,DEA32,DEU
915313db-1a99-4a68-802f-f0707033240b,01,,Halle (Saale),06122,DEE02,DEU
915313db-1a99-4a68-802f-f0707033240b,01,LOT-0000,Halle (Saale),06122,DEE02,DEU
ed6675ff-7b24-4be8-8fe8-77d6714633f2,01,,Pfarrkirchen,84347,DE22A,DEU
ed6675ff-7b24-4be8-8fe8-77d6714633f2,01,LOT-0001,Pfarrkirchen,84347,DE22A,DEU
326d396e-a357-4ff6-8360-829eeff56814,01,,Gießen,35398,DE721,DEU
326d396e-a357-4ff6-8360-829eeff56814,01,LOT-0000,Gießen,35398,DE721,DEU
4214b1f1-d072-4fe2-86a9-354f62166769,01,,Nidda,63667,DE71E,DEU
4214b1f1-d072-4fe2-86a9-354f62166769,01,LOT-0000,Nidda,63667,DE71E,DEU
5bb66845-fee5-49e6-b2c8-f3077fa3ed32,01,,Stuttgart,70629,DE113,DEU
5bb66845-fee5-49e6-b2c8-f3077fa3ed32,01,LOT-0001,Stuttgart,70629,DE113,DEU
5efadda4-49d5-4acd-b026-868aa4239f3f,01,,Rheine,,DEA37,DEU
5efadda4-49d5-4acd-b026-868aa4239f3f,01,LOT-0001,Rheine,,DEA37,DEU
2ab32f0d-71a0-48ea-b7ce-574864ea9f96,01,,Bad Neuenahr-Ahrweiler,,DEB12,DEU
2ab32f0d-71a0-48ea-b7ce-574864ea9f96,01,LOT-0001,Bad Neuenahr-Ahrweiler,,DEB12,DEU
19567368-13c7-4717-8adf-135ddae9aea6,01,,"Strecke 6100 Hamburg - Berlin, Abschnitt Hamburg Rothenburgsort(E)–Büchen(E)",20537,DE600,DEU
19567368-13c7-4717-8adf-135ddae9aea6,01,LOT-0001,"Strecke 6100 Hamburg - Berlin, Abschnitt Hamburg Rothenburgsort(E)–Büchen(E)",20537,DE600,DEU
a6cbee04-9b79-44b1-bc02-954157bf1acc,01,,,,DE40H,DEU
a6cbee04-9b79-44b1-bc02-954157bf1acc,01,LOT-0001,,,DE40H,DEU
5262ea32-c945-4313-b24a-e1dc8ce0c833,01,,,,DEA1C,DEU
5262ea32-c945-4313-b24a-e1dc8ce0c833,01,LOT-0001,,,DEA1C,DEU
5262ea32-c945-4313-b24a-e1dc8ce0c833,01,LOT-0002,,,DEA1C,DEU
c02d75ff-4f73-41c3-8746-ab67f279f46b,01,,Bonn,53123,DEA22,DEU
c02d75ff-4f73-41c3-8746-ab67f279f46b,01,LOT-0001,Bonn,53123,DEA22,DEU
9c21c7b4-fd30-4a13-b41c-fd92aa83e5f8,01,,Frankfurt (Oder),15234,DE403,DEU
9c21c7b4-fd30-4a13-b41c-fd92aa83e5f8,01,LOT-0001,Frankfurt (Oder),15234,DE403,DEU
9c21c7b4-fd30-4a13-b41c-fd92aa83e5f8,01,LOT-0002,Frankfurt (Oder),15234,DE403,DEU
325cac3c-ba5f-4058-8524-ec5a6b5562c7,01,,Weil Am Rhein,79576,DE139,DEU
325cac3c-ba5f-4058-8524-ec5a6b5562c7,01,LOT-0001,Weil Am Rhein,79576,DE139,DEU
4466d3d1-354c-4dfd-80f1-470c81110cc7,01,,Rheine,,DEA37,DEU
4466d3d1-354c-4dfd-80f1-470c81110cc7,01,LOT-0001,Rheine,,DEA37,DEU
a450274a-fe7c-4dc9-99e0-a78b2904e3dd,01,,Bonn,,DEA22,DEU
a450274a-fe7c-4dc9-99e0-a78b2904e3dd,01,LOT-0001,Bonn,,DEA22,DEU
d9ab1893-476e-41db-ad82-62adfc75f439,01,,Mainz-Kostheim,55246,DE714,DEU
d9ab1893-476e-41db-ad82-62adfc75f439,01,LOT-0000,Mainz-Kostheim,55246,DE714,DEU
1cbc2be9-77e9-4ffa-9a20-800fad6e93c3,01,,Halle (Saale),06124,DEE02,DEU
1cbc2be9-77e9-4ffa-9a20-800fad6e93c3,01,LOT-0000,Halle (Saale),06124,DEE02,DEU
a5a8d359-ffca-4d30-8c7f-1be5e578381a,01,,Bonn,53113,DEA22,DEU
a5a8d359-ffca-4d30-8c7f-1be5e578381a,01,LOT-0000,Bonn,53113,DEA22,DEU
cbc38ace-ae5a-48fb-826f-0e56e65dcf44,01,,Hamburg,21129,DE600,DEU
cbc38ace-ae5a-48fb-826f-0e56e65dcf44,01,LOT-0000,Hamburg,21129,DE600,DEU
cc2d829a-34b8-48aa-a872-94a33787ac01,01,,Hamburg,21033,DE600,DEU
cc2d829a-34b8-48aa-a872-94a33787ac01,01,LOT-0001,Hamburg,21033,DE600,DEU
722a34d1-9a70-44a5-b131-3aa7cecb3bf0,01,,Saarbrücken,66111,DEC01,DEU
722a34d1-9a70-44a5-b131-3aa7cecb3bf0,01,LOT-0001,Saarbrücken,66125 und 66130,DEC01,DEU
722a34d1-9a70-44a5-b131-3aa7cecb3bf0,01,LOT-0002,Saarbrücken,66111 und 66117,DEC01,DEU
9826794f-f8d4-41f5-94ae-1471d8dd3eaf,01,,Kiel,24161,DEF0B,DEU
9826794f-f8d4-41f5-94ae-1471d8dd3eaf,01,LOT-0001,Kiel,24161,DEF0B,DEU
2cd44b0b-edc9-4120-b18a-2d8c35a43d9a,01,,Dortmund,44227,DEA52,DEU
2cd44b0b-edc9-4120-b18a-2d8c35a43d9a,01,LOT-0001,Dortmund,44227,DEA52,DEU
af662d6d-6dd9-47a9-b947-69930e5be98a,01,,Ou Salzkotten,,DEA47,DEU
af662d6d-6dd9-47a9-b947-69930e5be98a,01,LOT-0001,Ou Salzkotten,,DEA47,DEU
76a4abec-70c6-4ed9-84f2-9cc496ac0c8d,01,,Hamburg,HH,DEF03,DEU
76a4abec-70c6-4ed9-84f2-9cc496ac0c8d,01,LOT-0001,Hamburg,HH,DEF03,DEU
09b85bf3-4637-4ffe-b72a-f4a851f18c50,01,,Lauda-Königshofen,97922,DE11B,DEU
09b85bf3-4637-4ffe-b72a-f4a851f18c50,01,LOT-0000,Lauda-Königshofen,97922,DE11B,DEU
b8ee89a5-dff2-4f48-8e18-3179c15c7176,01,,Stuttgart,70376,DE111,DEU
b8ee89a5-dff2-4f48-8e18-3179c15c7176,01,LOT-0000,Stuttgart,70376,DE111,DEU
f913dfbe-62c2-4805-8fe3-57bcb9b041c4,01,,Eggenstein-Leopoldshafen,76344,DE123,DEU
f913dfbe-62c2-4805-8fe3-57bcb9b041c4,01,,Karlsruhe,76131,DE122,DEU
f913dfbe-62c2-4805-8fe3-57bcb9b041c4,01,LOT-0001,Eggenstein-Leopoldshafen,76344,DE123,DEU
f913dfbe-62c2-4805-8fe3-57bcb9b041c4,01,LOT-0001,Karlsruhe,76131,DE122,DEU
508ca28a-585d-4af7-ae3e-01f3b25617b3,01,,,,,
508ca28a-585d-4af7-ae3e-01f3b25617b3,01,LOT-0001,,,,
508ca28a-585d-4af7-ae3e-01f3b25617b3,01,LOT-0002,Zöllnitz,07751,DEG0J,DEU
b96be751-fb7a-4b0e-8c51-95cf2f0b6932,01,,Hürth,50357,DEA27,DEU
b96be751-fb7a-4b0e-8c51-95cf2f0b6932,01,,Stuttgart,70190,DE111,DEU
b96be751-fb7a-4b0e-8c51-95cf2f0b6932,01,,Bergen,18528,DE80L,DEU
b96be751-fb7a-4b0e-8c51-95cf2f0b6932,01,,Cottbus,03048,DE402,DEU
b96be751-fb7a-4b0e-8c51-95cf2f0b6932,01,,Dresden,01307,DED21,DEU
b96be751-fb7a-4b0e-8c51-95cf2f0b6932,01,,Lübeck,23560,DEF03,DEU
b96be751-fb7a-4b0e-8c51-95cf2f0b6932,01,,Hof,95032,DE244,DEU
b96be751-fb7a-4b0e-8c51-95cf2f0b6932,01,,Pegnitz,91257,DE246,DEU
b96be751-fb7a-4b0e-8c51-95cf2f0b6932,01,,Kremmen,16766,DE40A,DEU
b96be751-fb7a-4b0e-8c51-95cf2f0b6932,01,,Berlin,10365,DE300,DEU
b96be751-fb7a-4b0e-8c51-95cf2f0b6932,01,,Düsseldorf,40625,DEA11,DEU
b96be751-fb7a-4b0e-8c51-95cf2f0b6932,01,,Duisburg,47055,DEA12,DEU
b96be751-fb7a-4b0e-8c51-95cf2f0b6932,01,,Hameln,31785,DE923,DEU
b96be751-fb7a-4b0e-8c51-95cf2f0b6932,01,,Hoyerswerda,02977,DED2C,DEU
b96be751-fb7a-4b0e-8c51-95cf2f0b6932,01,,Lübben,15907,DE406,DEU
b96be751-fb7a-4b0e-8c51-95cf2f0b6932,01,,Schwarzenbruck,90592,DE259,DEU
b96be751-fb7a-4b0e-8c51-95cf2f0b6932,01,,Cham,93413,DE235,DEU
b96be751-fb7a-4b0e-8c51-95cf2f0b6932,01,,Wismar,23966,DE80M,DEU
b96be751-fb7a-4b0e-8c51-95cf2f0b6932,01,,Radevormwald,42477,DEA2A,DEU
b96be751-fb7a-4b0e-8c51-95cf2f0b6932,01,,Biberach,88400,DE146,DEU
b96be751-fb7a-4b0e-8c51-95cf2f0b6932,01,,Offenbach,63069,DE713,DEU
b96be751-fb7a-4b0e-8c51-95cf2f0b6932,01,,Borna,04552,DED52,DEU
b96be751-fb7a-4b0e-8c51-95cf2f0b6932,01,,Köln,50933,DEA23,DEU
b96be751-fb7a-4b0e-8c51-95cf2f0b6932,01,,München,81369,DEA18,DEU
b96be751-fb7a-4b0e-8c51-95cf2f0b6932,01,,Remscheid,42853,DEA18,DEU
b96be751-fb7a-4b0e-8c51-95cf2f0b6932,01,,Hohenfelde,18209,DE80K,DEU
b96be751-fb7a-4b0e-8c51-95cf2f0b6932,01,,Woltersdorf,15569,DE40C,DEU
b96be751-fb7a-4b0e-8c51-95cf2f0b6932,01,,Elmshorn,25337,DEF09,DEU
b96be751-fb7a-4b0e-8c51-95cf2f0b6932,01,,Senftenberg,01968,DE40B,DEU
b96be751-fb7a-4b0e-8c51-95cf2f0b6932,01,,Ismaning,85737,DE21H,DEU
b96be751-fb7a-4b0e-8c51-95cf2f0b6932,01,,Templin,17268,DE40I,DEU
b96be751-fb7a-4b0e-8c51-95cf2f0b6932,01,,Berlin,14055,DE300,DEU
b96be751-fb7a-4b0e-8c51-95cf2f0b6932,01,,Coburg,96450,DE243,DEU
b96be751-fb7a-4b0e-8c51-95cf2f0b6932,01,,Neustadt Bei Coburg,96465,DE247,DEU
b96be751-fb7a-4b0e-8c51-95cf2f0b6932,01,,Lichtenfels,96215,DE24C,DEU
b96be751-fb7a-4b0e-8c51-95cf2f0b6932,01,,Wurzen,04808,DED52,DEU
b96be751-fb7a-4b0e-8c51-95cf2f0b6932,01,,Berlin,13086,DE300,DEU
b96be751-fb7a-4b0e-8c51-95cf2f0b6932,01,,Duisburg,47053,DEA12,DEU
b96be751-fb7a-4b0e-8c51-95cf2f0b6932,01,,Remscheid,42859,DEA18,DEU
b96be751-fb7a-4b0e-8c51-95cf2f0b6932,01,LOT-0001,Hürth,50357,DEA27,DEU
b96be751-fb7a-4b0e-8c51-95cf2f0b6932,01,LOT-0001,Stuttgart,70190,DE111,DEU
b96be751-fb7a-4b0e-8c51-95cf2f0b6932,01,LOT-0001,Bergen,18528,DE80L,DEU
b96be751-fb7a-4b0e-8c51-95cf2f0b6932,01,LOT-0001,Cottbus,03048,DE402,DEU
b96be751-fb7a-4b0e-8c51-95cf2f0b6932,01,LOT-0001,Dresden,01307,DED21,DEU
b96be751-fb7a-4b0e-8c51-95cf2f0b6932,01,LOT-0001,Lübeck,23560,DEF03,DEU
b96be751-fb7a-4b0e-8c51-95cf2f0b6932,01,LOT-0001,Hof,95032,DE244,DEU
b96be751-fb7a-4b0e-8c51-95cf2f0b6932,01,LOT-0001,Pegnitz,91257,DE246,DEU
b96be751-fb7a-4b0e-8c51-95cf2f0b6932,01,LOT-0001,Kremmen,16766,DE40A,DEU
b96be751-fb7a-4b0e-8c51-95cf2f0b6932,01,LOT-0001,Berlin,10365,DE300,DEU
b96be751-fb7a-4b0e-8c51-95cf2f0b6932,01,LOT-0001,Düsseldorf,40625,DEA11,DEU
b96be751-fb7a-4b0e-8c51-95cf2f0b6932,01,LOT-0001,Duisburg,47055,DEA12,DEU
b96be751-fb7a-4b0e-8c51-95cf2f0b6932,01,LOT-0001,Hameln,31785,DE923,DEU
b96be751-fb7a-4b0e-8c51-95cf2f0b6932,01,LOT-0001,Hoyerswerda,02977,DED2C,DEU
b96be751-fb7a-4b0e-8c51-95cf2f0b6932,01,LOT-0001,Lübben,15907,DE406,DEU
b96be751-fb7a-4b0e-8c51-95cf2f0b6932,01,LOT-0001,Schwarzenbruck,90592,DE259,DEU
b96be751-fb7a-4b0e-8c51-95cf2f0b6932,01,LOT-0001,Cham,93413,DE235,DEU
b96be751-fb7a-4b0e-8c51-95cf2f0b6932,01,LOT-0001,Wismar,23966,DE80M,DEU
b96be751-fb7a-4b0e-8c51-95cf2f0b6932,01,LOT-0001,Radevormwald,42477,DEA2A,DEU
b96be751-fb7a-4b0e-8c51-95cf2f0b6932,01,LOT-0001,Biberach,88400,DE146,DEU
b96be751-fb7a-4b0e-8c51-95cf2f0b6932,01,LOT-0001,Offenbach,63069,DE713,DEU
b96be751-fb7a-4b0e-8c51-95cf2f0b6932,01,LOT-0001,Borna,04552,DED52,DEU
b96be751-fb7a-4b0e-8c51-95cf2f0b6932,01,LOT-0001,Köln,50933,DEA23,DEU
b96be751-fb7a-4b0e-8c51-95cf2f0b6932,01,LOT-0001,München,81369,DEA18,DEU
b96be751-fb7a-4b0e-8c51-95cf2f0b6932,01,LOT-0001,Remscheid,42853,DEA18,DEU
b96be751-fb7a-4b0e-8c51-95cf2f0b6932,01,LOT-0001,Hohenfelde,18209,DE80K,DEU
b96be751-fb7a-4b0e-8c51-95cf2f0b6932,01,LOT-0001,Woltersdorf,15569,DE40C,DEU
b96be751-fb7a-4b0e-8c51-95cf2f0b6932,01,LOT-0001,Elmshorn,25337,DEF09,DEU
b96be751-fb7a-4b0e-8c51-95cf2f0b6932,01,LOT-0001,Senftenberg,01968,DE40B,DEU
b96be751-fb7a-4b0e-8c51-95cf2f0b6932,01,LOT-0001,Ismaning,85737,DE21H,DEU
b96be751-fb7a-4b0e-8c51-95cf2f0b6932,01,LOT-0001,Templin,17268,DE40I,DEU
b96be751-fb7a-4b0e-8c51-95cf2f0b6932,01,LOT-0001,Berlin,14055,DE300,DEU
b96be751-fb7a-4b0e-8c51-95cf2f0b6932,01,LOT-0001,Coburg,96450,DE243,DEU
b96be751-fb7a-4b0e-8c51-95cf2f0b6932,01,LOT-0001,Neustadt Bei Coburg,96465,DE247,DEU
b96be751-fb7a-4b0e-8c51-95cf2f0b6932,01,LOT-0001,Lichtenfels,96215,DE24C,DEU
b96be751-fb7a-4b0e-8c51-95cf2f0b6932,01,LOT-0001,Wurzen,04808,DED52,DEU
b96be751-fb7a-4b0e-8c51-95cf2f0b6932,01,LOT-0001,Berlin,13086,DE300,DEU
b96be751-fb7a-4b0e-8c51-95cf2f0b6932,01,LOT-0001,Duisburg,47053,DEA12,DEU
b96be751-fb7a-4b0e-8c51-95cf2f0b6932,01,LOT-0001,Remscheid,42859,DEA18,DEU
f9dc1e05-3689-41bc-b82b-4ebe5fc1ffb5,01,,Adelsried,86477,DE276,DEU
f9dc1e05-3689-41bc-b82b-4ebe5fc1ffb5,01,LOT-0001,Adelsried,86477,DE276,DEU
2cffc857-8981-4b4c-b243-57cfade63ceb,01,,Berlin,12437,DE300,DEU
2cffc857-8981-4b4c-b243-57cfade63ceb,01,LOT-0000,Berlin,12437,DE300,DEU
1287fcbe-fcb9-41ca-bf3c-a0de9daf4b9e,01,,Neu-Ulm,89233,DE279,DEU
1287fcbe-fcb9-41ca-bf3c-a0de9daf4b9e,01,LOT-0000,Neu-Ulm,89233,DE279,DEU
f439fc31-d3e0-4ed6-b2be-171c7602f2de,01,,Rheine,,DEA37,DEU
f439fc31-d3e0-4ed6-b2be-171c7602f2de,01,LOT-0001,Rheine,,DEA37,DEU
1ab5d1a7-fe8d-419a-9db7-79d39fe0c7e2,01,,Traunstein,83278,DE21M,DEU
1ab5d1a7-fe8d-419a-9db7-79d39fe0c7e2,01,LOT-0000,Traunstein,83278,DE21M,DEU
5cff7c10-1e0e-4abe-8f0b-b6345a1362a0,01,,Schwebheim,97525,DE26B,DEU
5cff7c10-1e0e-4abe-8f0b-b6345a1362a0,01,LOT-0000,Schwebheim,97525,DE26B,DEU
ff2104f9-1865-47f2-9eb6-492ec5350a0f,01,,Delmenhorst,27755,DE941,DEU
ff2104f9-1865-47f2-9eb6-492ec5350a0f,01,LOT-0000,Delmenhorst,27755,DE941,DEU
01a0a407-b934-4e84-9bc5-759b0283b54d,01,,Siegen,57076,DEA5A,DEU
01a0a407-b934-4e84-9bc5-759b0283b54d,01,LOT-0001,Siegen,57076,DEA5A,DEU
01a0a407-b934-4e84-9bc5-759b0283b54d,01,LOT-0002,Siegen,57076,DEA5A,DEU
c9741f16-aea4-4b1f-905d-999a6eff6661,01,,Essen,45133,DEA13,DEU
c9741f16-aea4-4b1f-905d-999a6eff6661,01,LOT-0001,Essen,45133,DEA13,DEU
c9741f16-aea4-4b1f-905d-999a6eff6661,01,LOT-0002,Essen,45133,DEA13,DEU
c9741f16-aea4-4b1f-905d-999a6eff6661,01,LOT-0003,Essen,45133,DEA13,DEU
c9741f16-aea4-4b1f-905d-999a6eff6661,01,LOT-0004,Essen,45133,DEA13,DEU
c9741f16-aea4-4b1f-905d-999a6eff6661,01,LOT-0005,Essen,45133,DEA13,DEU
7cf2f3fd-2cfd-4bdc-a91f-0617a3c607bb,01,,Visbek,49429,DE94F,DEU
7cf2f3fd-2cfd-4bdc-a91f-0617a3c607bb,01,LOT-0000,Visbek,49429,DE94F,DEU
dd867525-7c3b-4ca7-be75-717b59eb4294,01,,Spaichingen,78549,DE137,DEU
dd867525-7c3b-4ca7-be75-717b59eb4294,01,LOT-0001,Spaichingen,78549,DE137,DEU
4c0e180b-bc9a-43e6-bac7-35fc4082df54,01,,Waltrop,59731,DEA36,DEU
4c0e180b-bc9a-43e6-bac7-35fc4082df54,01,LOT-0001,Waltrop,59731,DEA36,DEU
50d1e5cc-c1ae-45b5-a685-505c1595d0c8,01,,Lauda-Königshofen,97922,DE11B,DEU
50d1e5cc-c1ae-45b5-a685-505c1595d0c8,01,LOT-0000,Lauda-Königshofen,97922,DE11B,DEU
a9cb14a8-596e-478a-a3e9-d94670549370,01,,Lauda-Königshofen,97922,DE11B,DEU
a9cb14a8-596e-478a-a3e9-d94670549370,01,LOT-0000,Lauda-Königshofen,97922,DE11B,DEU
ce81ab80-ec22-4e38-96c7-a762aaf4761a,01,,Heide,25746,DEF05,DEU
ce81ab80-ec22-4e38-96c7-a762aaf4761a,01,LOT-0000,Heide,25746,DEF05,DEU
154276a1-4b77-4421-affc-870c5617d15b,01,,Berlin,10117,DE300,DEU
154276a1-4b77-4421-affc-870c5617d15b,01,LOT-0000,Berlin,10117,DE300,DEU
8bb86434-f323-438c-b410-688eea1e9382,01,,Heuchelheim,35452,DE721,DEU
8bb86434-f323-438c-b410-688eea1e9382,01,LOT-0000,Heuchelheim,35452,DE721,DEU
44c726f4-e15d-43d3-84a5-0ceb2ecbff2a,01,,Lauda-Königshofen,97922,DE11B,DEU
44c726f4-e15d-43d3-84a5-0ceb2ecbff2a,01,LOT-0000,Lauda-Königshofen,97922,DE11B,DEU
b225ac0d-7f96-4f8c-b700-3633e085621c,01,,Berlin,10179,DE300,DEU
b225ac0d-7f96-4f8c-b700-3633e085621c,01,LOT-0000,Berlin,10179,DE300,DEU
bf6239ed-5f02-4dd1-9d8d-7772fcc8eee0,01,,Visbek,49429,DE94F,DEU
bf6239ed-5f02-4dd1-9d8d-7772fcc8eee0,01,LOT-0000,Visbek,49429,DE94F,DEU
01a08a75-f5eb-4e4c-83c5-60b164ebe35b,01,,Heidenau,01809,DED2F,DEU
01a08a75-f5eb-4e4c-83c5-60b164ebe35b,01,LOT-0008,Heidenau,01809,DED2F,DEU
01a08a75-f5eb-4e4c-83c5-60b164ebe35b,01,LOT-0009,Heidenau,01809,DED2F,DEU
01a08a75-f5eb-4e4c-83c5-60b164ebe35b,01,LOT-0011,Heidenau,01809,DED2F,DEU
01a08a75-f5eb-4e4c-83c5-60b164ebe35b,01,LOT-0012,Heidenau,01809,DED2F,DEU
01a08a75-f5eb-4e4c-83c5-60b164ebe35b,01,LOT-0013,Heidenau,01809,DED2F,DEU
01a08a75-f5eb-4e4c-83c5-60b164ebe35b,01,LOT-0017,Heidenau,01809,DED2F,DEU
e79bb7f2-a797-4169-abb8-05686d80f70c,01,,Bonn,53175,DEA22,DEU
e79bb7f2-a797-4169-abb8-05686d80f70c,01,LOT-0000,Bonn,53175,DEA22,DEU
9fab6856-357f-44cb-a8f7-1b3a015751da,01,,,,,DEU
9fab6856-357f-44cb-a8f7-1b3a015751da,01,LOT-0000,,,,DEU
49e40c9c-e25d-42bb-a417-c5e2c40be8b5,01,,Altchemnitzer Straße 41,01920,DED41,DEU
49e40c9c-e25d-42bb-a417-c5e2c40be8b5,01,LOT-0001,Chemnitz,09120,DED41,DEU
49e40c9c-e25d-42bb-a417-c5e2c40be8b5,01,LOT-0002,Leizig,04107,DED51,DEU
49e40c9c-e25d-42bb-a417-c5e2c40be8b5,01,LOT-0003,Dresden,01900,DED21,DEU
49e40c9c-e25d-42bb-a417-c5e2c40be8b5,01,LOT-0003,Bautzen,02625,DED2C,DEU
1bc79d4d-4082-437e-9e3a-1e7a5bfcbe89,01,,Mülheim An Der Ruhr,,DEA16,DEU
1bc79d4d-4082-437e-9e3a-1e7a5bfcbe89,01,LOT-0001,Mülheim An Der Ruhr,,DEA16,DEU
24f04cdc-1d87-4457-9ca5-1dfd450fe67b,01,,Nürnberg,90439,DE254,DEU
24f04cdc-1d87-4457-9ca5-1dfd450fe67b,01,LOT-0001,Nürnberg,90439,DE254,DEU
3c19ff19-7593-4294-ada0-ad71fa55a8f1,01,,Chemnitz,09111,DED41,DEU
3c19ff19-7593-4294-ada0-ad71fa55a8f1,01,LOT-0000,Chemnitz,09111,DED41,DEU
4a448abd-7f1f-4052-987f-f9aea3df2fb9,01,,Bochum,,DEA51,DEU
4a448abd-7f1f-4052-987f-f9aea3df2fb9,01,LOT-0001,Bochum,,DEA51,DEU
6c6fdea1-a35c-496f-ba69-5853b8cf1ed4,01,,"Dap On Each Site, Optional Ddp On Each Site",,,UKR
6c6fdea1-a35c-496f-ba69-5853b8cf1ed4,01,LOT-0001,"Dap On Each Site, Optional Ddp On Each Site",,,UKR
6c6fdea1-a35c-496f-ba69-5853b8cf1ed4,01,LOT-0002,"Dap On Each Site, Optional Ddp On Each Site",,,UKR
6c6fdea1-a35c-496f-ba69-5853b8cf1ed4,01,LOT-0003,"Dap On Each Site, Optional Ddp On Each Site",,,UKR
6c6fdea1-a35c-496f-ba69-5853b8cf1ed4,01,LOT-0004,"Dap On Each Site, Optional Ddp On Each Site",,,UKR
6c6fdea1-a35c-496f-ba69-5853b8cf1ed4,01,LOT-0005,"Dap On Each Site, Optional Ddp On Each Site",,,UKR
6c6fdea1-a35c-496f-ba69-5853b8cf1ed4,01,LOT-0006,"Dap On Each Site, Optional Ddp On Each Site",,,UKR
6c6fdea1-a35c-496f-ba69-5853b8cf1ed4,01,LOT-0007,"Dap On Each Site, Optional Ddp On Each Site",,,UKR
ea6b8124-9d3e-47b1-8200-425ac8a738d0,01,,Vetschau/Spreewald,03226,DE40B,DEU
ea6b8124-9d3e-47b1-8200-425ac8a738d0,01,LOT-0001,Vetschau/Spreewald,03226,DE40B,DEU
0f82d9af-1042-4efa-bedb-f3d607ed98fe,01,,Visbek,49429,DE94F,DEU
0f82d9af-1042-4efa-bedb-f3d607ed98fe,01,LOT-0000,Visbek,49429,DE94F,DEU
d62756f0-2007-4111-b118-e5f44c943b18,01,,Möglingen,71696,DE115,DEU
d62756f0-2007-4111-b118-e5f44c943b18,01,LOT-0001,Möglingen,71696,DE115,DEU
cf7fd649-8c6c-4db7-aeaa-8b6adf173b11,01,,Frankfurt Am Main,60327,DE712,DEU
cf7fd649-8c6c-4db7-aeaa-8b6adf173b11,01,LOT-0000,Frankfurt Am Main,60327,DE712,DEU
bb722a54-0ab3-4fed-ab47-3f00b6ada783,01,,,,DEA46,DEU
bb722a54-0ab3-4fed-ab47-3f00b6ada783,01,LOT-0001,,,DEA46,DEU
5f734b5e-89a1-4d03-87e5-eb2f15ad7a35,01,,,,DE911,DEU
5f734b5e-89a1-4d03-87e5-eb2f15ad7a35,01,LOT-0001,,,DE911,DEU
069f2e57-7452-4eec-8c81-59e0faf49d5e,01,,Hamburg,21033,DE600,DEU
069f2e57-7452-4eec-8c81-59e0faf49d5e,01,LOT-0001,Hamburg,21033,DE600,DEU
c1fccf1b-9a52-4960-a3e3-1066df557382,01,,Rheine,,DEA37,DEU
c1fccf1b-9a52-4960-a3e3-1066df557382,01,LOT-0001,Rheine,,DEA37,DEU
7b2a1a74-b527-473f-a088-7888d6e200fb,01,,,,DE405,DEU
7b2a1a74-b527-473f-a088-7888d6e200fb,01,,,,DE40I,DEU
7b2a1a74-b527-473f-a088-7888d6e200fb,01,,,,DE40C,DEU
7b2a1a74-b527-473f-a088-7888d6e200fb,01,LOT-0001,,,DE405,DEU
7b2a1a74-b527-473f-a088-7888d6e200fb,01,LOT-0002,,,DE405,DEU
7b2a1a74-b527-473f-a088-7888d6e200fb,01,LOT-0003,,,DE405,DEU
7b2a1a74-b527-473f-a088-7888d6e200fb,01,LOT-0004,,,DE405,DEU
7b2a1a74-b527-473f-a088-7888d6e200fb,01,LOT-0005,,,DE405,DEU
7b2a1a74-b527-473f-a088-7888d6e200fb,01,LOT-0006,,,DE40I,DEU
7b2a1a74-b527-473f-a088-7888d6e200fb,01,LOT-0007,,,DE40C,DEU
26f1848e-d8d5-4ae3-8b0c-6dca3e4bee79,01,,Königs Wusterhausen,15712,DE406,DEU
26f1848e-d8d5-4ae3-8b0c-6dca3e4bee79,01,LOT-0001,Königs Wusterhausen,15712,DE406,DEU
0d06762e-e42a-44c3-96ef-618a5fa055fd,01,,Frankfurt Am Main,60596,DE712,DEU
0d06762e-e42a-44c3-96ef-618a5fa055fd,01,LOT-0001,Frankfurt Am Main,50596,DE712,DEU
0d06762e-e42a-44c3-96ef-618a5fa055fd,01,LOT-0002,Frankfurt Am Main,50596,DE712,DEU
56833ea5-58df-41b1-8b93-69c32e3b776d,01,,Landstuhl,66849,DEB3F,DEU
56833ea5-58df-41b1-8b93-69c32e3b776d,01,LOT-0001,Landstuhl,66849,DEB3F,DEU
ccfe1ec7-0145-4cc5-a866-6058305a1906,01,,Ahaus,,DEA34,DEU
ccfe1ec7-0145-4cc5-a866-6058305a1906,01,LOT-0001,Ahaus,,DEA34,DEU
719c0678-a8c7-4e34-9073-1ea5837a8f61,01,,Calw-Hirsau,75365,DE12A,DEU
719c0678-a8c7-4e34-9073-1ea5837a8f61,01,LOT-0000,Calw-Hirsau,75365,DE12A,DEU
89f97a08-7e7c-47ff-a36b-8cf22b175cac,01,,Röblingen Am See,06317,DEE0A,DEU
89f97a08-7e7c-47ff-a36b-8cf22b175cac,01,LOT-0001,Röblingen Am See,06317,DEE0A,DEU
255a6420-e1db-4b4a-bd00-02847c49b7bd,01,,Frankfurt Am Main,60547,DE712,DEU
255a6420-e1db-4b4a-bd00-02847c49b7bd,01,LOT-0000,Frankfurt Am Main,60547,DE712,DEU
fef55906-ff0b-49ed-baed-06312268141a,01,,Wangerooge,26486,DE94A,DEU
fef55906-ff0b-49ed-baed-06312268141a,01,LOT-0001,Wangerooge,26486,DE94A,DEU
6a072c36-ff4e-4e01-9d2f-c3849aff79cd,01,,Kehl,77694,DE134,DEU
6a072c36-ff4e-4e01-9d2f-c3849aff79cd,01,LOT-0001,Kehl,77694,DE134,DEU
8db0b259-4bac-4cdb-914d-e4d1c3fdccb2,01,,Schwäbisch Hall,74523,DE11A,DEU
8db0b259-4bac-4cdb-914d-e4d1c3fdccb2,01,LOT-0000,Schwäbisch Hall,74523,DE11A,DEU
8db0b259-4bac-4cdb-914d-e4d1c3fdccb2,01,LOT-0000,Tauberbischofsheim,97941,DE11B,DEU
8db0b259-4bac-4cdb-914d-e4d1c3fdccb2,01,LOT-0000,Untermünkheim,74547,DE11A,DEU
8db0b259-4bac-4cdb-914d-e4d1c3fdccb2,01,LOT-0000,Essingen,73457,DE11D,DEU
8db0b259-4bac-4cdb-914d-e4d1c3fdccb2,01,LOT-0000,Obergruppenbach,74199,DE118,DEU
8db0b259-4bac-4cdb-914d-e4d1c3fdccb2,01,LOT-0000,Aalen,73431,DE11D,DEU
8db0b259-4bac-4cdb-914d-e4d1c3fdccb2,01,LOT-0000,Ellwangen,73479,DE11D,DEU
8db0b259-4bac-4cdb-914d-e4d1c3fdccb2,01,LOT-0000,Crailsheim,74564,DE11A,DEU
8db0b259-4bac-4cdb-914d-e4d1c3fdccb2,01,LOT-0000,Heilbronn,74076,DE117,DEU
8db0b259-4bac-4cdb-914d-e4d1c3fdccb2,01,LOT-0000,Weinsberg,74189,DE118,DEU
8db0b259-4bac-4cdb-914d-e4d1c3fdccb2,01,LOT-0000,Widdern,74259,DE118,DEU
8db0b259-4bac-4cdb-914d-e4d1c3fdccb2,01,LOT-0000,Laßbach,74653,DE119,DEU
8db0b259-4bac-4cdb-914d-e4d1c3fdccb2,01,LOT-0000,Igersheim-Harthausen,97999,DE11B,DEU
8db0b259-4bac-4cdb-914d-e4d1c3fdccb2,01,LOT-0000,Pfedelbach,74629,DE119,DEU
a9a85eaa-02be-4d44-9519-cd119a5374cc,01,,Baunatal,34225,DE734,DEU
a9a85eaa-02be-4d44-9519-cd119a5374cc,01,LOT-0000,Baunatal,34225,DE734,DEU
ea8f1a43-9513-41a0-8a4d-0cd582862db3,01,,Trier,54290,DEB21,DEU
ea8f1a43-9513-41a0-8a4d-0cd582862db3,01,LOT-0001,Trier,54290,DEB21,DEU
ea399951-3dbe-4ef5-bed6-49aca30291ac,01,,Geisenheim,65366,DE71D,DEU
ea399951-3dbe-4ef5-bed6-49aca30291ac,01,LOT-0000,Geisenheim,65366,DE71D,DEU
d54ec781-962f-409c-a82b-f09e4e169ca3,01,,Kriftel,65830,DE71A,DEU
d54ec781-962f-409c-a82b-f09e4e169ca3,01,LOT-0001,Kriftel,65830,DE71A,DEU
232a86f2-44bc-4701-b740-2c7275873a1f,01,,Berlin,13407,DE300,DEU
232a86f2-44bc-4701-b740-2c7275873a1f,01,LOT-0001,Berlin,13407,DE300,DEU
232a86f2-44bc-4701-b740-2c7275873a1f,01,LOT-0002,Berlin,13407,DE300,DEU
232a86f2-44bc-4701-b740-2c7275873a1f,01,LOT-0003,Berlin,13407,DE300,DEU
232a86f2-44bc-4701-b740-2c7275873a1f,01,LOT-0004,Berlin,13407,DE300,DEU
232a86f2-44bc-4701-b740-2c7275873a1f,01,LOT-0005,Berlin,13407,DE300,DEU
232a86f2-44bc-4701-b740-2c7275873a1f,01,LOT-0006,Berlin,13407,DE300,DEU
f97fbca6-d36d-409a-8a03-ef03a38df3de,01,,Köln,50674,DEA23,DEU
f97fbca6-d36d-409a-8a03-ef03a38df3de,01,LOT-0001,Köln,50674,DEA23,DEU
f97fbca6-d36d-409a-8a03-ef03a38df3de,01,LOT-0002,Köln,50674,DEA23,DEU
f97fbca6-d36d-409a-8a03-ef03a38df3de,01,LOT-0003,Köln,50674,DEA23,DEU
f97fbca6-d36d-409a-8a03-ef03a38df3de,01,LOT-0004,Köln,50674,DEA23,DEU
57ece606-117a-426d-a888-4af660b56f3e,01,,Saarbrücken,66111,DEC01,DEU
57ece606-117a-426d-a888-4af660b56f3e,01,LOT-0000,Saarbrücken,66111,DEC01,DEU
2084d52a-b36f-405e-9d0f-155d89d95f94,01,,Offenbach Am Main,63065,DE713,DEU
2084d52a-b36f-405e-9d0f-155d89d95f94,01,LOT-0000,Offenbach Am Main,63065,DE713,DEU
04867f6b-9686-4e52-a263-3c1b27c0f00a,01,,,,DE113,DEU
04867f6b-9686-4e52-a263-3c1b27c0f00a,01,LOT-0001,,,DE113,DEU
cb625fd4-998b-4104-9f7e-0c2c66a7c16d,01,,,,DEA22,DEU
cb625fd4-998b-4104-9f7e-0c2c66a7c16d,01,LOT-0000,,,DEA22,DEU
cb4cb836-775d-4166-864b-3717c808efc8,01,,,,DE254,DEU
cb4cb836-775d-4166-864b-3717c808efc8,01,LOT-0001,,,DE254,DEU
9217b00b-6110-4ee9-abd6-26cc9165de60,01,,,,DE407,DEU
9217b00b-6110-4ee9-abd6-26cc9165de60,01,LOT-0001,,,DE407,DEU
f44ac8af-3eef-4a35-9414-dfa76e528ad8,01,,,,,DEU
f44ac8af-3eef-4a35-9414-dfa76e528ad8,01,LOT-0000,,,,DEU
1f83280b-0311-4e2f-a22c-6d2457cfbcee,01,,Itzehoe,25524,DEF0E,DEU
1f83280b-0311-4e2f-a22c-6d2457cfbcee,01,LOT-0001,Itzehoe,25524,DEF0E,DEU
fab52f0b-58ae-47ed-bbbc-1d3829b47040,01,,Neckarsulm,74172,DE118,DEU
fab52f0b-58ae-47ed-bbbc-1d3829b47040,01,LOT-0000,Neckarsulm,74172,DE118,DEU
88b94f05-7399-428a-bda2-74ab08ab3d07,01,,Mainz,55118,DEB35,DEU
88b94f05-7399-428a-bda2-74ab08ab3d07,01,LOT-0001,Mainz,55118,DEB35,DEU
b34d0781-ea79-41ab-9907-370f83e79047,01,,Hamburg,22307,DE600,DEU
b34d0781-ea79-41ab-9907-370f83e79047,01,LOT-0001,Hamburg,22307,DE600,DEU
29c7ca20-b67c-40b2-87ac-9686db66acaa,01,,Königswinter,53639,DEA2C,DEU
29c7ca20-b67c-40b2-87ac-9686db66acaa,01,LOT-0000,Königswinter,53639,DEA2C,DEU
ff2ff8ed-94f5-47d4-9a40-d6363f5f5c5e,01,,Leipzig,04103,DED51,DEU
ff2ff8ed-94f5-47d4-9a40-d6363f5f5c5e,01,LOT-0000,Leipzig,04103,DED51,DEU
1622ff00-ae42-4b30-b534-ad41942e1e65,01,,Dortmund,,DEA52,DEU
1622ff00-ae42-4b30-b534-ad41942e1e65,01,LOT-0001,Dortmund,,DEA52,DEU
ca39dcd9-6735-4eeb-a7ec-a3d84ce6d3d3,01,,Dortmund,44265,DEA52,DEU
ca39dcd9-6735-4eeb-a7ec-a3d84ce6d3d3,01,LOT-0001,Dortmund,44265,DEA52,DEU
f0c5d53b-9cb6-47fe-9daf-310dfde71f38,01,,Berlin,10117,DE300,DEU
f0c5d53b-9cb6-47fe-9daf-310dfde71f38,01,LOT-0000,Berlin,10117,DE300,DEU
71ed154a-f1b0-4a9f-99e4-3f8e18f561af,01,,,,DEA22,DEU
71ed154a-f1b0-4a9f-99e4-3f8e18f561af,01,LOT-0000,,,DEA22,DEU
5b6d92e9-a4ab-4d47-90c0-342cc5774de2,01,,München,81829,DE212,DEU
5b6d92e9-a4ab-4d47-90c0-342cc5774de2,01,LOT-0001,München,81829,DE212,DEU
aac2dd05-c839-4c68-baeb-784225a7c0be,01,,Kassel,34117,DE731,DEU
aac2dd05-c839-4c68-baeb-784225a7c0be,01,LOT-0001,Kassel,34117,DE731,DEU
56123ce9-7570-44f8-898c-ccbf61ddfdba,01,,Chemnitz,"09122, 09123, 09128",DED41,DEU
56123ce9-7570-44f8-898c-ccbf61ddfdba,01,LOT-0001,Chemnitz,09123,DED41,DEU
56123ce9-7570-44f8-898c-ccbf61ddfdba,01,LOT-0001,Chemnitz,09122,DED41,DEU
56123ce9-7570-44f8-898c-ccbf61ddfdba,01,LOT-0002,Klaffenbach,09123,DED41,DEU
56123ce9-7570-44f8-898c-ccbf61ddfdba,01,LOT-0002,Kleinolbersdorf- Altenhain,09128,DED41,DEU
56123ce9-7570-44f8-898c-ccbf61ddfdba,01,LOT-0002,Klaffenbach,01923,DED41,DEU
a4cd7a04-bb82-447d-80ff-207898189a11,01,,Hannover,30625,DE929,DEU
a4cd7a04-bb82-447d-80ff-207898189a11,01,LOT-0000,Hannover,30625,DE929,DEU
b9aa34b4-b93b-4a35-a684-baa083456b4c,01,,Friedberg,61169,DE71E,DEU
b9aa34b4-b93b-4a35-a684-baa083456b4c,01,LOT-0000,Friedberg,61169,DE71E,DEU
50a582d8-d1af-4637-9eb5-ca6378a99bb9,01,,,,DE128,DEU
50a582d8-d1af-4637-9eb5-ca6378a99bb9,01,LOT-0001,,,DE128,DEU
50a582d8-d1af-4637-9eb5-ca6378a99bb9,01,LOT-0002,,,DE128,DEU
50a582d8-d1af-4637-9eb5-ca6378a99bb9,01,LOT-0003,,,DE128,DEU
50a582d8-d1af-4637-9eb5-ca6378a99bb9,01,LOT-0004,,,DE128,DEU
3ee3ffd5-8ec5-4510-b21e-a9c074591fec,01,,Lauda-Königshofen,97922,DE11B,DEU
3ee3ffd5-8ec5-4510-b21e-a9c074591fec,01,LOT-0000,Lauda-Königshofen,97922,DE11B,DEU
a5670d06-f5c1-44a2-b02e-d00fe844880e,01,,Freising,85354,DE21B,DEU
a5670d06-f5c1-44a2-b02e-d00fe844880e,01,LOT-0000,Freising,85354,DE21B,DEU
a5111cb1-0261-42d7-98a0-a1b063e9b896,01,,Rüdersdorf Bei Berlin,15562,DE409,DEU
a5111cb1-0261-42d7-98a0-a1b063e9b896,01,LOT-0001,Rüdersdorf Bei Berlin,15562,DE409,DEU
a5111cb1-0261-42d7-98a0-a1b063e9b896,01,LOT-0002,Rüdersdorf Bei Berlin,15562,DE409,DEU
3747dc6f-9c33-4dc6-83af-6504813c09b1,01,,Görlitz,02826,DED2D,DEU
3747dc6f-9c33-4dc6-83af-6504813c09b1,01,LOT-0001,Görlitz,02826,DED2D,DEU
3446a559-15f9-491b-8476-6d32e4154c93,01,,Rubenow,17509,DE80N,DEU
3446a559-15f9-491b-8476-6d32e4154c93,01,LOT-0001,Rubenow,17509,DE80N,DEU
3090317f-1aac-40b4-8d54-b45d4f559a78,01,,Halfing,83128,DE21K,DEU
3090317f-1aac-40b4-8d54-b45d4f559a78,01,LOT-0001,,,DE21K,DEU
1e8e8e86-5c2f-497f-9865-460e2e1cb375,01,,Passau,94032,DE222,DEU
1e8e8e86-5c2f-497f-9865-460e2e1cb375,01,LOT-0001,Passau,94032,DE222,DEU
a00511c6-9a64-4118-811c-0f238982651a,01,,Bayern,BY,DE218,DEU
a00511c6-9a64-4118-811c-0f238982651a,01,LOT-0001,Bayern,BY,,DEU
381fc019-557a-4388-a9a4-a8e7afcb1741,01,,Überlingen,,DE147,DEU
381fc019-557a-4388-a9a4-a8e7afcb1741,01,LOT-0001,Überlingen,,DE147,DEU
fad97142-b443-4bd9-b7aa-c486345187b3,01,,Chemnitz,09111,DED41,DEU
fad97142-b443-4bd9-b7aa-c486345187b3,01,LOT-0000,Chemnitz,09111,DED41,DEU
db18829c-a80e-45d8-bacf-cf1745f3b6d5,01,,Schlüchtern,36381,DE719,DEU
db18829c-a80e-45d8-bacf-cf1745f3b6d5,01,LOT-0001,Schlüchtern,36381,DE719,DEU
a19b0eb5-b850-4dc3-b4db-d7ec9049bb26,01,,,,DE27C,DEU
a19b0eb5-b850-4dc3-b4db-d7ec9049bb26,01,LOT-0001,,,DE27C,DEU
e4d3e324-99ba-4975-82a6-24cd59e5aec6,01,,Roitzsch (Ortsteil Der Stadt Sandersdorf-Brehna),06809,DEE05,DEU
e4d3e324-99ba-4975-82a6-24cd59e5aec6,01,LOT-0000,Roitzsch (Ortsteil Der Stadt Sandersdorf-Brehna),06809,DEE05,DEU
8176dc60-b619-471e-9097-2d25509222c4,01,,Friesack,14662,DE408,DEU
8176dc60-b619-471e-9097-2d25509222c4,01,LOT-0001,Friesack,14662,DE408,DEU
51971ae6-9e49-4e37-ae18-5812dd49561d,01,,Rostock,18147,DE803,DEU
51971ae6-9e49-4e37-ae18-5812dd49561d,01,LOT-0000,Rostock,18147,DE803,DEU
54760ccf-db92-421d-bbc0-d3a3052c6575,01,,Plattling,94447,DE224,DEU
54760ccf-db92-421d-bbc0-d3a3052c6575,01,LOT-0001,Plattling,94447,DE224,DEU
a9c762b8-ce8e-4981-b4e8-ee9246ced7f2,01,,Hannover,30167,DE929,DEU
a9c762b8-ce8e-4981-b4e8-ee9246ced7f2,01,LOT-0001,Hannover,30167,DE929,DEU
f51cf9c9-f534-4b55-b11e-79c7e00fc1b2,01,,Stuttgart,70629,DE113,DEU
f51cf9c9-f534-4b55-b11e-79c7e00fc1b2,01,LOT-0001,Stuttgart,70629,DE113,DEU
7576de88-72a4-4142-9bc0-0348aef4d44f,01,,Nürnberg,90471,DE254,DEU
7576de88-72a4-4142-9bc0-0348aef4d44f,01,LOT-0001,Nürnberg,90471,DE254,DEU
cb21b5cc-64db-4789-b17e-206767fe07e0,01,,Essen,,DEA13,DEU
cb21b5cc-64db-4789-b17e-206767fe07e0,01,LOT-0001,Essen,,DEA13,DEU
a4bf01d3-eaf4-444c-b103-dc7f10e6d150,01,,,,DE134,DEU
a4bf01d3-eaf4-444c-b103-dc7f10e6d150,01,LOT-0001,,,DE134,DEU
c454fa91-86f5-4f3c-9109-a3bc53e13198,01,,Leipzig,04277,DED51,DEU
c454fa91-86f5-4f3c-9109-a3bc53e13198,01,LOT-0000,Leipzig,04277,DED51,DEU
abad8933-5d48-4692-87a6-59a6da346543,01,,,,DE252,DEU
abad8933-5d48-4692-87a6-59a6da346543,01,LOT-0001,,,DE252,DEU
ef21858d-19ec-4f13-b58a-a4e0c55551ed,01,,,,DEA17,DEU
ef21858d-19ec-4f13-b58a-a4e0c55551ed,01,LOT-0001,,,DEA17,DEU
29715cba-4b1c-4a79-a013-53b23c164720,01,,Berlin,10963,DE300,DEU
29715cba-4b1c-4a79-a013-53b23c164720,01,LOT-0001,Berlin,10963,DE300,DEU
01a0a4f7-beff-412f-9087-3edc6bf9153e,01,,Bautzen,02625,DED2C,DEU
01a0a4f7-beff-412f-9087-3edc6bf9153e,01,LOT-0001,Bautzen,02625,DED2C,DEU
5a6e71b2-0412-41b8-842d-68c99c9ed184,01,,,,DE257,DEU
5a6e71b2-0412-41b8-842d-68c99c9ed184,01,LOT-0001,,,DE257,DEU
1c27c316-9b14-4594-907e-d95f38ed204e,01,,Atzendorf,39443,DEE0C,DEU
1c27c316-9b14-4594-907e-d95f38ed204e,01,LOT-0000,Atzendorf,39443,DEE0C,DEU
3fdeb952-ef6e-40e5-a887-a7e2b7cf662f,01,,Wustrow (Wendland),29462,DE934,DEU
3fdeb952-ef6e-40e5-a887-a7e2b7cf662f,01,LOT-0001,Wustrow (Wendland),29462,DE934,DEU
2f19d346-0db3-412c-b8a2-9dd0c007b0a8,01,,Görlitz,02828,DED2D,DEU
2f19d346-0db3-412c-b8a2-9dd0c007b0a8,01,LOT-0001,Görlitz,02828,DED2D,DEU
2f19d346-0db3-412c-b8a2-9dd0c007b0a8,01,LOT-0002,Görlitz,02828,DED2D,DEU
2f19d346-0db3-412c-b8a2-9dd0c007b0a8,01,LOT-0003,Görlitz,02828,DED2D,DEU
2f19d346-0db3-412c-b8a2-9dd0c007b0a8,01,LOT-0004,Görlitz,02828,DED2D,DEU
2a55e205-4e71-40a0-ac8c-75e8bb465205,01,,Homburg,66424,DEC05,DEU
2a55e205-4e71-40a0-ac8c-75e8bb465205,01,LOT-0001,Homburg,66424,DEC05,DEU
991ad645-b124-416b-b5f9-d364a221823d,01,,,,,
991ad645-b124-416b-b5f9-d364a221823d,01,LOT-0001,,,,
991ad645-b124-416b-b5f9-d364a221823d,01,LOT-0002,,,,
991ad645-b124-416b-b5f9-d364a221823d,01,LOT-0003,,,,
991ad645-b124-416b-b5f9-d364a221823d,01,LOT-0004,,,,
991ad645-b124-416b-b5f9-d364a221823d,01,LOT-0005,,,,
991ad645-b124-416b-b5f9-d364a221823d,01,LOT-0006,,,,
991ad645-b124-416b-b5f9-d364a221823d,01,LOT-0007,,,,
991ad645-b124-416b-b5f9-d364a221823d,01,LOT-0008,,,,
991ad645-b124-416b-b5f9-d364a221823d,01,LOT-0009,,,,
991ad645-b124-416b-b5f9-d364a221823d,01,LOT-0010,,,,
991ad645-b124-416b-b5f9-d364a221823d,01,LOT-0011,,,,
991ad645-b124-416b-b5f9-d364a221823d,01,LOT-0012,,,,
991ad645-b124-416b-b5f9-d364a221823d,01,LOT-0013,,,,
991ad645-b124-416b-b5f9-d364a221823d,01,LOT-0014,,,,
991ad645-b124-416b-b5f9-d364a221823d,01,LOT-0015,,,,
991ad645-b124-416b-b5f9-d364a221823d,01,LOT-0016,,,,
991ad645-b124-416b-b5f9-d364a221823d,01,LOT-0017,,,,
97342522-2e60-41ee-b63e-7fd68f818a0c,01,,Aachen,52074,DEA2D,DEU
97342522-2e60-41ee-b63e-7fd68f818a0c,01,LOT-0001,Aachen,52074,DEA2D,DEU
5b29187c-30f5-4ea0-b7d0-5a2195b18ade,01,,Greifswald,17489,DE80N,DEU
5b29187c-30f5-4ea0-b7d0-5a2195b18ade,01,LOT-0001,Greifswald,17489,DE80N,DEU
6db5929d-a517-43ed-9fe9-fb670fd9e694,01,,Wilhelmshaven,26484,DE945,DEU
6db5929d-a517-43ed-9fe9-fb670fd9e694,01,LOT-0001,Wilhelmshaven,26484,DE945,DEU
75a604da-489d-4c11-8fa6-c21c913fafa8,01,,,,DEA2D,DEU
75a604da-489d-4c11-8fa6-c21c913fafa8,01,LOT-0001,,,DEA2D,DEU
7dbb6c22-daf6-4e56-946f-922a05548229,01,,Forst (Lausitz),03149,DE40G,DEU
7dbb6c22-daf6-4e56-946f-922a05548229,01,LOT-0001,Forst (Lausitz),03149,DE40G,DEU
89046bbd-88d4-4d33-b75e-6499e7d1c3ff,01,,,,,
89046bbd-88d4-4d33-b75e-6499e7d1c3ff,01,LOT-0001,,,,
ec83e767-8a08-4384-b1f9-7c970236efa0,01,,Hamburg,21077,DE600,DEU
ec83e767-8a08-4384-b1f9-7c970236efa0,01,LOT-0001,Hamburg,21077,DE600,DEU
48badf3d-488b-4187-a932-53f825f535a7,01,,Manching,85077,DE21J,DEU
48badf3d-488b-4187-a932-53f825f535a7,01,LOT-0000,Manching,85077,DE21J,DEU
ababf43b-da83-4689-bf19-3f25a3f96273,01,,Bundesweit,00000,DEZZZ,DEU
ababf43b-da83-4689-bf19-3f25a3f96273,01,LOT-0000,Bundesweit,00000,DEZZZ,DEU
6eed375a-5cb3-4ea3-8c0e-467f90e25ca1,01,,Heilbad Heiligenstadt,37308,DEG06,DEU
6eed375a-5cb3-4ea3-8c0e-467f90e25ca1,01,LOT-0000,Heilbad Heiligenstadt,37308,DEG06,DEU
80675cc9-565a-4b93-816d-55b5930a0bb8,01,,Weinsberg,,DE118,DEU
80675cc9-565a-4b93-816d-55b5930a0bb8,01,,Wiesloch,,DE128,DEU
80675cc9-565a-4b93-816d-55b5930a0bb8,01,,Winnenden,,DE116,DEU
80675cc9-565a-4b93-816d-55b5930a0bb8,01,LOT-0001,Weinsberg,,DE118,DEU
80675cc9-565a-4b93-816d-55b5930a0bb8,01,LOT-0001,Wiesloch,,DE128,DEU
80675cc9-565a-4b93-816d-55b5930a0bb8,01,LOT-0001,Winnenden,,DE116,DEU
79800511-1d4b-4ad3-8c60-fd255ab125b3,01,,Ochtendung,,DEB17,DEU
79800511-1d4b-4ad3-8c60-fd255ab125b3,01,LOT-0001,Ochtendung,,DEB17,DEU
d31e5a38-d43a-4547-8973-c3590bacd62e,01,,Hannover,30559,DE929,DEU
d31e5a38-d43a-4547-8973-c3590bacd62e,01,LOT-0001,Hannover,30559,DE929,DEU
d31e5a38-d43a-4547-8973-c3590bacd62e,01,LOT-0002,Hannover,30559,DE929,DEU
9938303e-ed44-4a45-aa29-1702c0edcd58,01,,Berlin,12559,DE300,DEU
9938303e-ed44-4a45-aa29-1702c0edcd58,01,LOT-0001,Berlin,12559,DE300,DEU
b64ce675-d41d-4740-be94-e6472a525ea9,01,,Königswinter,53639,DEA2C,DEU
b64ce675-d41d-4740-be94-e6472a525ea9,01,LOT-0001,Königswinter,53639,DEA2C,DEU
7f82f565-4dd7-47a0-b5d2-8365820afd12,01,,Dresden,01069,DED21,DEU
7f82f565-4dd7-47a0-b5d2-8365820afd12,01,LOT-0001,Dresden,01069,DED21,DEU
ad9eaa7a-3247-485c-859d-ec19a1263c6b,01,,Bad Neuenahr-Ahrweiler,,DEB12,DEU
ad9eaa7a-3247-485c-859d-ec19a1263c6b,01,LOT-0001,Bad Neuenahr-Ahrweiler,,DEB12,DEU
655042ea-1acb-49b4-af80-c050e20f7f66,01,,,,DE21K,DEU
655042ea-1acb-49b4-af80-c050e20f7f66,01,LOT-0001,,,DE21K,DEU
4f079692-fb67-4402-9761-f9a98b5ae938,01,,,,DE40G,DEU
4f079692-fb67-4402-9761-f9a98b5ae938,01,LOT-0001,,,DE40G,DEU
2c604aa0-56c3-4cdd-80eb-ff20350a7e4d,01,,Hohn,24806,DEF0B,DEU
2c604aa0-56c3-4cdd-80eb-ff20350a7e4d,01,LOT-0000,Hohn,24806,DEF0B,DEU
830c6da5-b6b1-4631-a98e-1f52d628be32,01,,Hamburg,22297,DE600,DEU
830c6da5-b6b1-4631-a98e-1f52d628be32,01,LOT-0001,Hamburg,22297,DE600,DEU
6726f720-afb1-4713-9d79-16afcdf8bc54,01,,Gilching,82205,DE21L,DEU
6726f720-afb1-4713-9d79-16afcdf8bc54,01,LOT-0000,Gilching,82205,DE21L,DEU
d17d31d5-55ce-45a3-8044-d38ba241649a,01,,Chemnitz,09114,DED41,DEU
d17d31d5-55ce-45a3-8044-d38ba241649a,01,LOT-0000,Chemnitz,09114,DED41,DEU
7c2448be-ac15-4f24-a1e8-fd2d19926919,01,,Hildesheim,31134,DE925,DEU
7c2448be-ac15-4f24-a1e8-fd2d19926919,01,LOT-0001,Hildesheim,31134,DE925,DEU
e1f56e28-697e-4bd0-be6c-ee7320bd1a4f,01,,Dortmund,44139,DEA52,DEU
e1f56e28-697e-4bd0-be6c-ee7320bd1a4f,01,,Dortmund,44227,DEA52,DEU
e1f56e28-697e-4bd0-be6c-ee7320bd1a4f,01,LOT-0001,Dortmund,44139,DEA52,DEU
e1f56e28-697e-4bd0-be6c-ee7320bd1a4f,01,LOT-0001,Dortmund,44227,DEA52,DEU
e1f56e28-697e-4bd0-be6c-ee7320bd1a4f,01,LOT-0002,Dortmund,44139,DEA52,DEU
e1f56e28-697e-4bd0-be6c-ee7320bd1a4f,01,LOT-0002,Dortmund,44227,DEA52,DEU
c0fea23b-3299-4f7d-81f9-bd0dbeff808f,01,,Leipzig,04209,DED51,DEU
c0fea23b-3299-4f7d-81f9-bd0dbeff808f,01,LOT-0000,Leipzig,04209,DED51,DEU
ef80485e-9b72-4f69-8fac-b1ca556c920b,01,,Helgoland,,DEF09,DEU
ef80485e-9b72-4f69-8fac-b1ca556c920b,01,LOT-0001,Helgoland,,DEF09,DEU
7c14f33e-7463-4d67-aec2-1d0904c78a73,01,,Wuppertal,42285,DEA1A,DEU
7c14f33e-7463-4d67-aec2-1d0904c78a73,01,LOT-0000,Wuppertal,42285,DEA1A,DEU
4a5efa8c-4b06-4b5e-82bb-feac20ff8346,01,,Gunzenhausen,91710,DE25C,DEU
4a5efa8c-4b06-4b5e-82bb-feac20ff8346,01,PAR-0001,Gunzenhausen,91710,DE25C,DEU
bf0fdfde-8f62-4b1a-a947-5a92338c95b6,01,,Schwarzenborn,34639,DE735,DEU
bf0fdfde-8f62-4b1a-a947-5a92338c95b6,01,LOT-0000,Schwarzenborn,34639,DE735,DEU
a7170bc7-df89-4c34-ad0c-377bea21c268,01,,"Deutschland, Hamburg Und Schleswig-Holstein",SH,DE600,DEU
a7170bc7-df89-4c34-ad0c-377bea21c268,01,LOT-0001,"Deutschland, Hamburg Und Schleswig-Holstein",SH,,DEU
9449fe06-b7d5-450b-a214-cb1984fff69b,01,,Bergisch Gladbach,51427,DEA2B,DEU
9449fe06-b7d5-450b-a214-cb1984fff69b,01,LOT-0000,Bergisch Gladbach,51427,DEA2B,DEU
542983ed-6b28-4ae0-bc34-9721fa8b95d4,01,,Warendorf,48231,DEA38,DEU
542983ed-6b28-4ae0-bc34-9721fa8b95d4,01,LOT-0001,Warendorf,48231,DEA38,DEU
2fef9971-9508-4941-98cb-7c449a31e82e,01,,Geisenheim,65366,DE71D,DEU
2fef9971-9508-4941-98cb-7c449a31e82e,01,LOT-0000,Geisenheim,65366,DE71D,DEU
d34f17c2-ba49-4106-a620-f9f6ef327863,01,,Bad Lippspringe,33175,DEA47,DEU
d34f17c2-ba49-4106-a620-f9f6ef327863,01,LOT-0001,Bad Lippspringe,33175,DEA47,DEU
c92fe955-e074-45e2-b270-ab63af8a6e30,01,,Hamburg,21033,DE600,DEU
c92fe955-e074-45e2-b270-ab63af8a6e30,01,LOT-0001,Hamburg,21033,DE600,DEU
846aa4fb-948a-48cf-9b6f-0b9d5add1ffa,05,,Halle (Saale),,DEE02,DEU
846aa4fb-948a-48cf-9b6f-0b9d5add1ffa,05,LOT-0000,,,DEE02,DEU
ec07ce3b-6024-4d6e-b732-6f5218b332b4,02,,,,DE236,DEU
ec07ce3b-6024-4d6e-b732-6f5218b332b4,02,LOT-0001,,,DE236,DEU
4f135c7e-421a-4a18-96b3-42acb5886bd3,02,,,,DEE08,DEU
4f135c7e-421a-4a18-96b3-42acb5886bd3,02,LOT-0001,,,DEE08,DEU
2e39367e-8a41-4431-a32e-ad0a284f236e,02,,,,DE71E,DEU
2e39367e-8a41-4431-a32e-ad0a284f236e,02,LOT-0001,,,DE71E,DEU
2ae1cd41-6e2c-4ea0-880f-730fbc13c727,01,,Worms,67547,DEB39,DEU
2ae1cd41-6e2c-4ea0-880f-730fbc13c727,01,LOT-0000,Worms,67547,DEB39,DEU
c3c3c991-ddef-4be9-8019-79e0977619b1,01,,Oldenburg,26129,DE943,DEU
c3c3c991-ddef-4be9-8019-79e0977619b1,01,LOT-0001,Oldenburg,26129,DE943,DEU
ed9237f6-d2c2-4613-be5a-13617329b435,02,,,,DE21K,DEU
ed9237f6-d2c2-4613-be5a-13617329b435,02,LOT-0001,,,DE21K,DEU
9c08a1ab-83d4-49e8-a1d2-0cba0d37ceaa,01,,,,DE21K,DEU
9c08a1ab-83d4-49e8-a1d2-0cba0d37ceaa,01,LOT-0001,,,DE21K,DEU
8a5794f3-558e-4156-86a7-1950acb1d1e6,01,,,,DE212,DEU
8a5794f3-558e-4156-86a7-1950acb1d1e6,01,LOT-0000,,,DE212,DEU
ac66cbd7-4e75-4d04-a276-96c26831c4b1,01,,Solingen,42699,DEA19,DEU
ac66cbd7-4e75-4d04-a276-96c26831c4b1,01,LOT-0001,Solingen,42699,DEA19,DEU
01a0a4d3-42d3-44f0-b13d-d8b56e99fc69,01,,Freiberg,09599,DED43,DEU
01a0a4d3-42d3-44f0-b13d-d8b56e99fc69,01,LOT-0001,Freiberg,09599,DED43,DEU
78d1a7ca-9cba-4604-87cb-316487d61edd,01,,,,DE405,DEU
78d1a7ca-9cba-4604-87cb-316487d61edd,01,LOT-0001,,,DE405,DEU
78d1a7ca-9cba-4604-87cb-316487d61edd,01,LOT-0002,,,DE405,DEU
78d1a7ca-9cba-4604-87cb-316487d61edd,01,LOT-0003,,,DE405,DEU
78d1a7ca-9cba-4604-87cb-316487d61edd,01,LOT-0004,,,DE405,DEU
78d1a7ca-9cba-4604-87cb-316487d61edd,01,LOT-0005,,,DE405,DEU
78d1a7ca-9cba-4604-87cb-316487d61edd,01,LOT-0006,,,DE405,DEU
78d1a7ca-9cba-4604-87cb-316487d61edd,01,LOT-0007,,,DE405,DEU
78d1a7ca-9cba-4604-87cb-316487d61edd,01,LOT-0008,,,DE405,DEU
78d1a7ca-9cba-4604-87cb-316487d61edd,01,LOT-0009,,,DE405,DEU
78d1a7ca-9cba-4604-87cb-316487d61edd,01,LOT-0010,,,DE405,DEU
78d1a7ca-9cba-4604-87cb-316487d61edd,01,LOT-0011,,,DE405,DEU
78d1a7ca-9cba-4604-87cb-316487d61edd,01,LOT-0012,,,DE405,DEU
78d1a7ca-9cba-4604-87cb-316487d61edd,01,LOT-0013,,,DE405,DEU
78d1a7ca-9cba-4604-87cb-316487d61edd,01,LOT-0014,,,DE405,DEU
78d1a7ca-9cba-4604-87cb-316487d61edd,01,LOT-0015,,,DE405,DEU
78d1a7ca-9cba-4604-87cb-316487d61edd,01,LOT-0016,,,DE405,DEU
d6da6ed7-48c3-48d2-9cac-66f689d15028,1,,,,,
d6da6ed7-48c3-48d2-9cac-66f689d15028,1,LOT-0000,,,,
f7488eee-a1ed-4f47-b78a-a9219f06abe3,1,,,,,
f7488eee-a1ed-4f47-b78a-a9219f06abe3,1,LOT-0000,,,,
25826990,1,,Landkreis Rotenburg (Wüme),,,DEU
25826990,1,LOT-0000,Landkreis Rotenburg (Wüme),,,DEU
25826986,1,,München,,DE2,DEU
25826986,1,LOT-0000,München,,DE2,DEU
25826982,1,,Schwindegg,,DE2,DEU
25826982,1,LOT-0000,Schwindegg,,DE2,DEU
25818298,1,,Elmshorn,,DEF,DEU
25818298,1,LOT-0000,Elmshorn,,DEF,DEU
25821782,1,,Fuerth,,DE2,DEU
25821782,1,LOT-0000,Fuerth,,DE2,DEU
25818322,2,,Klein Berßen,,DE9,DEU
25818322,2,LOT-0000,Klein Berßen,,DE9,DEU
25822872,1,,Bad Kreuznach,,DEB,DEU
25822872,1,LOT-0000,Bad Kreuznach,,DEB,DEU
25822876,1,,Schwelm,,DEA,DEU
25822876,1,LOT-0000,Schwelm,,DEA,DEU
25822880,1,,Esterwegen,,DE9,DEU
25822880,1,LOT-0000,Esterwegen,,DE9,DEU
25822884,1,,Mühlhausen,,DEG,DEU
25822884,1,LOT-0000,Mühlhausen,,DEG,DEU
25822888,1,,Eggesin,,DE8,DEU
25822888,1,LOT-0000,Eggesin,,DE8,DEU
25822892,1,,Düsseldorf,,DEA,DEU
25822892,1,LOT-0000,Düsseldorf,,DEA,DEU
25822896,1,,Bad Kreuznach,,DEB,DEU
25822896,1,LOT-0000,Bad Kreuznach,,DEB,DEU
25822900,1,,Esterwegen,,DE9,DEU
25822900,1,LOT-0000,Esterwegen,,DE9,DEU
25822904,1,,Neuss,,DEA,DEU
25822904,1,LOT-0000,Neuss,,DEA,DEU
25822908,1,,Herxheim,,DEB,DEU
25822908,1,LOT-0000,Herxheim,,DEB,DEU
25822912,1,,Bremervörde,,DE9,DEU
25822912,1,LOT-0000,Bremervörde,,DE9,DEU
25822916,1,,Berlin,,DE3,DEU
25822916,1,LOT-0000,Berlin,,DE3,DEU
25822920,1,,Lübeck,,DEF,DEU
25822920,1,LOT-0000,Lübeck,,DEF,DEU
25822924,1,,Freisen,,DEC,DEU
25822924,1,LOT-0000,Freisen,,DEC,DEU
25822928,1,,Freisen,,DEC,DEU
25822928,1,LOT-0000,Freisen,,DEC,DEU
25822932,1,,Köln,,DEA,DEU
25822932,1,LOT-0000,Köln,,DEA,DEU
25822936,1,,Bremen,,DE5,DEU
25822936,1,LOT-0000,Bremen,,DE5,DEU
25822944,1,,Meppen,,DE9,DEU
25822944,1,LOT-0000,Meppen,,DE9,DEU
25822948,1,,Mühlhausen,,DEG,DEU
25822948,1,LOT-0000,Mühlhausen,,DEG,DEU
25822952,1,,Löcknitz,,DE8,DEU
25822952,1,LOT-0000,Löcknitz,,DE8,DEU
25822956,1,,Braunschweig,,DE9,DEU
25822956,1,LOT-0000,Braunschweig,,DE9,DEU
25822960,1,,Bad Bevensen,,DE9,DEU
25822960,1,LOT-0000,Bad Bevensen,,DE9,DEU
25822964,1,,Malchin,,DE8,DEU
25822964,1,LOT-0000,Malchin,,DE8,DEU
25822836,1,,Koblenz,,DEB,DEU
25822836,1,LOT-0000,Koblenz,,DEB,DEU
25822840,1,,Alzey,,DEB,DEU
25822840,1,LOT-0000,Alzey,,DEB,DEU
25822844,1,,Grevenbroich,,DEA,DEU
25822844,1,LOT-0000,Grevenbroich,,DEA,DEU
25822848,1,,Nienburg,,DE9,DEU
25822848,1,LOT-0000,Nienburg,,DE9,DEU
25822852,1,,Bremervörde,,DE9,DEU
25822852,1,LOT-0000,Bremervörde,,DE9,DEU
25822856,1,,Celle,,DE9,DEU
25822856,1,LOT-0000,Celle,,DE9,DEU
25822860,1,,Kirchheim Unter Teck,,DE1,DEU
25822860,1,LOT-0000,Kirchheim Unter Teck,,DE1,DEU
25822868,1,,Berlin,,DE3,DEU
25822868,1,LOT-0000,Berlin,,DE3,DEU
25825356,1,,^Geislingen An Der Steige,,DE1,DEU
25825356,1,LOT-0000,^Geislingen An Der Steige,,DE1,DEU
25825360,1,,Berlin,,DE3,DEU
25825360,1,LOT-0000,Berlin,,DE3,DEU
25825364,1,,Langenlonsheim U.A.,,DEB,DEU
25825364,1,LOT-0000,Langenlonsheim U.A.,,DEB,DEU
25825368,1,,Sprockhövel,,DEA,DEU
25825368,1,LOT-0000,Sprockhövel,,DEA,DEU
25825372,1,,Surwold,,DE9,DEU
25825372,1,LOT-0000,Surwold,,DE9,DEU
25825376,1,,Mühlhausen/Thüringen,,DEG,DEU
25825376,1,LOT-0000,Mühlhausen/Thüringen,,DEG,DEU
25825380,1,,Hintersee,,DE8,DEU
25825380,1,LOT-0000,Hintersee,,DE8,DEU
25825384,1,,Laer,,DEA,DEU
25825384,1,LOT-0000,Laer,,DEA,DEU
25825388,1,,Bad Kreuznach,,DEB,DEU
25825388,1,LOT-0000,Bad Kreuznach,,DEB,DEU
25825392,1,,Surwold,,DE9,DEU
25825392,1,LOT-0000,Surwold,,DE9,DEU
25825396,1,,Neuss,,DEA,DEU
25825396,1,LOT-0000,Neuss,,DEA,DEU
25825400,1,,Bremervörde,,DE9,DEU
25825400,1,LOT-0000,Bremervörde,,DE9,DEU
25825404,1,,Berlin,,DE3,DEU
25825404,1,LOT-0000,Berlin,,DE3,DEU
25825408,1,,Lübeck,,DEF,DEU
25825408,1,LOT-0000,Lübeck,,DEF,DEU
25825412,1,,Freisen,,DEC,DEU
25825412,1,LOT-0000,Freisen,,DEC,DEU
25825416,1,,Freisen,,DEC,DEU
25825416,1,LOT-0000,Freisen,,DEC,DEU
25825420,1,,Köln,,DEA,DEU
25825420,1,LOT-0000,Köln,,DEA,DEU
25825424,1,,Meppen,,DE9,DEU
25825424,1,LOT-0000,Meppen,,DE9,DEU
25825428,1,,Mühlhausen,,DEG,DEU
25825428,1,LOT-0000,Mühlhausen,,DEG,DEU
25825432,1,,Krummendeich,,DE9,DEU
25825432,1,LOT-0000,Krummendeich,,DE9,DEU
25825436,1,,Bad Bevensen,,DE9,DEU
25825436,1,LOT-0000,Bad Bevensen,,DE9,DEU
25825440,1,,Malchin,,DE8,DEU
25825440,1,LOT-0000,Malchin,,DE8,DEU
25821438,2,,Dörpen,,DE9,DEU
25821438,2,LOT-0000,Dörpen,,DE9,DEU
25825332,1,,Koblenz,,DEB,DEU
25825332,1,LOT-0000,Koblenz,,DEB,DEU
25825336,1,,Alzey,,DEB,DEU
25825336,1,LOT-0000,Alzey,,DEB,DEU
25825340,1,,Grevenbroich,,DEA,DEU
25825340,1,LOT-0000,Grevenbroich,,DEA,DEU
25825344,1,,Nienburg,,DE9,DEU
25825344,1,LOT-0000,Nienburg,,DE9,DEU
25825348,1,,Bremervörde,,DE9,DEU
25825348,1,LOT-0000,Bremervörde,,DE9,DEU
25825352,1,,Eschede Ortsteil Höfer,,DE9,DEU
25825352,1,LOT-0000,Eschede Ortsteil Höfer,,DE9,DEU
25817140,2,,Barth,,DE8,DEU
25817140,2,LOT-0000,Barth,,DE8,DEU
25825328,1,,Elmshorn,,DEF,DEU
25825328,1,LOT-0000,Elmshorn,,DEF,DEU
25821434,2,,Bremen,,DE5,DEU
25821434,2,LOT-0000,Bremen,,DE5,DEU
25635804,1,,Herxheim,,DEB,DEU
25635804,1,LOT-0000,Herxheim,,DEB,DEU
25750966,2,,Löcknitz,,DE8,DEU
25750966,2,LOT-0000,Löcknitz,,DE8,DEU
25827228,1,,Tagebau Golpa-Nord (Gremminer See) Und Tagebau Gröbern (Gröberner See),,,DEU
25827228,1,LOT-0000,Tagebau Golpa-Nord (Gremminer See) Und Tagebau Gröbern (Gröberner See),,,DEU
25744564,2,,Berlin,,DE3,DEU
25744564,2,LOT-0000,Berlin,,DE3,DEU
25723776,3,,Neukieritzsch,,DED,DEU
25723776,3,LOT-0000,Neukieritzsch,,DED,DEU
25827124,1,,Schondorf,,DE2,DEU
25827124,1,LOT-0000,Schondorf,,DE2,DEU
25822500,1,,Einkauf Lieferungen Und Leistungen Neue Jüdenstr. 2 10179 Berlin,,,DEU
25822500,1,LOT-0000,Einkauf Lieferungen Und Leistungen Neue Jüdenstr. 2 10179 Berlin,,,DEU
25823454,1,,Müncheberg,,DE4,DEU
25823454,1,LOT-0000,Müncheberg,,DE4,DEU
25825624,1,,Meschede,,DEA,DEU
25825624,1,LOT-0000,Meschede,,DEA,DEU
25719552,1,,Winden,,DEB,DEU
25719552,1,LOT-0000,Winden,,DEB,DEU
25823356,1,,München,,DE2,DEU
25823356,1,LOT-0000,München,,DE2,DEU
25823352,1,,München,,DE2,DEU
25823352,1,LOT-0000,München,,DE2,DEU
25823338,1,,Potsdam,,DE4,DEU
25823338,1,LOT-0000,Potsdam,,DE4,DEU
25827156,1,,Rentweinsdorf,,DE2,DEU
25827156,1,LOT-0000,Rentweinsdorf,,DE2,DEU
25822526,1,,"Pillnitzer Platz 3, 01326, Dresden",,DED,DEU
25822526,1,LOT-0000,"Pillnitzer Platz 3, 01326, Dresden",,DED,DEU
25825788,1,,Rheinbach,,DEA,DEU
25825788,1,LOT-0000,Rheinbach,,DEA,DEU
25825848,1,,Kaiserslautern,,DEB,DEU
25825848,1,LOT-0000,Kaiserslautern,,DEB,DEU
25823450,1,,Falkenberg,,DE4,DEU
25823450,1,LOT-0000,Falkenberg,,DE4,DEU
25823310,1,,Kirtorf,,DE7,DEU
25823310,1,LOT-0000,Kirtorf,,DE7,DEU
25822816,1,,Aschersleben,,DEE,DEU
25822816,1,LOT-0000,Aschersleben,,DEE,DEU
25822756,1,,Hamburg,,DE6,DEU
25822756,1,LOT-0000,Hamburg,,DE6,DEU
25822708,1,,Kirchberg,,DED,DEU
25822708,1,LOT-0000,Kirchberg,,DED,DEU
25823406,1,,Potsdam,,DE4,DEU
25823406,1,LOT-0000,Potsdam,,DE4,DEU
25823012,1,,Soltau,,DE9,DEU
25823012,1,LOT-0000,Soltau,,DE9,DEU
25825852,1,,Idar-Oberstein,,DEB,DEU
25825852,1,LOT-0000,Idar-Oberstein,,DEB,DEU
25822632,1,,Pirna,,DED,DEU
25822632,1,LOT-0000,Pirna,,DED,DEU
25822628,1,,Pirna,,DED,DEU
25822628,1,LOT-0000,Pirna,,DED,DEU
25822624,1,,Pirna,,DED,DEU
25822624,1,LOT-0000,Pirna,,DED,DEU
25822620,1,,Jever,,DE9,DEU
25822620,1,LOT-0000,Jever,,DE9,DEU
25825660,1,,Brilon-Altenbüren,,DEA,DEU
25825660,1,LOT-0000,Brilon-Altenbüren,,DEA,DEU
25823334,1,,Hattstedt,,DEF,DEU
25823334,1,LOT-0000,Hattstedt,,DEF,DEU
25825784,1,,Recklinghausen,,DEA,DEU
25825784,1,LOT-0000,Recklinghausen,,DEA,DEU
25827188,1,,Dresden,,DED,DEU
25827188,1,LOT-0000,Dresden,,DED,DEU
25823104,1,,Bad Zwischenahn,,DE9,DEU
25823104,1,LOT-0000,Bad Zwischenahn,,DE9,DEU
25823326,1,,Dresden,,DED,DEU
25823326,1,LOT-0000,Dresden,,DED,DEU
25827084,1,,Passau,,DE2,DEU
25827084,1,LOT-0000,Passau,,DE2,DEU
25823348,1,,München,,DE2,DEU
25823348,1,LOT-0000,München,,DE2,DEU
25827184,1,,Dresden,,DED,DEU
25827184,1,LOT-0000,Dresden,,DED,DEU
25823344,1,,München,,DE2,DEU
25823344,1,LOT-0000,München,,DE2,DEU
25823446,1,,Rüthnick,,DE4,DEU
25823446,1,LOT-0000,Rüthnick,,DE4,DEU
25823442,1,,Eberswalde,,DE4,DEU
25823442,1,LOT-0000,Eberswalde,,DE4,DEU
25776634,2,,Hannover,,DE9,DEU
25776634,2,LOT-0000,Hannover,,DE9,DEU
25827180,1,,Leipzig,,DED,DEU
25827180,1,LOT-0000,Leipzig,,DED,DEU
25825628,1,,Ibbenbüren,,DEA,DEU
25825628,1,LOT-0000,Ibbenbüren,,DEA,DEU
25827176,1,,"Sächsisches Krankenhaus Rodewisch, Dachsanierung Geb. B21 Bahnhofstraße , 08228 Rodewisch",,,DEU
25827176,1,LOT-0000,"Sächsisches Krankenhaus Rodewisch, Dachsanierung Geb. B21 Bahnhofstraße , 08228 Rodewisch",,,DEU
25825462,1,,B7 Od Netra Landstraße,,,DEU
25825462,1,LOT-0000,B7 Od Netra Landstraße,,,DEU
25826954,1,,"Bauerberg 10, Hamburg",,DE6,DEU
25826954,1,LOT-0000,"Bauerberg 10, Hamburg",,DE6,DEU
25823214,1,,Berlin,,DE3,DEU
25823214,1,LOT-0000,Berlin,,DE3,DEU
25826978,1,,Porta Westfalica,,DEA,DEU
25826978,1,LOT-0000,Porta Westfalica,,DEA,DEU
25825776,1,,Eitorf,,DEA,DEU
25825776,1,LOT-0000,Eitorf,,DEA,DEU
25823084,1,,Hildesheim,,DE9,DEU
25823084,1,LOT-0000,Hildesheim,,DE9,DEU
25822616,1,,Jever,,DE9,DEU
25822616,1,LOT-0000,Jever,,DE9,DEU
25825844,1,,Idar-Oberstein,,DEB,DEU
25825844,1,LOT-0000,Idar-Oberstein,,DEB,DEU
25823218,1,,Berlin,,DE3,DEU
25823218,1,LOT-0000,Berlin,,DE3,DEU
25825772,1,,Duisburg,,DEA,DEU
25825772,1,LOT-0000,Duisburg,,DEA,DEU
25823076,1,,Söhlde,,DE9,DEU
25823076,1,LOT-0000,Söhlde,,DE9,DEU
25826950,1,,Hamburg,,DE6,DEU
25826950,1,LOT-0000,Hamburg,,DE6,DEU
25826974,1,,Wallenborn,,DEB,DEU
25826974,1,LOT-0000,Wallenborn,,DEB,DEU
25825446,1,,"Sm Bad Freienwalde, Sm Beeskow, Sm Seelow, Sm Calau, Sm Elsterwerda, Sm Herzberg, Sm Lübben, Sm Luckau, Sm Waldstadt",,,DEU
25825446,1,LOT-0000,"Sm Bad Freienwalde, Sm Beeskow, Sm Seelow, Sm Calau, Sm Elsterwerda, Sm Herzberg, Sm Lübben, Sm Luckau, Sm Waldstadt",,,DEU
25822748,1,,Ilmenau,,DEG,DEU
25822748,1,LOT-0000,Ilmenau,,DEG,DEU
25822584,1,,Glaubitz,,DED,DEU
25822584,1,LOT-0000,Glaubitz,,DED,DEU
25823072,1,,Northeim,,DE9,DEU
25823072,1,LOT-0000,Northeim,,DE9,DEU
25823056,1,,Verden,,DE9,DEU
25823056,1,LOT-0000,Verden,,DE9,DEU
25827172,1,,Leipzig,,DED,DEU
25827172,1,LOT-0000,Leipzig,,DED,DEU
25822664,1,,Radebeul,,DED,DEU
25822664,1,LOT-0000,Radebeul,,DED,DEU
25822612,1,,Görlitz,,DED,DEU
25822612,1,LOT-0000,Görlitz,,DED,DEU
25823478,1,,Maikammer,,DEB,DEU
25823478,1,LOT-0000,Maikammer,,DEB,DEU
25823784,1,,Reichelsheim,,DE7,DEU
25823784,1,LOT-0000,Reichelsheim,,DE7,DEU
25823508,1,,Lviv City,,DE7,DEU
25823508,1,LOT-0000,Lviv City,,DE7,DEU
25776550,2,,Hamburg,,DE6,DEU
25776550,2,LOT-0000,Hamburg,,DE6,DEU
25823306,1,,Würzburg,,DE2,DEU
25823306,1,LOT-0000,Würzburg,,DE2,DEU
25825644,1,,Coesfeld,,DEA,DEU
25825644,1,LOT-0000,Coesfeld,,DEA,DEU
25823474,1,,Maikammer,,DEB,DEU
25823474,1,LOT-0000,Maikammer,,DEB,DEU
25825840,1,,Idar-Oberstein,,DEB,DEU
25825840,1,LOT-0000,Idar-Oberstein,,DEB,DEU
25823294,1,,Harmsdorf,,DEF,DEU
25823294,1,LOT-0000,Harmsdorf,,DEF,DEU
25826942,1,,Gemeinde Scheeßel,,DE9,DEU
25826942,1,LOT-0000,Gemeinde Scheeßel,,DE9,DEU
25827168,1,,Dresden,,DED,DEU
25827168,1,LOT-0000,Dresden,,DED,DEU
25825818,1,,Gelsenkirchen,,DEA,DEU
25825818,1,LOT-0000,Gelsenkirchen,,DEA,DEU
25822828,1,,Leipzig,,DED,DEU
25822828,1,LOT-0000,Leipzig,,DED,DEU
25822608,1,,Dresden,,DED,DEU
25822608,1,LOT-0000,Dresden,,DED,DEU
25822604,1,,Olbernhau,,DED,DEU
25822604,1,LOT-0000,Olbernhau,,DED,DEU
25822994,1,,Sindelfingen,,DE1,DEU
25822994,1,LOT-0000,Sindelfingen,,DE1,DEU
25659566,4,,Bodenwöhr,,DE2,DEU
25659566,4,LOT-0000,Bodenwöhr,,DE2,DEU
25823282,1,,Berlin,,DE3,DEU
25823282,1,LOT-0000,Berlin,,DE3,DEU
25825324,1,,Hansestadt Stade Kommunale Betriebe Stade Auf Der Koppel 6 21682 Stade,,,DEU
25825324,1,LOT-0000,Hansestadt Stade Kommunale Betriebe Stade Auf Der Koppel 6 21682 Stade,,,DEU
25822498,1,,"Deutsche Rentenversicherung Bund Dienstgebäude Berlin 10709 Berlin, Ruhrstraße 2 10709 Berlin, Seesener Str. 6 / 62-64 10711 Berlin, Heilbronner Str. 26 10713 Berlin, Hohenzollerndamm 46-47 10713 Berlin, Wallenbergstr. 13 10963 Berlin, Hallesche Str. 1 1",,,DEU
25822498,1,LOT-0000,"Deutsche Rentenversicherung Bund Dienstgebäude Berlin 10709 Berlin, Ruhrstraße 2 10709 Berlin, Seesener Str. 6 / 62-64 10711 Berlin, Heilbronner Str. 26 10713 Berlin, Hohenzollerndamm 46-47 10713 Berlin, Wallenbergstr. 13 10963 Berlin, Hallesche Str. 1 1",,,DEU
25823230,1,,Leipzig,,DED,DEU
25823230,1,LOT-0000,Leipzig,,DED,DEU
25825610,1,,Bergheim,,DEA,DEU
25825610,1,LOT-0000,Bergheim,,DEA,DEU
25826052,1,,Berlin,,DE3,DEU
25826052,1,LOT-0000,Berlin,,DE3,DEU
25826056,1,,Berlin,,DE3,DEU
25826056,1,LOT-0000,Berlin,,DE3,DEU
25823362,1,,Groß Wasserburg,,DE4,DEU
25823362,1,LOT-0000,Groß Wasserburg,,DE4,DEU
25823366,1,,Krausnick - Groß Wasserburg,,DE4,DEU
25823366,1,LOT-0000,Krausnick - Groß Wasserburg,,DE4,DEU
25825606,1,,Wuppertal,,DEA,DEU
25825606,1,LOT-0000,Wuppertal,,DEA,DEU
25822600,1,,Leipzig,,DED,DEU
25822600,1,LOT-0000,Leipzig,,DED,DEU
25822596,1,,Chemnitz,,DED,DEU
25822596,1,LOT-0000,Chemnitz,,DED,DEU
25823060,1,,Wallenhorst,,DE9,DEU
25823060,1,LOT-0000,Wallenhorst,,DE9,DEU
25825602,1,,Dortmund,,DEA,DEU
25825602,1,LOT-0000,Dortmund,,DEA,DEU
25825648,1,,Paderborn,,DEA,DEU
25825648,1,LOT-0000,Paderborn,,DEA,DEU
25822804,1,,Merseburg,,DEE,DEU
25822804,1,LOT-0000,Merseburg,,DEE,DEU
25822800,1,,Lutherstadt Eisleben Ot Volkstedt,,DEE,DEU
25822800,1,LOT-0000,Lutherstadt Eisleben Ot Volkstedt,,DEE,DEU
25823470,1,,Cochem,,DEB,DEU
25823470,1,LOT-0000,Cochem,,DEB,DEU
25825768,1,,Dortmund,,DEA,DEU
25825768,1,LOT-0000,Dortmund,,DEA,DEU
25826918,1,,Kargow,,DE8,DEU
25826918,1,LOT-0000,Kargow,,DE8,DEU
25822796,1,,Luterstadt Eisleben Ot Volkstedt,,DEE,DEU
25822796,1,LOT-0000,Luterstadt Eisleben Ot Volkstedt,,DEE,DEU
25822744,1,,Leinefelde-Worbis Ot Bodenstein,,DEG,DEU
25822744,1,LOT-0000,Leinefelde-Worbis Ot Bodenstein,,DEG,DEU
25822752,1,,Rostock,,DE8,DEU
25822752,1,LOT-0000,Rostock,,DE8,DEU
25822672,1,,Spreetal,,DED,DEU
25822672,1,LOT-0000,Spreetal,,DED,DEU
25822668,1,,Dresden,,DED,DEU
25822668,1,LOT-0000,Dresden,,DED,DEU
25822990,1,,Herrenberg,,DE1,DEU
25822990,1,LOT-0000,Herrenberg,,DE1,DEU
25822478,1,,Eichstätt,,DE2,DEU
25822478,1,LOT-0000,Eichstätt,,DE2,DEU
25823158,1,,Saarbrücken,,DEC,DEU
25823158,1,LOT-0000,Saarbrücken,,DEC,DEU
25807478,2,,Hamburg,,DE6,DEU
25807478,2,LOT-0000,Hamburg,,DE6,DEU
25822792,1,,Lutherstadt Eisleben Ot Volkstedt,,DEE,DEU
25822792,1,LOT-0000,Lutherstadt Eisleben Ot Volkstedt,,DEE,DEU
25822784,1,,Kelbra (Kyffhäuser),,DEE,DEU
25822784,1,LOT-0000,Kelbra (Kyffhäuser),,DEE,DEU
25822592,1,,Riesa,,DED,DEU
25822592,1,LOT-0000,Riesa,,DED,DEU
25822580,1,,Chemnitz,,DED,DEU
25822580,1,LOT-0000,Chemnitz,,DED,DEU
25823438,1,,Brandenburg An Der Havel,,DE4,DEU
25823438,1,LOT-0000,Brandenburg An Der Havel,,DE4,DEU
25825666,1,,Wipperfürth,,DEA,DEU
25825666,1,LOT-0000,Wipperfürth,,DEA,DEU
25825718,1,,Köln,,DEA,DEU
25825718,1,LOT-0000,Köln,,DEA,DEU
25825636,1,,Coesfeld,,DEA,DEU
25825636,1,LOT-0000,Coesfeld,,DEA,DEU
25825824,1,,Koblenz,,DEB,DEU
25825824,1,LOT-0000,Koblenz,,DEB,DEU
25825316,1,,Bildungszentrum Hansemann Barbarastr. 7 44357 Dortmund,,DEA,DEU
25825316,1,LOT-0000,Bildungszentrum Hansemann Barbarastr. 7 44357 Dortmund,,DEA,DEU
25758778,3,,A391 Ak Bs-Nord - As Wenden,,,DEU
25758778,3,LOT-0000,A391 Ak Bs-Nord - As Wenden,,,DEU
25823266,1,,Holzminden,,DE9,DEU
25823266,1,LOT-0000,Holzminden,,DE9,DEU
25823052,1,,Zetel,,DE9,DEU
25823052,1,LOT-0000,Zetel,,DE9,DEU
25822780,1,,Magdeburg,,DEE,DEU
25822780,1,LOT-0000,Magdeburg,,DEE,DEU
25823262,1,,Brake,,DE9,DEU
25823262,1,LOT-0000,Brake,,DE9,DEU
25825586,1,,Hückelhoven-Ratheim,,DEA,DEU
25825586,1,LOT-0000,Hückelhoven-Ratheim,,DEA,DEU
25822652,1,,Dresden,,DED,DEU
25822652,1,LOT-0000,Dresden,,DED,DEU
25823430,1,,Fürstenwalde/Spree,,DE4,DEU
25823430,1,LOT-0000,Fürstenwalde/Spree,,DE4,DEU
25823772,1,,Universität Des Saarlandes 66123 Campus Saarbrücken 66125 Campus Dudweiler,,,DEU
25823772,1,LOT-0000,Universität Des Saarlandes 66123 Campus Saarbrücken 66125 Campus Dudweiler,,,DEU
25826946,1,,Sierksdorf,,DEF,DEU
25826946,1,LOT-0000,Sierksdorf,,DEF,DEU
25823768,1,,Stadtgebiet Germersheim Und Ortsteil Sondernheim,,,DEU
25823768,1,LOT-0000,Stadtgebiet Germersheim Und Ortsteil Sondernheim,,,DEU
25822568,1,,Annaberg-Buchholz,,DED,DEU
25822568,1,LOT-0000,Annaberg-Buchholz,,DED,DEU
25823254,1,,Berlin,,DE3,DEU
25823254,1,LOT-0000,Berlin,,DE3,DEU
25822978,1,,Rostock,,DE8,DEU
25822978,1,LOT-0000,Rostock,,DE8,DEU
25823434,1,,Cottbus,,DE4,DEU
25823434,1,LOT-0000,Cottbus,,DE4,DEU
25825458,1,,"Friedberg, Frankfurter Strasse",,DE7,DEU
25825458,1,LOT-0000,"Friedberg, Frankfurter Strasse",,DE7,DEU
25822564,1,,Demitz-Thumitz,,DED,DEU
25822564,1,LOT-0000,Demitz-Thumitz,,DED,DEU
25823764,1,,Bellheim,,DEB,DEU
25823764,1,LOT-0000,Bellheim,,DEB,DEU
25823426,1,,Brieselang,,DE4,DEU
25823426,1,LOT-0000,Brieselang,,DE4,DEU
25823048,1,,Braunschweig,,DE9,DEU
25823048,1,LOT-0000,Braunschweig,,DE9,DEU
25822740,1,,Hörselberg-Hainich Ot Reichenbach/Behringen,,DEG,DEU
25822740,1,LOT-0000,Hörselberg-Hainich Ot Reichenbach/Behringen,,DEG,DEU
25822560,1,,Glaubitz,,DED,DEU
25822560,1,LOT-0000,Glaubitz,,DED,DEU
25825442,1,,Straßenmeisterei Mittenwalde,,,DEU
25825442,1,LOT-0000,Straßenmeisterei Mittenwalde,,,DEU
25826048,1,,Berlin,,DE3,DEU
25826048,1,LOT-0000,Berlin,,DE3,DEU
25825308,1,,"Wasserversorgungsverband Overledingen, Schwarzmoorstraße 32; 26817 Rhauderfehn",,,DEU
25825308,1,LOT-0000,"Wasserversorgungsverband Overledingen, Schwarzmoorstraße 32; 26817 Rhauderfehn",,,DEU
25826926,1,,"Minden, Innenstadt",,DEA,DEU
25826926,1,LOT-0000,"Minden, Innenstadt",,DEA,DEU
25823250,1,,Garbsen-Stelingen,,DE9,DEU
25823250,1,LOT-0000,Garbsen-Stelingen,,DE9,DEU
25771066,2,,Ökologische Station An Der Südradde 49624 Löningen,,,DEU
25771066,2,LOT-0000,Ökologische Station An Der Südradde 49624 Löningen,,,DEU
25823246,1,,Greifswald,,DE8,DEU
25823246,1,LOT-0000,Greifswald,,DE8,DEU
25823162,1,,Altenbeken,,DEA,DEU
25823162,1,LOT-0000,Altenbeken,,DEA,DEU
25823460,1,,Stadt Halle (Saale) Fachbereich Sicherheit An Der Feuerwache 5 06124 Halle (Saale),,,DEU
25823460,1,LOT-0000,Stadt Halle (Saale) Fachbereich Sicherheit An Der Feuerwache 5 06124 Halle (Saale),,,DEU
25822700,1,,Werdau,,DED,DEU
25822700,1,LOT-0000,Werdau,,DED,DEU
25776542,4,,München,,DE2,DEU
25776542,4,LOT-0000,München,,DE2,DEU
25823044,1,,Jade,,DE9,DEU
25823044,1,LOT-0000,Jade,,DE9,DEU
25826894,1,,Rotenburg (Wümme),,DE9,DEU
25826894,1,LOT-0000,Rotenburg (Wümme),,DE9,DEU
25825656,1,,Ibbenbüren,,DEA,DEU
25825656,1,LOT-0000,Ibbenbüren,,DEA,DEU
25823242,1,,Dortmund,,DEA,DEU
25823242,1,LOT-0000,Dortmund,,DEA,DEU
25826922,1,,Konken,,DEB,DEU
25826922,1,LOT-0000,Konken,,DEB,DEU
25823154,1,,Saarbrücken,,DEC,DEU
25823154,1,LOT-0000,Saarbrücken,,DEC,DEU
25822510,1,,Siehe Teil A Der Leistungsbeschreibung,,,DEU
25822510,1,LOT-0000,Siehe Teil A Der Leistungsbeschreibung,,,DEU
25823422,1,,Cottbus,,DE4,DEU
25823422,1,LOT-0000,Cottbus,,DE4,DEU
25825304,1,,Sporthalle Neustraße Neustraße 85 46236 Bottrop,,,DEU
25825304,1,LOT-0000,Sporthalle Neustraße Neustraße 85 46236 Bottrop,,,DEU
25822736,1,,Nordhausen,,DEG,DEU
25822736,1,LOT-0000,Nordhausen,,DEG,DEU
25825706,1,,Rheinbach,,DEA,DEU
25825706,1,LOT-0000,Rheinbach,,DEA,DEU
25826914,1,,"Landshut, Altstadt",,DE2,DEU
25826914,1,LOT-0000,"Landshut, Altstadt",,DE2,DEU
25826004,1,,Germering,,DE2,DEU
25826004,1,LOT-0000,Germering,,DE2,DEU
25826008,1,,Germering,,DE2,DEU
25826008,1,LOT-0000,Germering,,DE2,DEU
25823238,1,,Schwerin,,DE8,DEU
25823238,1,LOT-0000,Schwerin,,DE8,DEU
25781004,2,,Nürnberg,,DE2,DEU
25781004,2,LOT-0000,Nürnberg,,DE2,DEU
25823418,1,,Eberswalde,,DE4,DEU
25823418,1,LOT-0000,Eberswalde,,DE4,DEU
25826910,1,,Demmin,,DE8,DEU
25826910,1,LOT-0000,Demmin,,DE8,DEU
25823466,1,,Pirmasens,,DEB,DEU
25823466,1,LOT-0000,Pirmasens,,DEB,DEU
25825300,1,,Wasserversorgungsverband Overledingen Schwarzmoorstraße 32; Rhauderfehn,,,DEU
25825300,1,LOT-0000,Wasserversorgungsverband Overledingen Schwarzmoorstraße 32; Rhauderfehn,,,DEU
25825620,1,,Rheine,,DEA,DEU
25825620,1,LOT-0000,Rheine,,DEA,DEU
25823234,1,,Hagen,,DEA,DEU
25823234,1,LOT-0000,Hagen,,DEA,DEU
25825702,1,,Overath,,DEA,DEU
25825702,1,LOT-0000,Overath,,DEA,DEU
25823370,1,,Bernau Bei Berlin,,DE4,DEU
25823370,1,LOT-0000,Bernau Bei Berlin,,DE4,DEU
25826886,1,,"Eichenstraße, Oldenburg (Oldb)",,DE9,DEU
25826886,1,LOT-0000,"Eichenstraße, Oldenburg (Oldb)",,DE9,DEU
25826102,1,,Logistikzentrum Baden-Württemberg (Lzbw) Siemensstraße 27 71254 Ditzingen,,,DEU
25826102,1,LOT-0000,Logistikzentrum Baden-Württemberg (Lzbw) Siemensstraße 27 71254 Ditzingen,,,DEU
25826906,1,,Stadtkyll,,DEB,DEU
25826906,1,LOT-0000,Stadtkyll,,DEB,DEU
25823040,1,,Braunschweig,,DE9,DEU
25823040,1,LOT-0000,Braunschweig,,DE9,DEU
25823752,1,,Max-Born-Institut Für Nichtlineare Optik Und Kurzzeitspektroskopie Im Forschungsverbund Berlin E.V. Max-Born-Straße 2A 12489 Berlin,,,DEU
25823752,1,LOT-0000,Max-Born-Institut Für Nichtlineare Optik Und Kurzzeitspektroskopie Im Forschungsverbund Berlin E.V. Max-Born-Straße 2A 12489 Berlin,,,DEU
25823748,1,,Bab A 10 Km Ersatzneubau Bw57 Am Werder,,,DEU
25823748,1,LOT-0000,Bab A 10 Km Ersatzneubau Bw57 Am Werder,,,DEU
25823170,1,,Bad Grund (Harz),,DE9,DEU
25823170,1,LOT-0000,Bad Grund (Harz),,DE9,DEU
25825296,1,,Salmtal,,DEB,DEU
25825296,1,LOT-0000,Salmtal,,DEB,DEU
25823410,1,,Potsdam,,DE5,DEU
25823410,1,LOT-0000,Potsdam,,DE5,DEU
25822552,1,,Demitz-Thumitz,,DED,DEU
25822552,1,LOT-0000,Demitz-Thumitz,,DED,DEU
25823456,1,,Stadtgottesacker Gottesackerstraße 7 06108 Halle (Saale),,,DEU
25823456,1,LOT-0000,Stadtgottesacker Gottesackerstraße 7 06108 Halle (Saale),,,DEU
25822776,1,,Südliches Anhalt Ot Gröbzig,,DEE,DEU
25822776,1,LOT-0000,Südliches Anhalt Ot Gröbzig,,DEE,DEU
25823032,1,,Wurster Nordseeküste,,DE9,DEU
25823032,1,LOT-0000,Wurster Nordseeküste,,DE9,DEU
25823382,1,,Potsdam,,DE4,DEU
25823382,1,LOT-0000,Potsdam,,DE4,DEU
25823016,1,,Hannover,,DE9,DEU
25823016,1,LOT-0000,Hannover,,DE9,DEU
25823402,1,,Lauchhammer Ost,,DE4,DEU
25823402,1,LOT-0000,Lauchhammer Ost,,DE4,DEU
25822732,1,,Südeichsfeld Ot Lengenfeld U. Stein,,DEG,DEU
25822732,1,LOT-0000,Südeichsfeld Ot Lengenfeld U. Stein,,DEG,DEU
25823654,1,,Bad Vilbel,,DE7,DEU
25823654,1,LOT-0000,Bad Vilbel,,DE7,DEU
25823378,1,,Potsdam,,DE4,DEU
25823378,1,LOT-0000,Potsdam,,DE4,DEU
25825652,1,,Münster,,DEA,DEU
25825652,1,LOT-0000,Münster,,DEA,DEU
25823028,1,,Aurich,,DE9,DEU
25823028,1,LOT-0000,Aurich,,DE9,DEU
25822768,1,,Aken (Elbe),,DEE,DEU
25822768,1,LOT-0000,Aken (Elbe),,DEE,DEU
25822724,1,,Südeichsfeld Ot Diedorf,,DEG,DEU
25822724,1,LOT-0000,Südeichsfeld Ot Diedorf,,DEG,DEU
25822728,1,,Südeichsfeld Ot Lengenfeld U. Stein,,DEG,DEU
25822728,1,LOT-0000,Südeichsfeld Ot Lengenfeld U. Stein,,DEG,DEU
25822720,1,,Südeichsfeld Ot Diedorf,,DEG,DEU
25822720,1,LOT-0000,Südeichsfeld Ot Diedorf,,DEG,DEU
25822712,1,,Südeichsfeld Ot Diedorf,,DEG,DEU
25822712,1,LOT-0000,Südeichsfeld Ot Diedorf,,DEG,DEU
25822716,1,,Südeichsfeld Ot Diedorf,,DEG,DEU
25822716,1,LOT-0000,Südeichsfeld Ot Diedorf,,DEG,DEU
25822696,1,,Pleißa,,DED,DEU
25822696,1,LOT-0000,Pleißa,,DED,DEU
25822680,1,,Grimma,,DED,DEU
25822680,1,LOT-0000,Grimma,,DED,DEU
25823724,1,,"Seilerstr. 36, Frankfurt Am Main",,DE7,DEU
25823724,1,LOT-0000,"Seilerstr. 36, Frankfurt Am Main",,DE7,DEU
25827160,1,,Leipzig,,DED,DEU
25827160,1,LOT-0000,Leipzig,,DED,DEU
25825454,1,,"Rotenburg A. D. Fulda, Josef-Durstewitz-Straße 2-6",,DE7,DEU
25825454,1,LOT-0000,"Rotenburg A. D. Fulda, Josef-Durstewitz-Straße 2-6",,DE7,DEU
25822832,1,,Oberschleißheim Ot Neuherberg,,DE2,DEU
25822832,1,LOT-0000,Oberschleißheim Ot Neuherberg,,DE2,DEU
25822760,1,,Bitterfeld-Wolfen Ot Bitterfeld,,DEE,DEU
25822760,1,LOT-0000,Bitterfeld-Wolfen Ot Bitterfeld,,DEE,DEU
25822676,1,,Lommatzsch,,DED,DEU
25822676,1,LOT-0000,Lommatzsch,,DED,DEU
25822644,1,,Dresden,,DED,DEU
25822644,1,LOT-0000,Dresden,,DED,DEU
25822640,1,,Dresden-Altstadt,,DED,DEU
25822640,1,LOT-0000,Dresden-Altstadt,,DED,DEU
25823226,1,,Streckennetz Der Dvb Ag,,DED,DEU
25823226,1,LOT-0000,Streckennetz Der Dvb Ag,,DED,DEU
25825752,1,,Düsseldorf,,DEA,DEU
25825752,1,LOT-0000,Düsseldorf,,DEA,DEU
25825814,1,,Bergkamen,,DEA,DEU
25825814,1,LOT-0000,Bergkamen,,DEA,DEU
25822548,1,,Dürrröhrsdorf-Dittersbach,,DED,DEU
25822548,1,LOT-0000,Dürrröhrsdorf-Dittersbach,,DED,DEU
25822528,1,,"Sachsen-Anhalt, Landkreis Stendal",,DEE,DEU
25822528,1,LOT-0000,"Sachsen-Anhalt, Landkreis Stendal",,DEE,DEU
25823140,1,,Bei Glückstadt,,DEF,DEU
25823140,1,LOT-0000,Bei Glückstadt,,DEF,DEU
25827148,1,,Fürth,,DE2,DEU
25827148,1,LOT-0000,Fürth,,DE2,DEU
25822474,1,,Altenkunstadt,,DE2,DEU
25822474,1,LOT-0000,Altenkunstadt,,DE2,DEU
25822536,1,,Erfurt,,DEG,DEU
25822536,1,LOT-0000,Erfurt,,DEG,DEU
25825670,1,,Sonsbeck,,DEA,DEU
25825670,1,LOT-0000,Sonsbeck,,DEA,DEU
25822532,1,,Leipzig,,DED,DEU
25822532,1,LOT-0000,Leipzig,,DED,DEU
25825268,1,,Technische Hochschule Lübeck Mönkhofer Weg 239 23562 Lübeck,,DEF,DEU
25825268,1,LOT-0000,Technische Hochschule Lübeck Mönkhofer Weg 239 23562 Lübeck,,DEF,DEU
25822660,1,,Chemnitz,,DED,DEU
25822660,1,LOT-0000,Chemnitz,,DED,DEU
25822656,1,,Chemnitz,,DED,DEU
25822656,1,LOT-0000,Chemnitz,,DED,DEU
25826854,1,,"Mpi Für Polymerforschung, Ackermannweg 10, 55128 Mainz",,DEB,DEU
25826854,1,LOT-0000,"Mpi Für Polymerforschung, Ackermannweg 10, 55128 Mainz",,DEB,DEU
25826850,1,,Lindberg,,DE2,DEU
25826850,1,LOT-0000,Lindberg,,DE2,DEU
25825516,1,,Ulm,,DE2,DEU
25825516,1,LOT-0000,Ulm,,DE2,DEU
25825528,1,,Germersheim,,DEB,DEU
25825528,1,LOT-0000,Germersheim,,DEB,DEU
25825536,1,,Campus Saarbrücken,,DEC,DEU
25825536,1,LOT-0000,Campus Saarbrücken,,DEC,DEU
25825540,1,,Berlin,,DE3,DEU
25825540,1,LOT-0000,Berlin,,DE3,DEU
25825544,1,,Nürtingen,,DE1,DEU
25825544,1,LOT-0000,Nürtingen,,DE1,DEU
25825552,1,,Reichelsheim,,DE7,DEU
25825552,1,LOT-0000,Reichelsheim,,DE7,DEU
25825556,1,,Kreis Ravensburg,,DE1,DEU
25825556,1,LOT-0000,Kreis Ravensburg,,DE1,DEU
25825560,1,,Kreis Ravensburg,,DE1,DEU
25825560,1,LOT-0000,Kreis Ravensburg,,DE1,DEU
25825564,1,,Bodenseekreis,,DE1,DEU
25825564,1,LOT-0000,Bodenseekreis,,DE1,DEU
25825568,1,,Bodenseekreis,,DE1,DEU
25825568,1,LOT-0000,Bodenseekreis,,DE1,DEU
25825572,1,,Kreis Sigmaringen,,DE1,DEU
25825572,1,LOT-0000,Kreis Sigmaringen,,DE1,DEU
25825580,1,,Kreis Sigmaringen,,DE1,DEU
25825580,1,LOT-0000,Kreis Sigmaringen,,DE1,DEU
25825484,1,,Offenburg,,DE1,DEU
25825484,1,LOT-0000,Offenburg,,DE1,DEU
25823136,1,,Dessau-Roßlau,,DEE,DEU
25823136,1,LOT-0000,Dessau-Roßlau,,DEE,DEU
25824728,1,,Hannover,,DE9,DEU
25824728,1,LOT-0000,Hannover,,DE9,DEU
25824736,1,,Hannover,,DE9,DEU
25824736,1,LOT-0000,Hannover,,DE9,DEU
25824744,1,,Hannover,,DE9,DEU
25824744,1,LOT-0000,Hannover,,DE9,DEU
25823492,1,,Berlin,,DE3,DEU
25823492,1,LOT-0000,Berlin,,DE3,DEU
25825480,1,,Leonberg,,DE1,DEU
25825480,1,LOT-0000,Leonberg,,DE1,DEU
25825640,1,,Münster-Handorf,,DEA,DEU
25825640,1,LOT-0000,Münster-Handorf,,DEA,DEU
25825798,1,,Hagen,,DEA,DEU
25825798,1,LOT-0000,Hagen,,DEA,DEU
25825832,1,,Bärenbach,,DEB,DEU
25825832,1,LOT-0000,Bärenbach,,DEB,DEU
25825748,1,,Bochum,,DEA,DEU
25825748,1,LOT-0000,Bochum,,DEA,DEU
25826000,1,,Freising,,DE2,DEU
25826000,1,LOT-0000,Freising,,DE2,DEU
25826020,1,,Berlin,,DE3,DEU
25826020,1,LOT-0000,Berlin,,DE3,DEU
25826024,1,,Berlin,,DE3,DEU
25826024,1,LOT-0000,Berlin,,DE3,DEU
25826028,1,,Berlin,,DE3,DEU
25826028,1,LOT-0000,Berlin,,DE3,DEU
25826032,1,,Berlin,,DE3,DEU
25826032,1,LOT-0000,Berlin,,DE3,DEU
25826036,1,,Berlin,,DE3,DEU
25826036,1,LOT-0000,Berlin,,DE3,DEU
25826040,1,,Berlin,,DE3,DEU
25826040,1,LOT-0000,Berlin,,DE3,DEU
25826044,1,,Berlin,,DE3,DEU
25826044,1,LOT-0000,Berlin,,DE3,DEU
25826070,1,,Goettingen,,DE9,DEU
25826070,1,LOT-0000,Goettingen,,DE9,DEU
25826074,1,,Ulm,,DE1,DEU
25826074,1,LOT-0000,Ulm,,DE1,DEU
25826082,1,,Hamburg,,DE6,DEU
25826082,1,LOT-0000,Hamburg,,DE6,DEU
25826086,1,,Goettingen,,DE9,DEU
25826086,1,LOT-0000,Goettingen,,DE9,DEU
25825996,1,,Neu-Ulm,,DE2,DEU
25825996,1,LOT-0000,Neu-Ulm,,DE2,DEU
25826012,1,,Berlin,,DE3,DEU
25826012,1,LOT-0000,Berlin,,DE3,DEU
25826016,1,,Berlin,,DE3,DEU
25826016,1,LOT-0000,Berlin,,DE3,DEU
25826094,1,,Nienburg (Weser) Nienburg (Weser),,DE9,DEU
25826094,1,LOT-0000,Nienburg (Weser) Nienburg (Weser),,DE9,DEU
25826058,1,,Hornstorf Ot Rueggow,,DE8,DEU
25826058,1,LOT-0000,Hornstorf Ot Rueggow,,DE8,DEU
25826098,1,,Neumuenster,,DEF,DEU
25826098,1,LOT-0000,Neumuenster,,DEF,DEU
25825836,1,,"Kersch, Wintersdorf, Ollmuth",,DEB,DEU
25825836,1,LOT-0000,"Kersch, Wintersdorf, Ollmuth",,DEB,DEU
25827232,1,,Braunschweig,,DE9,DEU
25827232,1,LOT-0000,Braunschweig,,DE9,DEU
25827236,1,,Köln,,DEA,DEU
25827236,1,LOT-0000,Köln,,DEA,DEU
25827200,1,,Remlingen,,DE2,DEU
25827200,1,LOT-0000,Remlingen,,DE2,DEU
25825584,1,,Reutlingen,,DE1,DEU
25825584,1,LOT-0000,Reutlingen,,DE1,DEU
25823484,1,,Eschborn,,DE7,DEU
25823484,1,LOT-0000,Eschborn,,DE7,DEU
25823480,1,,Eschborn,,DE7,DEU
25823480,1,LOT-0000,Eschborn,,DE7,DEU
25823108,1,,Rosdorf,,DE9,DEU
25823108,1,LOT-0000,Rosdorf,,DE9,DEU
25823788,1,,"Franz-Sigel-Straße 59A, 76646 Bruchsal",,DE1,DEU
25823788,1,LOT-0000,"Franz-Sigel-Straße 59A, 76646 Bruchsal",,DE1,DEU
25825632,1,,Münster,,DEA,DEU
25825632,1,LOT-0000,Münster,,DEA,DEU
25826970,1,,München,,DE2,DEU
25826970,1,LOT-0000,München,,DE2,DEU
25825828,1,,Koblenz,,DEB,DEU
25825828,1,LOT-0000,Koblenz,,DEB,DEU
25823330,1,,Schwerin,,DE8,DEU
25823330,1,LOT-0000,Schwerin,,DE8,DEU
25823512,1,,Bonn,,DEA,DEU
25823512,1,LOT-0000,Bonn,,DEA,DEU
25825780,1,,Aachen,,DEA,DEU
25825780,1,LOT-0000,Aachen,,DEA,DEU
25825576,1,,Stuttgart,,DE1,DEU
25825576,1,LOT-0000,Stuttgart,,DE1,DEU
25823666,1,,Guxhagen,,DE7,DEU
25823666,1,LOT-0000,Guxhagen,,DE7,DEU
25823322,1,,Bremen,,DE5,DEU
25823322,1,LOT-0000,Bremen,,DE5,DEU
25823318,1,,Bremen,,DE5,DEU
25823318,1,LOT-0000,Bremen,,DE5,DEU
25826962,1,,Salzbergen,,DE9,DEU
25826962,1,LOT-0000,Salzbergen,,DE9,DEU
25826966,1,,Salzbergen,,DE9,DEU
25826966,1,LOT-0000,Salzbergen,,DE9,DEU
25823100,1,,Hannover,,DE9,DEU
25823100,1,LOT-0000,Hannover,,DE9,DEU
25823096,1,,Wurster Nordseeküste,,DE9,DEU
25823096,1,LOT-0000,Wurster Nordseeküste,,DE9,DEU
25826958,1,,Rubenow,,DE8,DEU
25826958,1,LOT-0000,Rubenow,,DE8,DEU
25823092,1,,Wurster Nordseeküste,,DE9,DEU
25823092,1,LOT-0000,Wurster Nordseeküste,,DE9,DEU
25823088,1,,Wurster Nordseeküste,,DE9,DEU
25823088,1,LOT-0000,Wurster Nordseeküste,,DE9,DEU
25823080,1,,Zeven,,DE9,DEU
25823080,1,LOT-0000,Zeven,,DE9,DEU
25823662,1,,Guxhagen,,DE7,DEU
25823662,1,LOT-0000,Guxhagen,,DE7,DEU
25823658,1,,Guxhagen,,DE7,DEU
25823658,1,LOT-0000,Guxhagen,,DE7,DEU
25823314,1,,Bremen,,DE5,DEU
25823314,1,LOT-0000,Bremen,,DE5,DEU
25823068,1,,Schortens,,DE9,DEU
25823068,1,LOT-0000,Schortens,,DE9,DEU
25822812,1,,Köthen (Anhalt),,DEE,DEU
25822812,1,LOT-0000,Köthen (Anhalt),,DEE,DEU
25823504,1,,Eschborn,,DE7,DEU
25823504,1,LOT-0000,Eschborn,,DE7,DEU
25823302,1,,Dessau Roßlau,,DEE,DEU
25823302,1,LOT-0000,Dessau Roßlau,,DEE,DEU
25827112,1,,Cham,,DE2,DEU
25827112,1,LOT-0000,Cham,,DE2,DEU
25825590,1,,Wassenberg,,DEA,DEU
25825590,1,LOT-0000,Wassenberg,,DEA,DEU
25823298,1,,Schwerin,,DE8,DEU
25823298,1,LOT-0000,Schwerin,,DE8,DEU
25823134,1,,Stuttgart,,DE1,DEU
25823134,1,LOT-0000,Stuttgart,,DE1,DEU
25823064,1,,Osterholz-Scharmbeck,,DE9,DEU
25823064,1,LOT-0000,Osterholz-Scharmbeck,,DE9,DEU
25823290,1,,Dessau Roßlau,,DEE,DEU
25823290,1,LOT-0000,Dessau Roßlau,,DEE,DEU
25826938,1,,Hamburg,,DE6,DEU
25826938,1,LOT-0000,Hamburg,,DE6,DEU
25823286,1,,Dessau Roßlau,,DEE,DEU
25823286,1,LOT-0000,Dessau Roßlau,,DEE,DEU
25823500,1,,Eschborn,,DE7,DEU
25823500,1,LOT-0000,Eschborn,,DE7,DEU
25823278,1,,Dessau Roßlau,,DEE,DEU
25823278,1,LOT-0000,Dessau Roßlau,,DEE,DEU
25826934,1,,Hannover,,DE9,DEU
25826934,1,LOT-0000,Hannover,,DE9,DEU
25823274,1,,Dessau Roßlau,,DEE,DEU
25823274,1,LOT-0000,Dessau Roßlau,,DEE,DEU
25823496,1,,Nordmazedonien,,DE7,DEU
25823496,1,LOT-0000,Nordmazedonien,,DE7,DEU
25826930,1,,Solingen,,DEA,DEU
25826930,1,LOT-0000,Solingen,,DEA,DEU
25825320,1,,Kita Bakede Ringstr. 7 31848 Bad Münder,,,DEU
25825320,1,LOT-0000,Kita Bakede Ringstr. 7 31848 Bad Münder,,,DEU
25823270,1,,Harsum,,DE9,DEU
25823270,1,LOT-0000,Harsum,,DE9,DEU
25822588,1,,Freiberg,,DED,DEU
25822588,1,LOT-0000,Freiberg,,DED,DEU
25825488,1,,Horb Am Neckar,,DE1,DEU
25825488,1,LOT-0000,Horb Am Neckar,,DE1,DEU
25827152,1,,Regenstauf,,DE2,DEU
25827152,1,LOT-0000,Regenstauf,,DE2,DEU
25825312,1,,,,,DEU
25825312,1,LOT-0000,,,,DEU
25823258,1,,Bad Kissingen,,DE2,DEU
25823258,1,LOT-0000,Bad Kissingen,,DE2,DEU
25827108,1,,Ingolstadt,,DE2,DEU
25827108,1,LOT-0000,Ingolstadt,,DE2,DEU
25825598,1,,Geilenkirchen,,DEA,DEU
25825598,1,LOT-0000,Geilenkirchen,,DEA,DEU
25822572,1,,Freiberg,,DED,DEU
25822572,1,LOT-0000,Freiberg,,DED,DEU
25826902,1,,Stadtgebiet Nürnberg,,DE2,DEU
25826902,1,LOT-0000,Stadtgebiet Nürnberg,,DE2,DEU
25825764,1,,Aachen,,DEA,DEU
25825764,1,LOT-0000,Aachen,,DEA,DEU
25827080,1,,Vilsbiburg,,DE2,DEU
25827080,1,LOT-0000,Vilsbiburg,,DE2,DEU
25827088,1,,Vilshofen,,DE2,DEU
25827088,1,LOT-0000,Vilshofen,,DE2,DEU
25823760,1,,Speyer,,DEB,DEU
25823760,1,LOT-0000,Speyer,,DEB,DEU
25827096,1,,Mariaposching,,DE2,DEU
25827096,1,LOT-0000,Mariaposching,,DE2,DEU
25822982,1,,Neuenstein,,DE1,DEU
25822982,1,LOT-0000,Neuenstein,,DE1,DEU
25825714,1,,Wesseling,,DEA,DEU
25825714,1,LOT-0000,Wesseling,,DEA,DEU
25826898,1,,München,,DE2,DEU
25826898,1,LOT-0000,München,,DE2,DEU
25825710,1,,Hürth,,DEA,DEU
25825710,1,LOT-0000,Hürth,,DEA,DEU
25825760,1,,Düsseldorf,,DEA,DEU
25825760,1,LOT-0000,Düsseldorf,,DEA,DEU
25827092,1,,Mariaposching,,DE2,DEU
25827092,1,LOT-0000,Mariaposching,,DE2,DEU
25826890,1,,Hamburg,,DE6,DEU
25826890,1,LOT-0000,Hamburg,,DE6,DEU
25825450,1,,Liegenschaften Entsprechend Liegenschaftsverzeichnis,,,DEU
25825450,1,LOT-0000,Liegenschaften Entsprechend Liegenschaftsverzeichnis,,,DEU
25827100,1,,Mariaposching,,DE2,DEU
25827100,1,LOT-0000,Mariaposching,,DE2,DEU
25827104,1,,Mariaposching,,DE2,DEU
25827104,1,LOT-0000,Mariaposching,,DE2,DEU
25825520,1,,Karlsruhe,,DE1,DEU
25825520,1,LOT-0000,Karlsruhe,,DE1,DEU
25822984,1,,Alfeld,,DE9,DEU
25822984,1,LOT-0000,Alfeld,,DE9,DEU
25825678,1,,Willich,,DEA,DEU
25825678,1,LOT-0000,Willich,,DEA,DEU
25822648,1,,Dresden,,DED,DEU
25822648,1,LOT-0000,Dresden,,DED,DEU
25823414,1,,Eisenhüttenstadt,,DE4,DEU
25823414,1,LOT-0000,Eisenhüttenstadt,,DE4,DEU
25826882,1,,Köln; Joseph-Stelzmann-Straße 9B; Mpi Für Biologie Des Alterns,,DEA,DEU
25826882,1,LOT-0000,Köln; Joseph-Stelzmann-Straße 9B; Mpi Für Biologie Des Alterns,,DEA,DEU
25822556,1,,Droyßig,,DEE,DEU
25822556,1,LOT-0000,Droyßig,,DEE,DEU
25826878,1,,Rotenburg (Wümme),,DE9,DEU
25826878,1,LOT-0000,Rotenburg (Wümme),,DE9,DEU
25823036,1,,Hannover,,DE9,DEU
25823036,1,LOT-0000,Hannover,,DE9,DEU
25823740,1,,Speyer,,DEB,DEU
25823740,1,LOT-0000,Speyer,,DEB,DEU
25823744,1,,,,,DEU
25823744,1,LOT-0000,,,,DEU
25825594,1,,Rheinbach,,DEA,DEU
25825594,1,LOT-0000,Rheinbach,,DEA,DEU
25823736,1,,,,,DEU
25823736,1,LOT-0000,,,,DEU
25825756,1,,Aachen,,DEA,DEU
25825756,1,LOT-0000,Aachen,,DEA,DEU
25825276,1,,,,,DEU
25825276,1,LOT-0000,,,,DEU
25822692,1,,Bautzen,,DED,DEU
25822692,1,LOT-0000,Bautzen,,DED,DEU
25822636,1,,Dresden St Schönfeld,,DED,DEU
25822636,1,LOT-0000,Dresden St Schönfeld,,DED,DEU
25823720,1,,,,,DEU
25823720,1,LOT-0000,,,,DEU
25823222,1,,Hannover,,DE9,DEU
25823222,1,LOT-0000,Hannover,,DE9,DEU
ec2ebac5-f882-4557-8f21-ab61d46d3c4a,01,,Eisfeld,98673,DEG0E,DEU
ec2ebac5-f882-4557-8f21-ab61d46d3c4a,01,LOT-0001,,,,DEU
9b81c802-39b8-4174-a4cc-a7dd42d5bc39,1,,,,,
9b81c802-39b8-4174-a4cc-a7dd42d5bc39,1,LOT-0000,,,,
06092931-df9d-48ca-bad5-0371a41ba431,2,,,,,
06092931-df9d-48ca-bad5-0371a41ba431,2,LOT-0000,,,,
f0c055e3-d0ac-45a8-8ed0-e2e7382866ac,01,,,,,
f0c055e3-d0ac-45a8-8ed0-e2e7382866ac,01,LOT-0000,,,,DEU
c7711135-fbb7-4e6d-801a-66d41155ecca,2,,,,,
c7711135-fbb7-4e6d-801a-66d41155ecca,2,LOT-0000,,,,
200ff04c-a468-4b9e-bd0f-b1b7643c3f77,1,,,,,
200ff04c-a468-4b9e-bd0f-b1b7643c3f77,1,LOT-0000,,,,
21d4f711-fe19-4cd7-aa8c-09863fb8e5dd,2,,,,,
21d4f711-fe19-4cd7-aa8c-09863fb8e5dd,2,LOT-0000,,,,
d199a92e-c6f7-4f52-921c-229ba1ccca1b,2,,,,,
d199a92e-c6f7-4f52-921c-229ba1ccca1b,2,LOT-0000,,,,
851f49ba-160c-4aec-859e-5575b9a046bb,1,,,,,
851f49ba-160c-4aec-859e-5575b9a046bb,1,LOT-0000,,,,
b0f6fa43-92ac-4e7c-a8c9-55e3487121b0,2,,,,,
b0f6fa43-92ac-4e7c-a8c9-55e3487121b0,2,LOT-0000,,,,
cb0b417c-4949-40cb-babb-8d35ac5ecb26,1,,,,,
cb0b417c-4949-40cb-babb-8d35ac5ecb26,1,LOT-0000,,,,
d7d215a3-38df-4b0e-a785-26cae0a17984,1,,,,,
d7d215a3-38df-4b0e-a785-26cae0a17984,1,LOT-0000,,,,
9532800d-f9a4-4856-bb1a-46f1763f33fb,1,,,,,
9532800d-f9a4-4856-bb1a-46f1763f33fb,1,LOT-0000,,,,
86a622d6-b5c8-42ae-8e4e-834ac610f252,2,,,,,
86a622d6-b5c8-42ae-8e4e-834ac610f252,2,LOT-0000,,,,
982091ec-4912-4b1c-b56b-828bf784f3ab,1,,,,,
982091ec-4912-4b1c-b56b-828bf784f3ab,1,LOT-0000,,,,
be63422c-a3e0-44fd-befa-6be4e0907e4b,1,,,,,
be63422c-a3e0-44fd-befa-6be4e0907e4b,1,LOT-0000,,,,
a9a248f5-fa5a-471c-8cb2-30ea888267a3,1,,,,,
a9a248f5-fa5a-471c-8cb2-30ea888267a3,1,LOT-0000,,,,
a9a248f5-fa5a-471c-8cb2-30ea888267a3,2,,,,,
a9a248f5-fa5a-471c-8cb2-30ea888267a3,2,LOT-0000,,,,
38e7a718-d91d-4334-926a-dd334c57b252,2,,,,,
38e7a718-d91d-4334-926a-dd334c57b252,2,LOT-0000,,,,
40012ccd-56fd-473b-927f-f1a120e69ccc,1,,,,,
40012ccd-56fd-473b-927f-f1a120e69ccc,1,LOT-0000,,,,
05db21f9-25d1-4f8c-bbac-8bc0a526af0e,1,,,,,
05db21f9-25d1-4f8c-bbac-8bc0a526af0e,1,LOT-0000,,,,
d142419a-39aa-42be-aebb-cc0d7b3f8938,1,,,,,
d142419a-39aa-42be-aebb-cc0d7b3f8938,1,LOT-0000,,,,
9b81c802-39b8-4174-a4cc-a7dd42d5bc39,2,,,,,
9b81c802-39b8-4174-a4cc-a7dd42d5bc39,2,LOT-0000,,,,
deb8eb79-9ac1-4e33-9b9f-90de5ac304cb,1,,,,,
deb8eb79-9ac1-4e33-9b9f-90de5ac304cb,1,LOT-0000,,,,
612e70ea-16b7-4b5f-b692-4a4f25ef11ba,2,,,,,
612e70ea-16b7-4b5f-b692-4a4f25ef11ba,2,LOT-0000,,,,
f3c3e09e-228d-45ce-8b31-a19e2230a5ef,1,,,,,
f3c3e09e-228d-45ce-8b31-a19e2230a5ef,1,LOT-0000,,,,
533019ec-0a4e-4ace-b65a-80ad779a29ec,01,,,,"UNTRANSLATED VALUE (LUTHERSCHULE TURNHALLE, DIONYSIUSSTRASSE 52, 27576 BREMERHAVEN-LEHE)",DEU
533019ec-0a4e-4ace-b65a-80ad779a29ec,01,LOT-0000,,,"UNTRANSLATED VALUE (LUTHERSCHULE TURNHALLE, DIONYSIUSSTRASSE 52, 27576 BREMERHAVEN-LEHE)",DEU
b8c743e3-0629-4d28-9e6f-5a669b05f017,01,,,,"UNTRANSLATED VALUE (LUTHERSCHULE TURNHALLE, DIONYSIUSSTRASSE 52, 27576 BREMERHAVEN-LEHE)",DEU
b8c743e3-0629-4d28-9e6f-5a669b05f017,01,LOT-0000,,,"UNTRANSLATED VALUE (LUTHERSCHULE TURNHALLE, DIONYSIUSSTRASSE 52, 27576 BREMERHAVEN-LEHE)",DEU
57f6110d-aabb-4481-b481-a36e978c631c,1,,,,,
57f6110d-aabb-4481-b481-a36e978c631c,1,LOT-0000,,,,
5decd4b2-9084-4d2d-a611-beb806f6afa5,1,,,,,
5decd4b2-9084-4d2d-a611-beb806f6afa5,1,LOT-0000,,,,
9060ffe1-8203-45ac-8b2d-cfaf33217cf9,1,,,,,
9060ffe1-8203-45ac-8b2d-cfaf33217cf9,1,LOT-0000,,,,
25cecc38-f1a3-4ca9-b27d-29acd25ad83c,5,,,,,
25cecc38-f1a3-4ca9-b27d-29acd25ad83c,5,LOT-0000,,,,
e8382197-4285-40e5-88d2-b62a25ec04e2,01,,,,,
e8382197-4285-40e5-88d2-b62a25ec04e2,01,PAR-0000,,,,
c62abfd1-f12f-483b-ad30-083a126132f6,1,,,,,
c62abfd1-f12f-483b-ad30-083a126132f6,1,LOT-0000,,,,
25827508,1,,Bonn,,DEA,DEU
25827508,1,LOT-0000,Bonn,,DEA,DEU
25827258,1,,Bundesmeisterei Stralsund,,,DEU
25827258,1,LOT-0000,Bundesmeisterei Stralsund,,,DEU
25827454,1,,"Bundesland Brandenburg, Landkreis Oberspreewald-Lausitz, 03205 Groß Jehser, Ot Mallenchen",,,DEU
25827454,1,LOT-0000,"Bundesland Brandenburg, Landkreis Oberspreewald-Lausitz, 03205 Groß Jehser, Ot Mallenchen",,,DEU
25827626,1,,"Weißensee Kunsthochschule Berlin, Bühringstr. 20, 13086 Berlin",,,DEU
25827626,1,LOT-0000,"Weißensee Kunsthochschule Berlin, Bühringstr. 20, 13086 Berlin",,,DEU
25827482,1,,"Iaf Freiburg I. Br., Tullastraße 72",,,DEU
25827482,1,LOT-0000,"Iaf Freiburg I. Br., Tullastraße 72",,,DEU
25827422,1,,"Berlin, Luisenstraße 45",,,DEU
25827422,1,LOT-0000,"Berlin, Luisenstraße 45",,,DEU
25827444,1,,Bayreuth,,DE2,DEU
25827444,1,LOT-0000,Bayreuth,,DE2,DEU
25827498,1,,"Lüneburg, Universitätsallee 1",,DE9,DEU
25827498,1,LOT-0000,"Lüneburg, Universitätsallee 1",,DE9,DEU
25827358,1,,"Münster, Josefine-Mauser-Straße 51",,DEA,DEU
25827358,1,LOT-0000,"Münster, Josefine-Mauser-Straße 51",,DEA,DEU
25827270,1,,"Unna, Kamener Straße 91-93",,DEA,DEU
25827270,1,LOT-0000,"Unna, Kamener Straße 91-93",,DEA,DEU
25827266,1,,Köln,,DEA,DEU
25827266,1,LOT-0000,Köln,,DEA,DEU
25827262,1,,Jülich,,DEA,DEU
25827262,1,LOT-0000,Jülich,,DEA,DEU
